bucket,paper_folder,title,authors,arxiv_id,date_published,s3_uri,error
new-lwfa-not-sim-1,kb-data/output/197Auγxnx1thicksim9_Reaction_Cross_Section_Measurements_using_Laser-Driven_Ultra-Intense_γ-Ray_Source,"197 Au( γ, xn ; x = 1 ∼ 9 ) Reaction Cross Section Measurements using Laser-Driven Ultra-Intense γ -Ray Source","197 Au( γ, xn ; x = 1 ∼ 9 ) Reaction Cross Section Measurements using Laser-Driven Ultra-Intense γ -Ray Source; Di Wu, 1, 2 Haoyang Lan, 1, 2 Jianyao Zhang, 1, 2 Jiaxing Liu, 1, 2 Huangang Lu, 1, 2 Jianfeng Lv, 1, 2 Xuezhi Wu, 1, 2 Hui Zhang, 1, 2 Jie Cai, 1, 2 Qianyi Ma, 1, 2 Yuhui Xia, 1, 2 Zhenan Wang, 1, 2 Meizhi Wang, 1, 2 Zhiyan Yang, 1, 2 Xinlu Xu, 1, 2 Yixing Geng, 1, 2 Yanying Zhao, 1, 2 Chen Lin, 1, 2 Wenjun Ma, 1, 2 Jinqing Yu, 3 Haoran Wang, 4 Fulong Liu, 4 Chuangye He, 4 Bing Guo, 4 Ping Zhu, 5 Guoqiang Zhang, 6 Naiyan Wang, 4 Yugang Ma, 7 and Xueqing Yan 1, 2, ∗; 1 State Key Laboratory of Nuclear Physics and Technology,",,"November 27, 2023",s3://new-lwfa-not-sim-1/kb-data/output/197Auγxnx1thicksim9_Reaction_Cross_Section_Measurements_using_Laser-Driven_Ultra-Intense_γ-Ray_Source/structured.json,
new-lwfa-not-sim-1,kb-data/output/3D_printing_of_gas_jet_nozzles_for_laser-plasma_accelerators,3D printing of gas jet nozzles for laser-plasma accelerators,"A. D¨ opp, E. Guillaume, C. Thaury, J. Gautier, K. Ta Phuoc, and V. Malka; LOA, ENSTA ParisTech - CNRS -´ Ecole Polytechnique - Universit´ e Paris-Saclay, 828 Boulevard des Mar´ echaux, 91762 Palaiseau Cedex, France; The paper is structured as follows: First, we give an overview of gas targets for laser wakefield acceleration and the most common 3D printing technologies. Then we present results using different techniques and compare their performance. Last, we discuss how 3D printed nozzles perform in experiments on laser-driven electron acceleration and what are the merits of the technology in this special field of applications.",,,s3://new-lwfa-not-sim-1/kb-data/output/3D_printing_of_gas_jet_nozzles_for_laser-plasma_accelerators/structured.json,
new-lwfa-not-sim-1,kb-data/output/A_compact_tunable_polarized_X-ray_source_based_on_laser-plasma_helical_undulators,A compact tunable polarized X-ray source based on laser-plasma helical undulators,"J. Luo 1 , 2 , M. Chen 1 , 2 ∗ , M. Zeng 1 , 2 , J. Vieira 3 , L.L. Yu 1 , 2 , S.M. Weng 1 , 2 , L.O. Silva 3 , D.A. Jaroszynski 4 , Z.M. Sheng 1 , 2 , 4 † , and J. Zhang 1 , 2; 1 Key Laboratory for Laser Plasmas (Ministry of Education) and Department of Physics and Astronomy, Shanghai Jiao Tong University, Shanghai, 200240, China.; 2 Collaborative Innovation Center of IFSA (CICIFSA), Shanghai Jiao Tong University, Shanghai 200240, China.",,,s3://new-lwfa-not-sim-1/kb-data/output/A_compact_tunable_polarized_X-ray_source_based_on_laser-plasma_helical_undulators/structured.json,
new-lwfa-not-sim-1,kb-data/output/A_laser-plasma_platform_for_photon-photon_physics,A laser-plasma platform for photon-photon physics,"Kettle 1 , D. Hollatz 2 , 3 , E. Gerstmayr 1 , G.M. Samarin 4 ,; Alejo 4 , S. Astbury 5 , C. Baird 6 , S. Bohlen 7 , M. Campbell 8 ,; Colgan 1 , D. Dannheim 8 , C. Gregory 5 , H. Harsh 2 , 3 ,",0910.0974,,s3://new-lwfa-not-sim-1/kb-data/output/A_laser-plasma_platform_for_photon-photon_physics/structured.json,
new-lwfa-not-sim-1,kb-data/output/A_preliminary_analysis_for_efficient_laser_wakefield_acceleration,A preliminary analysis for efficient laser wakefield acceleration,"Dip. di Matematica ed Applicazioni, Universit` a di Napoli 'Federico II', and INFN, Sezione di Napoli,; Napoli, Italy.; where a, b are ξ H -periodic in ξ , and b has zero mean over the period ξ H ( Z ) given by (20). We study the formation of the PW and its WB where ˆ J ≤ 0 (section III), as well as the optimization of the LWFA of self-injected e -s (section IV). By causality, crucial results keep valid for realistic pulses with a finite spot size (section V) and deserve further investigations.",,,s3://new-lwfa-not-sim-1/kb-data/output/A_preliminary_analysis_for_efficient_laser_wakefield_acceleration/structured.json,
new-lwfa-not-sim-1,kb-data/output/Acceleration_of_Electrons_in_Plasma,Acceleration of Electrons in Plasma,"Proceedings of the 2019 CERN-Accelerator-School course on High Gradient Wakefield Accelerators, Sesimbra, (Portugal); University of Michigan, Ann Arbor, Michigan, U.S.A.; The main schemes of electron acceleration are divided into ""PWFA"" schemes and ""LWFA"" schemes. ""PWFA"" stands for Plasma WakeField Accelerator, but generally refers to plasma wakefields generated by particle beams specifically. ""LWFA"" stands for Laser WakeField Accelerator. These schemes also have other acronyms in the literature, including ""LPA"" and ""PWA"". The typical parameters, including",,,s3://new-lwfa-not-sim-1/kb-data/output/Acceleration_of_Electrons_in_Plasma/structured.json,
new-lwfa-not-sim-1,kb-data/output/Achieving_High_Efficiency_And_Enhanced_Beam_Quality_In_Laser_Wakefield_Acceleration,Achieving High Efficiency And Enhanced Beam Quality In Laser Wakefield Acceleration,"Jia Wang, 1, 2 Ming Zeng, 1, ∗ Dazhang Li, 1, † Wentao Wang, 2, ‡ Song Li, 2 Ke Feng, 2 and Jie Gao 1; 1 Institute of High Energy Physics, Chinese Academy of Sciences, Beijing 100049, China; State Key Laboratory of High Field Laser Physics and CAS Center for Excellence in Ultra-intense Laser Science, Shanghai Institute of Optics and Fine Mechanics (SIOM),",,"January 1, 2026",s3://new-lwfa-not-sim-1/kb-data/output/Achieving_High_Efficiency_And_Enhanced_Beam_Quality_In_Laser_Wakefield_Acceleration/structured.json,
new-lwfa-not-sim-1,kb-data/output/All-optical_blast_wave_control_of_laser_wakefield_acceleration_in_near_critical_plasma,All-optical blast wave control of laser wakefield acceleration in near critical plasma,"I. Tsymbalov, 1, 2, ∗ D. Gorlova, 1, 2 K. Ivanov, 1, 3 E. Starodubtseva, 1 R. Volkov, 1 I.; Tsygvintsev, 4 Yu. Kochetkov, 5 Ph. Korneev, 5 A. Polonski, 2 and A. Savel'ev 1, 3; 1 Faculty of Physics, Lomonosov Moscow State University, 119991, Moscow, Russia",,,s3://new-lwfa-not-sim-1/kb-data/output/All-optical_blast_wave_control_of_laser_wakefield_acceleration_in_near_critical_plasma/structured.json,
new-lwfa-not-sim-1,kb-data/output/All-optical_source_size_and_emittance_measurements_of_laser-accelerated_electron_beams,All-optical source size and emittance measurements of laser-accelerated electron beams,"F. C. Salgado, 1, 2, 3, ∗ A. Kozan, 1, 2, 3 D. Seipt, 1, 2, 3 D. Hollatz, 1, 2, 3 P. Hilz, 1, 2, 3; M. Kaluza, 1, 2, 3 A. S¨ avert, 1, 2, 3 A. Seidel, 1, 2, 3 D. Ullmann, 1, 2, 3 Y. Zhao, 1, 2, 3 and M. Zepf 1, 2, 3; Institute of Optics and Quantum Electronics, Friedrich-Schiller-Universit¨ at, Max-Wien-Platz 1, 07743 Jena, Germany",1901.10370,"July 1, 2024",s3://new-lwfa-not-sim-1/kb-data/output/All-optical_source_size_and_emittance_measurements_of_laser-accelerated_electron_beams/structured.json,
new-lwfa-not-sim-1,kb-data/output/An_Overview_of_Recent_Progress_in_Laser_Wakefield_Acceleration_Experiments,An Overview of Recent Progress in Laser Wakefield Acceleration Experiments,"John Adams Institute for Accelerator Science, Blackett Laboratory, Imperial College London, UK; This paper will examine how the maximum achievable beam energy has progressed over the last decade, and will use a set of published results [5-9,15-60] to try to understand some of the physics behind",,,s3://new-lwfa-not-sim-1/kb-data/output/An_Overview_of_Recent_Progress_in_Laser_Wakefield_Acceleration_Experiments/structured.json,
new-lwfa-not-sim-1,kb-data/output/Analytic_model_of_stable_shock-like_structures_in_laser_interaction_with_underdense_plasma_for_identifying_of_phase_and_polarization_dependent_regime_of_laser_wakefield_accelerators,Analytic model of stable shock-like structures in laser interaction with underdense plasma for identifying of phase and polarization dependent regime of laser wakefield accelerators,"Junjue Liao 1 , Jihoon Kim 2 , and Gennady Shvets 2; 1 Zhiyuan College, Shanghai Jiao Tong University, Shanghai 200240, China and; 2 School of Applied and Engineering Physics, Cornell University, Ithaca, NY 14850, United States of America",,"October 24, 2024",s3://new-lwfa-not-sim-1/kb-data/output/Analytic_model_of_stable_shock-like_structures_in_laser_interaction_with_underdense_plasma_for_identifying_of_phase_and_polarization_dependent_regime_of_laser_wakefield_accelerators/structured.json,
new-lwfa-not-sim-1,kb-data/output/Arbitrary-velocity_laser_pulses_in_plasma_waveguides,Arbitrary-velocity laser pulses in plasma waveguides,"J.P. Palastro, 1, ∗ K.G. Miller, 1, † M. R. Edwards, 2 A.L. Elliott, 1 L.S. Mack, 1 D. Singh, 2 and A.G.R. Thomas 3; University of Rochester, Laboratory for Laser Energetics,; Rochester, New York 14623-1299 USA 2 Department of Mechanical Engineering, Stanford University, Stanford, California 94305, USA 3 G´ erard Mourou Center for Ultrafast Optical Science, University of Michigan, Ann Arbor, Michigan 48109, USA (Dated: March 21, 2025)",,"March 21, 2025",s3://new-lwfa-not-sim-1/kb-data/output/Arbitrary-velocity_laser_pulses_in_plasma_waveguides/structured.json,
new-lwfa-not-sim-1,kb-data/output/Attenuation_of_waveguide_modes_in_narrow_metal_capillaries,Attenuation of waveguide modes in narrow metal capillaries,"P.V.Tuev 1, 2 and K.V.Lotov 1, 2; 1) Budker Institute of Nuclear Physics SB RAS, 630090, Novosibirsk, Russia; 2) Novosibirsk State University, 630090, Novosibirsk, Russia",,,s3://new-lwfa-not-sim-1/kb-data/output/Attenuation_of_waveguide_modes_in_narrow_metal_capillaries/structured.json,
new-lwfa-not-sim-1,kb-data/output/Automation_and_control_of_laser_wakefield_accelerators_using_Bayesian_optimisation,Automation and control of laser wakefield accelerators using Bayesian optimisation,"R.J. Shalloo, 1, ∗ S.J.D. Dann, 2 J.-N. Gruse, 1 C.I.D. Underwood, 3 A.F. Antoine, 4 C. Arran, 3 M. Backhouse, 1 C.D. Baird, 3, 2 M.D. Balcazar, 4 N. Bourgeois, 2 J.A. Cardarelli, 4 P. Hatfield, 5 J. Kang, 6 K. Krushelnick, 4 S.P.D. Mangles, 1 C.D. Murphy, 3 N. Lu, 7 J. Osterhoff, 8 K. Põder, 8 P.P. Rajeev, 2 C.P. Ridgers, 3 S. Rozario, 1; M.P. Selwood, 3 A.J. Shahani, 7 D.R. Symes, 2 A.G.R. Thomas, 4 C. Thornton, 2 Z. Najmudin, 1 and M.J.V. Streeter 1; The John Adams Institute for Accelerator Science,",1901.08436,"November 30, 2020",s3://new-lwfa-not-sim-1/kb-data/output/Automation_and_control_of_laser_wakefield_accelerators_using_Bayesian_optimisation/structured.json,
new-lwfa-not-sim-1,kb-data/output/Beam_current_from_downramp_injection_in_electron-driven_plasma_wakefields,Beam current from downramp injection in electron-driven plasma wakefields,"Despite some advantages such as the long dephasing length and a more stable wakefield structure, PWFAs saw comparatively less development than LWFAs because the sources of short (comparable to plasma wavelength) electron bunches with a high enough current to excite a nonlinear wake were not widely available. Recently, the concept of hybrid LWFA-PWFA multi-staged plasma accelerators (Hidding et al. 2010; Kurz et al. 2021;",,,s3://new-lwfa-not-sim-1/kb-data/output/Beam_current_from_downramp_injection_in_electron-driven_plasma_wakefields/structured.json,
new-lwfa-not-sim-1,kb-data/output/Beyond_optimization_--_supervised_learning_applications_in_relativistic_laser-plasma_experiments,Beyond optimization - supervised learning applications in relativistic laser-plasma experiments,"Jinpu Lin, 1, a) Qian Qian, 1 Jon Murphy, 1 Abigail Hsu, 2 Yong Ma, 1 Alfred Hero, 3 Alexander G.R. Thomas, 1 and Karl Krushelnick 1; 1) Center for Ultrafast Optical Science, University of Michigan, Ann Arbor, Michigan 48109, USA; 2) Department of Applied Mathematics and Statistics, Stoney Brook University, Stony Brook, NY 11794, USA",2005.07746,,s3://new-lwfa-not-sim-1/kb-data/output/Beyond_optimization_--_supervised_learning_applications_in_relativistic_laser-plasma_experiments/structured.json,
new-lwfa-not-sim-1,kb-data/output/Bounding_elastic_photon-photon_scattering_at_sqrt_s_approx_1MeV_using_a_laser-plasma_platform,Bounding elastic photon-photon scattering at √ s ≈ 1 MeV using a laser-plasma platform,"R. Watt a , B. Kettle a , E. Gerstmayr a , B. King b , A. Alejo e , S. Astbury h , C. Baird i , S. Bohlen d , M. Campbell p , C. Colgan a ,; D. Dannheim p , C. Gregory h , H. Harsh f,g , P. Hatfield 1 , J. Hinojosa c , D. Hollatz f,g , Y. Katzir h , J. Morton k , C.D. Murphy i , A. Nurnberg p , J. Osterho ff d , G. Pérez-Callejo m , K. Põder d , P.P. Rajeev h , C. Roedel f , F. Roeder g , F.C. Salgado f,g , G.M. Samarin e , G. Sarri e , A. Seidel f,g , C. Spindloe h , S. Steinke n , M.J.V. Streeter e,o , A.G.R. Thomas c,o , C. Underwood i , W. Wu a , M. Zepf f,g , a; S.J. Rose , S.P.D. Mangles a a The John Adams Institute for Accelerator Science, Imperial College London, London, SW7 2AZ, UK,",1702.01625,"February 4, 2025",s3://new-lwfa-not-sim-1/kb-data/output/Bounding_elastic_photon-photon_scattering_at_sqrt_s_approx_1MeV_using_a_laser-plasma_platform/structured.json,
new-lwfa-not-sim-1,kb-data/output/Bright_X-ray_radiation_from_plasma_bubbles_in_an_evolving_laser_wakefield_accelerator,Bright x-ray radiation from plasma bubbles in an evolving laser wakefield accelerator,"M.S. Bloom, 1 M.J.V. Streeter, 1, ∗ S. Kneip, 1 R.A. Bendoyro, 2 O. Cheklov, 3 J. M. Cole, 1 A. D¨ opp, 1, 4, 5; C.J. Hooker, 3 J. Holloway, 6 J. Jiang, 2 N.C. Lopes, 1, 2 H. Nakamura, 1 P.A. Norreys, 3 P.P. Rajeev, 3 3 1, 4 1 6 1 1, †; D.R. Symes, J. Schreiber, J. C. Wood, M. Wing, Z. Najmudin, and S.P.D. Mangles",,"May 7, 2020",s3://new-lwfa-not-sim-1/kb-data/output/Bright_X-ray_radiation_from_plasma_bubbles_in_an_evolving_laser_wakefield_accelerator/structured.json,
new-lwfa-not-sim-1,kb-data/output/Capturing_Structural_Dynamics_in_Crystalline_Silicon_Using_Chirped_Electrons_from_a_Laser_Wakefield_Accelerator,Capturing Structural Dynamics in Crystalline Silicon Using Chirped Electrons from a Laser Wakefield Accelerator,"Z.-H He , B. Beaurepaire , J. A. Nees , G. Gall´ e , S. A. Scott , J. R. S´ anchez P´ erez , M. G. Lagally 3 , K. Krushelnick 1 , A. G. R. Thomas 1,4 , and J. Faure 2; 1 Center for Ultrafast Optical Science, University of Michigan, Ann Arbor, MI 48109-2099 USA; 2 LOA, ENSTA ParisTech, CNRS, ´ Ecole polytechnique, Universit´ e Paris-Saclay, Palaiseau, France",,,s3://new-lwfa-not-sim-1/kb-data/output/Capturing_Structural_Dynamics_in_Crystalline_Silicon_Using_Chirped_Electrons_from_a_Laser_Wakefield_Accelerator/structured.json,
new-lwfa-not-sim-1,kb-data/output/Carrier-Envelope_Phase_Controlled_Electron_Injection_into_a_Laser-Wakefield_Accelerator,Carrier-Envelope Phase Controlled Electron Injection into a Laser-Wakefield Accelerator,"Jihoon Kim 1,a) , Tianhong Wang 1 , Vladimir Khudik 1,2 and Gennady Shvets 1; 1 School of Applied and Engineering Physics, Cornell University, Ithaca, NY 14850, USA.; 2 Department of Physics and Institute for Fusion Studies, The University of Texas at Austin, Austin, TX 78712, USA.",,,s3://new-lwfa-not-sim-1/kb-data/output/Carrier-Envelope_Phase_Controlled_Electron_Injection_into_a_Laser-Wakefield_Accelerator/structured.json,
new-lwfa-not-sim-1,kb-data/output/Characterisation_of_Laser_Wakefield_Acceleration_Efficiency_with_Octave_Spanning_Near-IR_Spectrum_Measurements,Characterisation of Laser Wakefield Acceleration Efficiency with Octave Spanning Near-IR Spectrum Measurements,"M.J.V. Streeter, 1, 2, 3, * Y. Ma, 4, 1, 2 B. Kettle, 3 S.J.D. Dann, 1, 2 E. Gerstmayr, 3 F. Albert, 5; N. Bourgeois, 6 S. Cipiccia, 7 J.M. Cole, 3 I. Gallardo Gonz´ alez, 8 A.E. Hussein, 4, 9; D.A. Jaroszynski, 10, 1 K. Falk, 11, 12, 13 K. Krushelnick, 4 N. Lemos, 5 N.C. Lopes, 3, 14 C. Lumsdon, 15",,"December 21, 2022",s3://new-lwfa-not-sim-1/kb-data/output/Characterisation_of_Laser_Wakefield_Acceleration_Efficiency_with_Octave_Spanning_Near-IR_Spectrum_Measurements/structured.json,
new-lwfa-not-sim-1,kb-data/output/Characterization_of_Supersonic_Jet_and_Shock_Wave_with_High-Resolution_Quantitative_Schlieren_Imaging,Characterization of Supersonic Jet and Shock Wave with High-Resolution Quantitative Schlieren Imaging,"Yung-Kun Liu ∗ 1,2 , Ching-En Lin 1,2 , Jiwoo Nam 1,2 , and Pisin Chen † 1,2; 1 Leung Center for Cosmology and Particle Astrophysics, National Taiwan University, Taipei 10617, Taiwan, R.O.C. 2 Department of Physics, National Taiwan University, Taipei 10617, Taiwan, R.O.C.; Keywords: Schlieren imaging, Quantitative Schlieren, Supersonic jet, Shock wave, Highresolution imaging",,,s3://new-lwfa-not-sim-1/kb-data/output/Characterization_of_Supersonic_Jet_and_Shock_Wave_with_High-Resolution_Quantitative_Schlieren_Imaging/structured.json,
new-lwfa-not-sim-1,kb-data/output/Coherent_ultra-broadband_laser-assisted_injection_radiation_from_a_laser_plasma_accelerator,Coherent ultra-broadband laser-assisted injection radiation from a laser plasma accelerator,"B. Miao, L. Feder, J. Elle, A. J. Goers, D. Woodbury, F. Salehi, J. K. Wahlstrand, and  H. M. Milchberg *; Institute for Research in Electronics and Applied Physics, University of Maryland, College Park, MD 20742",,,s3://new-lwfa-not-sim-1/kb-data/output/Coherent_ultra-broadband_laser-assisted_injection_radiation_from_a_laser_plasma_accelerator/structured.json,
new-lwfa-not-sim-1,kb-data/output/Collective_deceleration_toward_a_compact_beam_dump,Collective deceleration: toward a compact beam dump,"H.-C. Wu 1 , T. Tajima 1,2 , D. Habs 1,2 , A.W. Chao 3 , J. Meyer-ter-Vehn 1; 1 Max-Planck-Institut für Quantenoptik, D-85748 Garching, Germany; 2 Fakultät für Physik, Ludwig-Maximilians-Universität München, D-85748 Garching, Germany",,,s3://new-lwfa-not-sim-1/kb-data/output/Collective_deceleration_toward_a_compact_beam_dump/structured.json,
new-lwfa-not-sim-1,kb-data/output/Compact_LWFA-Based_Extreme_Ultraviolet_Free_Electron_Laser_design_constraints,Compact LWFA-Based Extreme Ultraviolet Free Electron Laser: design constraints,"Alexander Molodozhentsev GLYPH<3> , Konstantin O. Kruchinin; Institute of Physics ASCR, v.v.i. (FZU), ELI-Beamlines, Za Radnici 835 Dolni Brezany 25241, Czech Republic; Keywords: laser wake field acceleration, free electron laser, electron beam transport",,,s3://new-lwfa-not-sim-1/kb-data/output/Compact_LWFA-Based_Extreme_Ultraviolet_Free_Electron_Laser_design_constraints/structured.json,
new-lwfa-not-sim-1,kb-data/output/Compact_polarized_X-ray_source_based_on_all-optical_inverse_Compton_scattering,Compact polarized X-ray source based on all-optical inverse Compton scattering,"Department of Engineering Physics, Tsinghua University, Beijing 100084, China and Institute of High Energy Physics, Chinese Academy of Science, Beijing 100049, China; Jianfei Hua, Dexiang Liu, Yunxiao He, Tianliang Zhang, Jiucheng Chen, Fan Yang, Xiaonan Ning, Hongze Zhang, and Yingchao Du Department of Engineering Physics, Tsinghua University, Beijing 100084, China; Department of Engineering Physics, Tsinghua University, Beijing 100084, China and Beijing Academy of Quantum Information Sciences, Beijing 100193, China",1612.09403,,s3://new-lwfa-not-sim-1/kb-data/output/Compact_polarized_X-ray_source_based_on_all-optical_inverse_Compton_scattering/structured.json,
new-lwfa-not-sim-1,kb-data/output/Compton_recoil_effects_in_staging_of_laser_wakefield_accelerators,Compton recoil effects in staging of laser wakefield accelerators,"M.J.V.Streeter 1 and Z. Najmudin 1; The John Adams Institute for Accelerator Science, Imperial College London, London, SW7 2AZ, UK (Dated: July 23, 2020); An LWFA consists of an electron plasma wave driven by the ponderomotive force of an intense laser pulse. The phase velocity of this plasma wave is determined by the group velocity of the laser in the plasma; v g = c √ 1 -( ω p /ω 0 ) 2 , where ω p = √ n e e 2 /glyph[epsilon1] 0 m e is the plasma frequency for a plasma of density n e , and ω 0 is the laser frequency. For low plasma density ( ω p glyph[lessmuch] ω 0 ), the Lorentz factor associated with the plasma wave is",,"July 23, 2020",s3://new-lwfa-not-sim-1/kb-data/output/Compton_recoil_effects_in_staging_of_laser_wakefield_accelerators/structured.json,
new-lwfa-not-sim-1,kb-data/output/Controlling_injection_using_a_magnetic_field_to_produce_sub-femtosecond_bunches_in_the_laser_wakefield_accelerator,Controlling injection using a magnetic field to produce sub-femtosecond bunches in the laser wakefield accelerator,"Q. Zhao 1 , 2 , S. M. Weng 1 , 2 , † , M. Chen 1 , 2 , M. Zeng 3 , B. Hidding 4 , 5 ,D. A. Jaroszynski 4 , 5 , R. Assmann 3 , Z. M. Sheng 1 , 2 , 4 , 5 , ‡; 1 Key Laboratory for Laser Plasmas (MoE), Department of Physics and Astronomy, Shanghai Jiao Tong University, Shanghai 200240, China; 2 Collaborative Innovation Center of IFSA, Shanghai Jiao Tong University, Shanghai 200240, China",,,s3://new-lwfa-not-sim-1/kb-data/output/Controlling_injection_using_a_magnetic_field_to_produce_sub-femtosecond_bunches_in_the_laser_wakefield_accelerator/structured.json,
new-lwfa-not-sim-1,kb-data/output/Controlling_the_spectrum_of_x-rays_generated_in_a_laser-plasma_accelerator_by_tailoring_the_laser_wavefront,Controlling the spectrum of x-rays generated in a laser-plasma accelerator by tailoring the laser wavefront,"S. P. D. Mangles 1 , G. Genoud 2 , S. Kneip 1 , M. Burza 2 , K. Cassou 3 ,; B. Cros 3 , N. P. Dover 1 , C. Kamperidis 2 , Z. Najmudin 1 ,; A. Persson 2 , J. Schreiber 1 , F. Wojda 3 , and C.-G. Wahlstr¨ om 2",,,s3://new-lwfa-not-sim-1/kb-data/output/Controlling_the_spectrum_of_x-rays_generated_in_a_laser-plasma_accelerator_by_tailoring_the_laser_wavefront/structured.json,
new-lwfa-not-sim-1,kb-data/output/Convergence_in_nonlinear_laser_wakefield_accelerators_modeling_in_a_Lorentz-boosted_frame,Convergence in nonlinear laser wakefield accelerators modeling in a Lorentz-boosted frame,"meters [7]. To eliminate altogether the numerical dispersion, Haber et al. introduced a pseudo-spectral analytical time-domain (PSATD) algorithm [8], which has no CFL limit, offers substantial flexibility in plasma and particle beam simulations, and is more stable with regard to Numerical Cerenkov instability [9].",1711.01613,,s3://new-lwfa-not-sim-1/kb-data/output/Convergence_in_nonlinear_laser_wakefield_accelerators_modeling_in_a_Lorentz-boosted_frame/structured.json,
new-lwfa-not-sim-1,kb-data/output/Demonstration_of_ultra-low_emittance_beams_in_a_kHz_laser_wakefield_accelerator_and_application_to_electron_diffraction,Demonstration of ultra-low emittance beams in a kHz laser wakefield accelerator and application to electron diffraction,"J. Monzac, 1, ∗ S. Smartsev, 1 J. Huijts, 1 A. Vernier, 1 I. A. Andriyash, 1 V. Tomkus, 2 V. Girdauskas, 2, 3 G. Raciukaitis, 2; M. Mackeviˇ ci¯ ut˙ e, V. Stankevic, A. Cavagna, J. Kaur, A. Kalouguine, R. Lopez-Martens, and J. Faure; 1 Laboratoire d'Optique Appliqu´ ee (LOA), CNRS, ´ Ecole polytechnique,",,"February 16, 2026",s3://new-lwfa-not-sim-1/kb-data/output/Demonstration_of_ultra-low_emittance_beams_in_a_kHz_laser_wakefield_accelerator_and_application_to_electron_diffraction/structured.json,
new-lwfa-not-sim-1,kb-data/output/Design_of_a_prototype_laser-plasma_injector_for_the_DESY-II_synchrotron,Design of a prototype laser-plasma injector for the DESY-II synchrotron,"S. A. Antipov 1 , ∗ A. Ferran Pousa 1 , I. Agapov 1 , R. Brinkmann 1 , A. R. Maier 1 , S. Jalas 2 , L. Jeppe 2 ,; M. Kirchen 2 , W. P. Leemans 1,3 , A. Martinez de la Ossa 1 , J. Osterhoff 1 , M. Th´ evenet 1 , and P. Winkler 1,2; 1 Deutsches Elektronen-Synchrotron DESY, Notkestr. 85, 22607 Hamburg, Germany",,"July 13, 2021",s3://new-lwfa-not-sim-1/kb-data/output/Design_of_a_prototype_laser-plasma_injector_for_the_DESY-II_synchrotron/structured.json,
new-lwfa-not-sim-1,kb-data/output/Development_of_an_achromatic_spectrometer_for_a_laser-wakefield-accelerator_experiment,INTRODUCTION,"Plasma accelerators show a large potential for use in accelerator facilities thanks to their large accelerating gradients of up to 100 GV/m. In its essence, a plasma wakefield accelerator transfers the energy of a driving bunch or laser pulse to a trailing bunch through the fields driven in the plasma. For applications requiring high energies, many stages with a new driver at each stage will be required to accelerate a bunch.; The SPARTA project [2,3] is developing a nonlinear active plasma lens to provide viable staging optics, potentially solving one of the major remaining milestones in plasmawakefield acceleration. While proving a viable concept of staging is the final goal, the suitability of such a nonlinear active plasma lens can be demonstrated with a simpler application in plasma accelerators.; Laser-driven plasma-wakefield acceleration (LWFA) has been demonstrated across many different experiments and facilities with varying beam qualities, while they have usually",,,s3://new-lwfa-not-sim-1/kb-data/output/Development_of_an_achromatic_spectrometer_for_a_laser-wakefield-accelerator_experiment/structured.json,
new-lwfa-not-sim-1,kb-data/output/Dimuon_production_by_laser-wakefield_accelerated_electrons,Dimuon production by laser-wakefield accelerated electrons,"A.I. Titov a,b,c , B. K¨ ampfer a,d and H. Takabe c a Forschungzentrum Dresden-Rossendorf, 01314 Dresden, Germany; b Bogoliubov Laboratory of Theoretical Physics, JINR, Dubna 141980, Russia c Institute of Laser Engineering, Yamada-oka, Suita, Osaka 565-0871, Japan; d Institut f¨ ur Theoretische Physik, TU Dresden, 01062 Dresden, Germany",0710.4947,,s3://new-lwfa-not-sim-1/kb-data/output/Dimuon_production_by_laser-wakefield_accelerated_electrons/structured.json,
new-lwfa-not-sim-1,kb-data/output/Dual-energy_electron_beams_from_a_compact_laser-driven_accelerator,Dual-energy electron beams from a compact laser-driven accelerator,"J. Wenz ∗ , 1, 2 A. D¨ opp ∗ , † , 1, 2 K. Khrennikov ∗ , 1, 2 S. Schindler, 1, 2 M. Gilljohann, 1, 2 H. Ding, 1, 2; G¨ otzfried, 1 A. Buck, 1, 2 J. Xu, 2, 3 M. Heigoldt, 1, 2 W. Helml, 1, 4, 5 L. Veisz, 2, 6 and S. Karsch † 1, 2; 1 Ludwig-Maximilians-Universit¨ at M¨ unchen, Am Coulombwall 1, 85748 Garching, Germany",,,s3://new-lwfa-not-sim-1/kb-data/output/Dual-energy_electron_beams_from_a_compact_laser-driven_accelerator/structured.json,
new-lwfa-not-sim-1,kb-data/output/Dynamics_of_Femtosecond_Electron_Bunches,Dynamics_of_Femtosecond_Electron_Bunches,"A. G. Khachatryan, A. Irman, F. A. van Goor, and K.-J. Boller; Faculty of Science and Technology, MESA+ Institute, University of Twente, P.O. Box 217,; 7500 AE Enschede, The Netherlands",,,s3://new-lwfa-not-sim-1/kb-data/output/Dynamics_of_Femtosecond_Electron_Bunches/structured.json,
new-lwfa-not-sim-1,kb-data/output/Efficient_injection_of_radiation-pressure-accelerated_sub-relativistic_protons_into_laser_wakefield_acceleration_based_on_10_PW_lasers,Efficient injection of radiation-pressure-accelerated sub-relativistic protons into laser wakefield acceleration based on 10 PW lasers,"M. Liu, 1, 2 S. M. Weng, 1, 2, a) H. C. Wang, 1, 2 M. Chen, 1, 2 Q. Zhao, 1, 2 Z. M. Sheng, 1, 2, 3, b) M. Q. He, 4 Y. T. Li, 2, 5, 6 and J. Zhang 1, 2; Key Laboratory for Laser Plasmas (MoE), School of Physics and Astronomy, Shanghai Jiao Tong University, Shanghai 200240, China; 2) Collaborative Innovation Center of IFSA, Shanghai Jiao Tong University, Shanghai 200240, China",,,s3://new-lwfa-not-sim-1/kb-data/output/Efficient_injection_of_radiation-pressure-accelerated_sub-relativistic_protons_into_laser_wakefield_acceleration_based_on_10_PW_lasers/structured.json,
new-lwfa-not-sim-1,kb-data/output/Electromagnetic_radiation_from_a_laser_wakefield_accelerator,Electromagnetic_radiation_from_a_laser_wakefield_accelerator,,,,s3://new-lwfa-not-sim-1/kb-data/output/Electromagnetic_radiation_from_a_laser_wakefield_accelerator/structured.json,
new-lwfa-not-sim-1,kb-data/output/Electron_self-injection_threshold_for_the_tandem-pulse_laser_wakefield_accelerator,Electron self-injection threshold for the tandem-pulse laser wakefield accelerator,"Zahra M. Chitgar, 1, a) Paul Gibbon, 1, 2 Jürgen Böker, 3 Andreas Lehrach, 3, 4 and Markus Büscher 5, 6; 1) Institute for Advanced Simulation, Jülich Supercomputing Centre, Forschungszentrum Jülich, D-52425 Jülich, Germany; Centre for Mathematical Plasma Astrophysics, Katholieke Universiteit Leuven, 3000 Leuven, Belgium",1611.09543,,s3://new-lwfa-not-sim-1/kb-data/output/Electron_self-injection_threshold_for_the_tandem-pulse_laser_wakefield_accelerator/structured.json,
new-lwfa-not-sim-1,kb-data/output/Energy_Bunching_from_Sub-Cycle_Ionization_Injection_in_Laser_Wakefield_Acceleration,Energy Bunching from Sub-Cycle Ionization Injection in Laser Wakefield Acceleration,"A. Angella, ∗ E. L¨ ofquist, C. Gustafsson, V. Poulain,; C. Guo, A. Persson, P. Eng-Johnsson, C.-G. Wahlstr¨ om, and O. Lundh; Department of Physics, Lund University, P.O. Box 118, SE-22100 Lund, Sweden",2019.0318,"August 14, 2025",s3://new-lwfa-not-sim-1/kb-data/output/Energy_Bunching_from_Sub-Cycle_Ionization_Injection_in_Laser_Wakefield_Acceleration/structured.json,
new-lwfa-not-sim-1,kb-data/output/Energy_limitation_of_laser-plasma_electron_accelerators,Energy limitation of laser-plasma electron accelerators,"D.E. Cardenas, 1, 2 S. Chou, 1, 2 J. Xu, 1, 3 L. Hofmann, 1, 2 A. Buck, 1, 2; K. Schmid, 1, 2 C.M.S. Sears, 1, 2 D.E. Rivas, 1, 2 B. Shen, 3 and L. Veisz 1; 1 Max-Planck-Institut f¨ ur Quantenoptik, Hans-Kopfermann Strasse 1, 85748, Garching, Germany",,"November 15, 2021",s3://new-lwfa-not-sim-1/kb-data/output/Energy_limitation_of_laser-plasma_electron_accelerators/structured.json,
new-lwfa-not-sim-1,kb-data/output/Enhanced_laser-driven_electron_beam_acceleration_due_to_ionization-induced_injection,Enhanced laser-driven electron beam acceleration due to ionization-induced injection,", Thomas Sokollik, Ming Zeng,; Song Li, Nasr A. M. Hafz  , Mohammed Mirzaie *** Min Chen, Zhengming Sheng, and Jie Zhang ; Key Laboratory for Laser Plasmas (Ministry of Education) and Department of Physics and Astronomy, Shanghai Jiao Tong University, Shanghai 200240, China Corresponding authors:  nasr@sjtu.edu.cn, and  jzhang1@sjtu.edu.cn",,,s3://new-lwfa-not-sim-1/kb-data/output/Enhanced_laser-driven_electron_beam_acceleration_due_to_ionization-induced_injection/structured.json,
new-lwfa-not-sim-1,kb-data/output/Experimental_characterisation_of_a_single-shot_spectrometer_for_high-flux_GeV-scale_gamma-ray_beams,"Experimental characterisation of a single-shot spectrometer for high-flux, GeV-scale gamma-ray beams","Experimental characterisation of a single-shot spectrometer for high-flux, GeV-scale gamma-ray beams; N. Cavanagh, 1 K. Fleck, 1 M.J.V. Streeter, 1 E. Gerstmayr, 1 L.T. Dickson, 2; C. Ballage, 2 R. Cadas, 2 L. Calvin, 1 S. Dobosz Dufrénoy, 3 I. Moulanier, 2",2308.00515,,s3://new-lwfa-not-sim-1/kb-data/output/Experimental_characterisation_of_a_single-shot_spectrometer_for_high-flux_GeV-scale_gamma-ray_beams/structured.json,
new-lwfa-not-sim-1,kb-data/output/Experimental_demonstration_of_mice_tumor_control_with_a_laser-accelerated_high-energy_electron_radiotherapy_prototype,Experimental demonstration of mice tumor control with a laser-accelerated high-energy electron radiotherapy prototype,"Zhiyuan Guo a , 1 Shuang Liu a , 1 Bing Zhou a , 1, 2 Junqi Liu a , 3 Haiyang Wang a , 3 Yang Wan, 2,4, † Yifei Pi, 3 Xiaoyan Wang, 3 Yingyi Mo, 3 Bo Guo, 5 Jianfei Hua, 1 and Wei Lu 1, ‡; 1 Department of Engineering Physics, Tsinghua University, Beijing 100084, China 2 School of Physics, Zhengzhou University, Zhengzhou, 450001, China 3 Department of Radiation Oncology, The First Affiliated Hospital of Zhengzhou University, Zhengzhou 450052, China 4 Beijing Academy of Artificial Intelligence, Beijing 100084, China 5; Beijing Academy of Quantum Information Sciences, Beijing 100193, China",,,s3://new-lwfa-not-sim-1/kb-data/output/Experimental_demonstration_of_mice_tumor_control_with_a_laser-accelerated_high-energy_electron_radiotherapy_prototype/structured.json,
new-lwfa-not-sim-1,kb-data/output/Experimental_evidence_of_radiation_reaction_in_the_collision_of_a_high-intensity_laser_pulse_with_a_laser-wakefield_accelerated_electron_beam,Experimental evidence of radiation reaction in the collision of a high-intensity laser pulse with a laser-wakefield accelerated electron beam,"J. M. Cole, 1, ∗ K. T. Behm, 2 E. Gerstmayr, 1 T. G. Blackburn, 3 J. C. Wood, 1 C. D. Baird, 4; M. J. Duff, 5 C. Harvey, 3 A. Ilderton, 3, 6 A. S. Joglekar, 7 K. Krushelnick, 2 S. Kuschel, 8 M. Marklund, 3; P. McKenna, 5 C. D. Murphy, 4 K. Poder, 1 C. P. Ridgers, 4 G. M. Samarin, 9 G. Sarri, 9 D. R. Symes, 10",,"January 8, 2018",s3://new-lwfa-not-sim-1/kb-data/output/Experimental_evidence_of_radiation_reaction_in_the_collision_of_a_high-intensity_laser_pulse_with_a_laser-wakefield_accelerated_electron_beam/structured.json,
new-lwfa-not-sim-1,kb-data/output/Extended_X-ray_absorption_spectroscopy_using_an_ultrashort_pulse_laboratory-scale_laser-plasma_accelerator,Extended X-ray absorption spectroscopy using an ultrashort pulse laboratory-scale laser-plasma accelerator,"1 1 1 1,2; Brendan Kettle* , Cary Colgan , Eva E. Los , Elias Gerstmayr , Matthew J. V. Streeter 2 , Felicie Albert 3 , Sam Astbury 4 , Rory A. Baggott 1 , Niall Cavanagh 2 , Kateˇ rina Falk 5,6,7 , Timothy I. Hyde 8 , Olle Lundh 9 , Rajeev P. Pattathil 4 , Dave Riley 2 , Steven J. Rose 1 , Gianluca Sarri 2 , Chris Spindloe 4 , Kristoffer Svendsen 9 , Dan R. Symes 4 , Michal ˇ Sm´ ıd 5 , Alec G. R. Thomas 10 , Chris Thornton 4 , Robbie Watt 1,11 , and Stuart; 8 Johnson Matthey Technology Centre, Blount's Court, Sonning Common, Reading, RG4 9NH, United Kingdom 9 Department of Physics, Lund University, P.O. Box 118, S-22100, Lund, Sweden",2211.07963,,s3://new-lwfa-not-sim-1/kb-data/output/Extended_X-ray_absorption_spectroscopy_using_an_ultrashort_pulse_laboratory-scale_laser-plasma_accelerator/structured.json,
new-lwfa-not-sim-1,kb-data/output/Far-field_constant-gradient_laser_accelerator_of_electrons_in_an_ion_channel,Far-field constant-gradient laser accelerator of electrons in an ion channel,"Vladimir Khudik, Xi Zhang, and Gennady Shvets The University of Texas at Austin, Austin, Texas 78712, USA",1404.7373,,s3://new-lwfa-not-sim-1/kb-data/output/Far-field_constant-gradient_laser_accelerator_of_electrons_in_an_ion_channel/structured.json,
new-lwfa-not-sim-1,kb-data/output/Femtosecond_electron_and_x-ray_source_based_on_laser_wakefield_accelerator,Femtosecond electron and x-ray source based on laser wakefield accelerator,"Dmitri A. Oulianov a , Yuelin Li b , Robert A. Crowell a , Ilya A. Shkrob a , David J. Gosztola a , Oleg J. Korovyanko a , Roberto C. Rey-de-Castro a a Chemistry Division, Argonne National Laboratory, Argonne, IL 60439 b Accelerator Systems Division, Argonne National Laboratory, Argonne, IL 60439; Keywords: Femtosecond x-ray generation, Thomson scattering, laser wakefield electron acceleration, ultrafast x-ray absorption spectroscopy, ultrafast pulse radiolysis, terawatt lasers.",,,s3://new-lwfa-not-sim-1/kb-data/output/Femtosecond_electron_and_x-ray_source_based_on_laser_wakefield_accelerator/structured.json,
new-lwfa-not-sim-1,kb-data/output/First_direct_observation_of_a_wakefield_generated_with_structured_light,First Direct Observation of a Wakefield Generated with Structured Light,"Aaron Liberman 1,3,* , Anton Golovanov 1,3 , Slava Smartsev 1 , Sheroy Tata 1 , Igor A. Andriyash 2 , Salome Benracassa 1 , Eitan Y. Levine 1 , Eyal Kroupp 1 , Victor Malka 1; 1 Department of Physics of Complex Systems, Weizmann Institute of Science, Rehovot 7610001, Israel.; 2 Laboratoire d'Optique Appliqu´ ee, ENSTA Paris, CNRS, Ecole polytechnique, Institut Polytechnique de Paris, 828 Bd des Mar´ echaux, 91762 Palaiseau, France.",2403.12191,,s3://new-lwfa-not-sim-1/kb-data/output/First_direct_observation_of_a_wakefield_generated_with_structured_light/structured.json,
new-lwfa-not-sim-1,kb-data/output/Generating_1040MeV_high_quality_monoenergetic_electron_beams_using_a_5TW_60fs_laser_at_Tsinghua_University,Generating 10 ∼ 40MeV high quality monoenergetic electron beams using a 5TW 60fs laser at Tsinghua University ∗,"J. F. Hua, † L. X. Yan, C. H. Pai, C. J. Zhang, F. Li, Y. Wan, Y. P. Wu, X. L. Xu, Y. C. Du, W. H. Huang, H. B. Chen, C. X. Tang, and W. Lu; Department of Engineering Physics,; Tsinghua University, Beijing 100084, China",,"February 14, 2014",s3://new-lwfa-not-sim-1/kb-data/output/Generating_1040MeV_high_quality_monoenergetic_electron_beams_using_a_5TW_60fs_laser_at_Tsinghua_University/structured.json,
new-lwfa-not-sim-1,kb-data/output/Generating_sub-TeV_quasi-monoenergetic_proton_beam_by_an_ultra-relativistically_intense_laser_in_the_snowplow_regime,Generating sub-TeV quasi-monoenergetic proton beam by an ultra-relativistically intense laser in the snowplow regime,"F.L.Zheng, 1, 2 H.Y.Wang, 1 X.Q.Yan, 1, 3, ∗ J.E.Chen, 1 Y.R.Lu, 1 Z.Y.Guo, 1 T.Tajima, 4 and X.T.He 1, †; 1 Center for Applied Physics and Technology, State Key Laboratory of; Nuclear Physics and Technology,Peking University, Beijing 100871, China",,"March 2, 2022",s3://new-lwfa-not-sim-1/kb-data/output/Generating_sub-TeV_quasi-monoenergetic_proton_beam_by_an_ultra-relativistically_intense_laser_in_the_snowplow_regime/structured.json,
new-lwfa-not-sim-1,kb-data/output/Generation_and_characterization_of_coherent_terahertz_radiation_from_100-TW_laser-wakefield_acceleration,Generation and characterization of coherent terahertz radiation from 100-TW laser-wakefield acceleration,"Taegyu Pak 1,2,3 , Dae Hee Wi 1,2 , Sang Beom Kim 1,2 , Jaewon Lim 1,2 , Jae Hee Sung 1,4 , Seong Ku Lee 1,4 , and Ki-Yong Kim 1,2,5 †; 1 Center for Relativistic Laser Science, Institute for Basic Science, Gwangju 61005, Korea Department of Physics and Photon Science, Gwangju Institute of Science and Technology,; 2 Gwangju 61005, Korea",,,s3://new-lwfa-not-sim-1/kb-data/output/Generation_and_characterization_of_coherent_terahertz_radiation_from_100-TW_laser-wakefield_acceleration/structured.json,
new-lwfa-not-sim-1,kb-data/output/Generation_of_electron_beams_from_a_laser-based_advanced_accelerator_at_Shanghai_Jiao_Tong_University,Abstract,"Ahmed M. M. Elsied, Nasr A. M. Hafz, a) Song Li, Mohammad Mirzaie, Thomas Sokollik,; Key Laboratory for Laser Plasmas (MOE) and Department of Physics & Astronomy,; Shanghai Jiao Tong University, Shanghai 200240, China.",,,s3://new-lwfa-not-sim-1/kb-data/output/Generation_of_electron_beams_from_a_laser-based_advanced_accelerator_at_Shanghai_Jiao_Tong_University/structured.json,
new-lwfa-not-sim-1,kb-data/output/Generation_of_stable_ultra-relativistic_attosecond_electron_bunches_via_the_laser_wakefield_acceleration_mechanism,Generation of stable ultra-relativistic attosecond electron bunches via the laser wakefield acceleration mechanism,"M.J.H. Luttikhof, ∗ A.G. Khachatryan, F.A. van Goor, and K.-J. Boller; Faculty of Science and Technology and MESA+ Institute,; University of Twente, P.O. Box 217, 7500 AE Enschede, The Netherlands",,"July 17, 2021",s3://new-lwfa-not-sim-1/kb-data/output/Generation_of_stable_ultra-relativistic_attosecond_electron_bunches_via_the_laser_wakefield_acceleration_mechanism/structured.json,
new-lwfa-not-sim-1,kb-data/output/Guided_mode_evolution_and_ionization_injection_in_meter-scale_multi-GeV_laser_wakefield_accelerators,Guided mode evolution and ionization injection in meter-scale multi-GeV laser wakefield accelerators,"J.E. Shrock 1 , E. Rockafellow 1 , B. Miao 1 , M. Le 1 , R.C. Hollinger 2 , S. Wang 2 , A.J. Gonsalves 3 , A. Picksley 3 , J.J. Rocca 2,4 , and H.M. Milchberg 1,5; In  this  paper,  we  present  experiments  and  simulations  demonstrating  that  laser  intensity oscillations from a general mode beating effect -active whether or not the injected laser is linearly",,,s3://new-lwfa-not-sim-1/kb-data/output/Guided_mode_evolution_and_ionization_injection_in_meter-scale_multi-GeV_laser_wakefield_accelerators/structured.json,
new-lwfa-not-sim-1,kb-data/output/Hard_X-rays_from_laser-wakefield_accelerators_in_density_tailored_plasmas,Hard X-rays from laser-wakefield accelerators in density tailored plasmas,"1, 2 3 4 4; Michaela Kozlova, Igor Andriyash, Julien Gautier, Stephane Sebban, Slava Smartsev, 3 Noemie Jourdain, 5 Uddhab Chulagain, 5 Yasmina Azamoum, 4 Amar Tafzi, 4 Jean-Philippe Goddet, 4 Cedric Thaury, 4 Antoine Rousse, 4 and Kim Ta Phuoc 4, ∗; 1 ELI Beamlines, Institute of Physics CAS, Prague, 182 21, Czech Republic 2 Institute of Plasma Physics, CAS, v.v.i., Za Slovankou 3, 182 21 Prague 8, Czech Republic 3 Department of Physics of Complex Systems, Weizmann Institute of Science, Rehovot 7610001, Israel 4 Laboratoire d'Optique Appliqu´ ee, ENSTA, CNRS UMR7639, Ecole Polytechnique, Chemin de la Huni` ere,91761 Palaiseau, France. 5 ELI Beamlines, Dolni Brezani, Czech Republic",,"September 17, 2019",s3://new-lwfa-not-sim-1/kb-data/output/Hard_X-rays_from_laser-wakefield_accelerators_in_density_tailored_plasmas/structured.json,
new-lwfa-not-sim-1,kb-data/output/High-charge_10_GeV_electron_acceleration_in_a_10_cm_nanoparticle-assisted_hybrid_wakefield_accelerator,Acceleration  of  a  high-charge  electron  bunch  to  10  GeV  in  a  10  cm nanoparticle-assisted wakefield accelerator,"1. University of Texas at Austin, Austin, Texas, 78712, USA; 2. Tau Systems Inc., Austin, Texas, 78701, USA; 3. Lawrence Livermore National Laboratory, Livermore, California, 94550, USA",2005.1727,,s3://new-lwfa-not-sim-1/kb-data/output/High-charge_10_GeV_electron_acceleration_in_a_10_cm_nanoparticle-assisted_hybrid_wakefield_accelerator/structured.json,
new-lwfa-not-sim-1,kb-data/output/High-repetition-rate_all-reflective_optical_guiding_and_electron_acceleration_in_helium_using_an_off-axis_axicon,"High-repetition-rate, all-reflective optical guiding and electron acceleration in helium using an o ff -axis axicon","December 5, 2025; High-repetition-rate, all-reflective optical guiding and electron acceleration in helium using an o ff -axis axicon; Jiˇ r´ ı ˇ Siˇ sma 1,2 , Michal Nevrkla 1,2 , Filip Vitha 1,2 , Sebastian Lorenz 1 , Illia Zymak 1 , Alˇ zbˇ eta ˇ Sp´ adov´ a 1,2 , Andrea",,"December 5, 2025",s3://new-lwfa-not-sim-1/kb-data/output/High-repetition-rate_all-reflective_optical_guiding_and_electron_acceleration_in_helium_using_an_off-axis_axicon/structured.json,
new-lwfa-not-sim-1,kb-data/output/High-throughput_injection-acceleration_of_electron_bunches_from_a_linear_accelerator_to_a_laser_wakefield_accelerator,High-throughput injection-acceleration of electron bunches from a linear accelerator to a laser wakefield accelerator,"Yipeng Wu,; Yu Fang,; 1,2",1308.1145,,s3://new-lwfa-not-sim-1/kb-data/output/High-throughput_injection-acceleration_of_electron_bunches_from_a_linear_accelerator_to_a_laser_wakefield_accelerator/structured.json,
new-lwfa-not-sim-1,kb-data/output/High_brightness_multi-MeV_photon_source_driven_by_a_petawatt-scale_laser_wakefield_accelerator,High brightness multi-MeV photon source driven by a petawatt-scale laser wakefield accelerator,"E. Gerstmayr 1 , ∗ , B. Kettle 2 , M.J.V. Streeter 1 , L. Tudor 3 , O.J. Finlay 4 , L.E. Bradley 2 ,; R. Fitzgarrald 5 , T. Foster 1 , P. Gellersen 6 , A.E. Gunn 2 , O. Lawrence 6 , P.P. Rajeev 4 , B.K. Russell 7 ,; D.R. Symes 4 , C.D. Murphy 6 , A.G.R. Thomas 5 , C.P. Ridgers 6 , G. Sarri 1 , and S.P.D. Mangles 2",,"October 16, 2025",s3://new-lwfa-not-sim-1/kb-data/output/High_brightness_multi-MeV_photon_source_driven_by_a_petawatt-scale_laser_wakefield_accelerator/structured.json,
new-lwfa-not-sim-1,kb-data/output/Highly_efficient_angularly_resolving_x-ray_spectrometer_optimized_for_absorption_measurements_with_collimated_sources,Highly efficient angularly resolving x-ray spectrometer optimized for absorption measurements with collimated sources,"M. ˇ Sm´ ıd, 1, ∗ I. Gallardo Gonz´ alez, 2 H. Ekerfelt, 2 J. Bj¨ orklund Svensson, 2; M. Hansson, J.C. Wood, A. Persson, S.P.D. Mangles, O. Lundh, and K. Falk; 1 Institute of Physics of the ASCR, ELI-Beamlines, 18221 Prague, Czech Republic",,"November 14, 2018",s3://new-lwfa-not-sim-1/kb-data/output/Highly_efficient_angularly_resolving_x-ray_spectrometer_optimized_for_absorption_measurements_with_collimated_sources/structured.json,
new-lwfa-not-sim-1,kb-data/output/Improvement_of_Properties_of_Self-Injected_and_Accelerated_Electron_Bunch_by_Laser_Pulse_in_Plasma,"IMPROVEMENT OF PROPERTIES OF SELF-INJECTED AND ACCELERATED ELECTRON BUNCH BY LASER PULSE IN PLASMA, USING PULSE PRECURSOR","DOI:10.26565GLYPH<c=18,font=/HFHNAE+TimesNewRoman,Bold> 2 3 1 2-4 3 34 -20 19-2-10; EasW Eur. J. Phys. 2 . 64-68 GLYPH<c=11,font=/HFHNAE+TimesNewRoman,Bold>20 19GLYPH<c=12,font=/HFHNAE+TimesNewRoman,Bold>; IMPROVEMENT OF PROPERTIES OF SELF-INJECTED AND ACCELERATED ELECTRON BUNCH BY LASER PULSE IN PLASMA, USING PULSE PRECURSOR",,"April 8, 2019",s3://new-lwfa-not-sim-1/kb-data/output/Improvement_of_Properties_of_Self-Injected_and_Accelerated_Electron_Bunch_by_Laser_Pulse_in_Plasma/structured.json,
new-lwfa-not-sim-1,kb-data/output/Influence_of_realistic_parameters_on_state-of-the-art_LWFA_experiments,Influence of realistic parameters on state-of-the-art LWFA experiments,"J. Vieira 1 , 5 , S. F. Martins 1 , F. Fi´ uza 1 ,C.K. Huang 2 , W. B. Mori 3 , S.P.D. Mangles 4 , S. Kneip 4 , S. Nagel 4 , Z. Najmudin 4 , L.O. Silva 1 , 6; 1 GoLP/Instituto de Plasmas e Fus˜ ao Nuclear-Laborat´ orio Associado, Instituto Superior T´ ecnico, 1049-001 Lisboa, Portugal; 2 Los Alamos National Laboratory, Los Alamos, New Mexico 87545",,,s3://new-lwfa-not-sim-1/kb-data/output/Influence_of_realistic_parameters_on_state-of-the-art_LWFA_experiments/structured.json,
new-lwfa-not-sim-1,kb-data/output/Laser-accelerated_low_divergence_15_MeV_quasi-monoenergetic_electron_bunches_at_1_kHz,"Laser-accelerated, low divergence 15 MeV quasi-monoenergetic electron bunches at 1 kHz","Laser-accelerated, low divergence 15 MeV quasi-monoenergetic electron bunches at 1 kHz; F. Salehi, M. Le, L. Railing, and H. M. Milchberg; Institute for Research in Electronics and Applied Physics University of Maryland, College Park, MD 20742",2006.10566,,s3://new-lwfa-not-sim-1/kb-data/output/Laser-accelerated_low_divergence_15_MeV_quasi-monoenergetic_electron_bunches_at_1_kHz/structured.json,
new-lwfa-not-sim-1,kb-data/output/Laser-plasma_acceleration_beyond_wave_breaking,Laser-plasma acceleration beyond wave breaking,"J.P. Palastro 1 , B. Malaca 2 , J. Vieira 2 , D. Ramsey 1 , T.T. Simpson 1; , P. Franke 1 , J.L. Shaw 1 , and D.H. Froula 1; 1 University of Rochester, Laboratory for Laser Energetics, Rochester, New York 14623, USA 2 GoLP/Instituto de Plasmas e Fus‹o Nuclear, Instituto Superior TŽcnico, Universidade de",,,s3://new-lwfa-not-sim-1/kb-data/output/Laser-plasma_acceleration_beyond_wave_breaking/structured.json,
new-lwfa-not-sim-1,kb-data/output/Laser_Driven_Ultra-compact_Undulator_for_Synchrotron_Radiation,Laser Driven Ultra-compact Undulator for Synchrotron Radiation,"Junhao Tan 1,2 , Yifei Li 1,2 , Baojun Zhu 1,2 , Changqing Zhu 1,2 , Jinguang Wang 1,2 , Dazhang Li 1,2 , Liming Chen 1,2,3,5,*; 1 Beijing National Laboratory of Condensed Matter Physics, Institute of Physics, Chinese Academy of Sciences, Beijing 100190, China; 2 School of Physical Sciences, University of Chinese Academy of Science, Beijing 100190, China",,,s3://new-lwfa-not-sim-1/kb-data/output/Laser_Driven_Ultra-compact_Undulator_for_Synchrotron_Radiation/structured.json,
new-lwfa-not-sim-1,kb-data/output/Laser_Pulse-Electron_Beam_Synergy_An_Approach_to_Higher_Electron_Energy_Gain_in_Laser_Wakefield_Accelerators,Laser Pulse-Electron Beam Synergy: An Approach to Higher Electron Energy Gain in Laser Wakefield Accelerators,"S. Barzegar and A. R. Niknam ∗; Laser and Plasma Research Institute, Shahid Beheshti University, Tehran 1983969411, Iran; (Dated: September 1, 2021)",,"September 1, 2021",s3://new-lwfa-not-sim-1/kb-data/output/Laser_Pulse-Electron_Beam_Synergy_An_Approach_to_Higher_Electron_Energy_Gain_in_Laser_Wakefield_Accelerators/structured.json,
new-lwfa-not-sim-1,kb-data/output/Laser_Shaping_and_Optimization_of_the_Laser-Plasma_Interaction,Laser Shaping and Optimization of the Laser-Plasma Interaction,"Stanford Linear Accelerator Center, Stanford University, Stanford, CA 94305; Department of Physics, University of California at Berkeley, Berkeley, CA 94720 †",,,s3://new-lwfa-not-sim-1/kb-data/output/Laser_Shaping_and_Optimization_of_the_Laser-Plasma_Interaction/structured.json,
new-lwfa-not-sim-1,kb-data/output/Laser_Wakefield_Acceleration_Using_Wire_Produced_Double_Density_Ramps,Laser Wakefield Acceleration Using Wire Produced Double Density Ramps,"M. Hansson, 1; M. Burza, 1 A. Gonoskov, 2 , 3 K. Svensson, 1 F. Wojda, 1 A. Persson, 1 G. Genoud, 1 M. Marklund, 2 C.-G. Wahlstr¨ om 1 and O. Lundh 1; 1 Department of Physics, Lund University, P.O. Box 118, SE-221 00 Lund, Sweden",,"September 15, 2021",s3://new-lwfa-not-sim-1/kb-data/output/Laser_Wakefield_Acceleration_Using_Wire_Produced_Double_Density_Ramps/structured.json,
new-lwfa-not-sim-1,kb-data/output/Laser_Wakefield_Acceleration_of_Particle_in_a_Plasma,Laser_Wakefield_Acceleration_of_Particle_in_a_Plasma,,,,s3://new-lwfa-not-sim-1/kb-data/output/Laser_Wakefield_Acceleration_of_Particle_in_a_Plasma/structured.json,
new-lwfa-not-sim-1,kb-data/output/Laser_Wakefield_Accelerators,Laser Wakefield Accelerators,"John Adams Institute for Accelerator Science, The Blackett Laboratory, Imperial College London, UK; The one-dimensional wakefield generation equations are solved for increasing levels of non-linearity, to demonstrate how they contribute to the overall behaviour of a non-linear wakefield in a plasma. The effect of laser guiding is also studied as a way to increase the interaction length of a laser wakefield accelerator.; Large amplitude relativistic plasma waves, driven in the wake of a relativistic driver passing through a plasma, are a potential linear accelerator system [1]. This is commonly called a wakefield accelerator. The plasma, being already ionized, can support accelerating fields many orders of magnitude greater than in conventional accelerators. Indeed, at the time of writing, reports of energy gains of ∼ 1 GeV in distances of centimetres are now becoming common [2-5].",,,s3://new-lwfa-not-sim-1/kb-data/output/Laser_Wakefield_Accelerators/structured.json,
new-lwfa-not-sim-1,kb-data/output/Longitudinal_Laser_Shaping_in_Laser_Wakefield_Accelerators,Longitudinal Laser Shaping in Laser Wakefield Accelerators,"(1) Department of Physics, University of California, Berkeley, CA 94720; (2) Stanford Linear Accelerator Center, Stanford University, Stanford, CA 94309; (October 24, 2018)",,"October 24, 2018",s3://new-lwfa-not-sim-1/kb-data/output/Longitudinal_Laser_Shaping_in_Laser_Wakefield_Accelerators/structured.json,
new-lwfa-not-sim-1,kb-data/output/Longitudinal_bunch_profile_diagnostics_in_the_50fs_range_using_coherent_Smith-Purcell_radiation,Longitudinal bunch profile diagnostics in the 50fs range using coherent Smith-Purcell radiation.,"Nicolas Delerue, George Doucas, Ewen Maclean and Armin Reichold; The John Adams Institute, Dept. of Physics, Denys Wilkinson Building, University of Oxford, Oxford, UK.",,,s3://new-lwfa-not-sim-1/kb-data/output/Longitudinal_bunch_profile_diagnostics_in_the_50fs_range_using_coherent_Smith-Purcell_radiation/structured.json,
new-lwfa-not-sim-1,kb-data/output/Longitudinal_shaping_of_plasma_waveguides_using_diffractive_axicons_for_laser_wakefield_acceleration,Longitudinal shaping of plasma waveguides using diffractive axicons for laser wakefield acceleration,"N. Tripathi, B. Miao, A. Sloss, E. Rockafellow, J. E. Shrock, S. W. Hancock, H. M. Milchberg; 1 Institute of Research in Electronics and Applied Physics and Dept. of Physics, University of Maryland, College Park, Maryland 20742, USA *milch@umd.edu; A  class  of  infinite  aperture 𝑧 -propagating  solutions  to  the Helmholtz wave equation is the Bessel beam [30,31]",,,s3://new-lwfa-not-sim-1/kb-data/output/Longitudinal_shaping_of_plasma_waveguides_using_diffractive_axicons_for_laser_wakefield_acceleration/structured.json,
new-lwfa-not-sim-1,kb-data/output/Low-Density_Hydrodynamic_Optical-Field-Ionized_Plasma_Channels_Generated_With_An_Axicon_Lens,Low-Density Hydrodynamic Optical-Field-Ionized Plasma Channels Generated With An Axicon Lens,"R. J. Shalloo, 1, ∗ C. Arran, 1, † A. Picksley, 1 A. von Boetticher, 1 L. Corner, 2 J. Holloway, 1; G. Hine, 3, ‡ J. Jonnerby, 1 H. M. Milchberg, 3 C. Thornton, 4 R. Walczak, 1 and S. M. Hooker 1, §; 1 John Adams Institute for Accelerator Science and Department of Physics,",,"April 30, 2019",s3://new-lwfa-not-sim-1/kb-data/output/Low-Density_Hydrodynamic_Optical-Field-Ionized_Plasma_Channels_Generated_With_An_Axicon_Lens/structured.json,
new-lwfa-not-sim-1,kb-data/output/MP3_White_Paper_2021_--_Research_Opportunities_Enabled_by_Co-locating_Multi-Petawatt_Lasers_with_Dense_Ultra-Relativistic_Electron_Beams,Research Opportunities Enabled by Co-locating Multi-Petawatt Lasers,"Sebastian Meuren, 1, ∗ David A. Reis, 1, † Roger Blandford, 2 Phil H. Bucksbaum, 1 Nathaniel; J. Fisch, 3 Frederico Fiuza, 4 Elias Gerstmayr, 1 Siegfried Glenzer, 4 Mark J. Hogan, 4 Claudio Pellegrini, 4 Michael E. Peskin, 4 Kenan Qu, 3 Glen White, 4 and Vitaly Yakimenko 4; 1 Stanford PULSE Institute, SLAC National Accelerator Laboratory, Menlo Park, CA 94025",2002.10051,"May 26, 2021",s3://new-lwfa-not-sim-1/kb-data/output/MP3_White_Paper_2021_--_Research_Opportunities_Enabled_by_Co-locating_Multi-Petawatt_Lasers_with_Dense_Ultra-Relativistic_Electron_Beams/structured.json,
new-lwfa-not-sim-1,kb-data/output/Meter-scale_supersonic_gas_jets_for_multi-GeV_laser-plasma_accelerators,Meter-scale supersonic gas jets for multi-GeV laser-plasma accelerators,"B. Miao, J. E. Shrock, E. Rockafellow, A. Sloss and H. M. Milchberg; Institute for Research in Electronics and Applied Physics, University of Maryland, College Park, Maryland 20742, USA; In this paper, we present the development of two types of meter-scale, low density, supersonic gas  jet.  The  first  type  is  a  30-cm-long  single-module  jet  applied  in  recent  research  to  deliver",2408.00740,,s3://new-lwfa-not-sim-1/kb-data/output/Meter-scale_supersonic_gas_jets_for_multi-GeV_laser-plasma_accelerators/structured.json,
new-lwfa-not-sim-1,kb-data/output/Modelling_of_pulse_train_generation_for_resonant_laser_wakefield_acceleration_using_a_delay_mask,Modelling of pulse train generation for resonant laser wakefield acceleration using a delay mask,"G. Vantaggiato a , L. Labate a,b, ∗ , P. Tomassini a , L.A. Gizzi a,b; Intense Laser Irradiation Laboratory, INO-CNR, Pisa, Italy b Istituto Nazionale di Fisica Nucleare, Sez. Pisa, Italy; Keywords: Laser wakefield acceleration, Multi-pulse generation",,"September 17, 2018",s3://new-lwfa-not-sim-1/kb-data/output/Modelling_of_pulse_train_generation_for_resonant_laser_wakefield_acceleration_using_a_delay_mask/structured.json,
new-lwfa-not-sim-1,kb-data/output/Monte_Carlo_modelling_of_the_linear_Breit-Wheeler_process_within_the_GEANT4_framework,Monte Carlo modelling of the linear Breit-Wheeler process within the GEANT4 framework,"To demonstrate the capabilities of this module, we use it to perform a parameter scan, modelling an experiment based on that recently reported by Kettle et al. [1]. We show that colliding 50 fs duration γ -rays, produced through bremsstrahlung emission of a 100 pC, 2 GeV laser wakefield accelerator beam, with a 50 ps X-ray field, generated by a germanium burn-through foil heated to temperatures > 150 eV, this experiment is capable of producing > 1 Breit-Wheeler pair per shot.",1101.2522,"February 9, 2023",s3://new-lwfa-not-sim-1/kb-data/output/Monte_Carlo_modelling_of_the_linear_Breit-Wheeler_process_within_the_GEANT4_framework/structured.json,
new-lwfa-not-sim-1,kb-data/output/Multi-GeV_electron_bunches_from_an_all-optical_laser_wakefield_accelerator,Multi-GeV electron bunches from an all-optical laser wakefield accelerator,"B. Miao 1, ∗ , J.E. Shrock 1,* , L. Feder 1,* , R. C. Hollinger 2 , J. Morrison 2 , R. Nedbailo 2 , A. Picksley 3 , H. Song 2 , S. Wang 2 , J.J. Rocca 2,4 , and H.M. Milchberg 1,5,†; 1 Institute for Research in Electronics and Applied Physics & Dept. of Physics, University of Maryland, College Park, MD 20742, USA; 2 Department of Electrical and Computer Engineering, Colorado State University, Fort Collins, CO 80523, USA",,,s3://new-lwfa-not-sim-1/kb-data/output/Multi-GeV_electron_bunches_from_an_all-optical_laser_wakefield_accelerator/structured.json,
new-lwfa-not-sim-2,kb-data/output/Multi-Pulse_Laser_Wakefield_Acceleration_A_New_Route_to_Efficient_High-Repetition-Rate_Plasma_Accelerators_and_High_Flux_Radiation_Sources,"Multi-Pulse Laser Wakefield Acceleration: A New Route to Efficient, High-Repetition-Rate Plasma Accelerators and High Flux Radiation Sources","Multi-Pulse Laser Wakefield Acceleration: A New Route to Efficient, High-Repetition-Rate Plasma Accelerators and High Flux Radiation Sources; S. M. Hooker, 1, ∗ R. Bartolini, 1, 2 S. P. D. Mangles, 3 A.; T¨ unnermann, 4, 5 L. Corner, 1 J. Limpert, 4, 5 A. Seryi, 1 and R. Walczak 1",,"June 2, 2021",s3://new-lwfa-not-sim-2/kb-data/output/Multi-Pulse_Laser_Wakefield_Acceleration_A_New_Route_to_Efficient_High-Repetition-Rate_Plasma_Accelerators_and_High_Flux_Radiation_Sources/structured.json,
new-lwfa-not-sim-2,kb-data/output/Multi-octave_high-dynamic_range_optical_spectrometer_for_single-pulse_diagnostic_applications,Multi-octave high-dynamic range optical spectrometer for single-pulse diagnostic applications,"Omid Zarini, 1, 2 Jurjen Couperus Cabada˘ g, 1 Yen-Yu Chang, 1 Alexander K¨ ohler, 1 Thomas Kurz, 1, 2 Susanne; Sch¨ obel, 1, 2 Wolfgang Seidel, 1 Michael Bussmann, 1 Ulrich Schramm, 1, 2 Arie Irman, 1, ∗ and Alexander Debus 1, †; Helmholtz-Zentrum Dresden-Rossendorf, Bautzner Landstrasse 400, 01328 Dresden, Germany",1909.06676,"April 20, 2021",s3://new-lwfa-not-sim-2/kb-data/output/Multi-octave_high-dynamic_range_optical_spectrometer_for_single-pulse_diagnostic_applications/structured.json,
new-lwfa-not-sim-2,kb-data/output/Multidimensional_Plasma_Wake_Excitation_in_the_Non-linear_Blowout_Regime,Multidimensional Plasma Wake Excitation in the Non-linear Blowout Regime,"J. Vieira 1 , R.A. Fonseca 1 , 2 and L.O. Silva 1; 1 GoLP/Instituto de Plasmas e Fusão Nuclear, Instituto Superior Técnico, Universidade de Lisboa, Lisbon, Portugal; 2 DCTI/ISCTE Lisbon University Institute, Lisbon, Portugal",1410.8762,,s3://new-lwfa-not-sim-2/kb-data/output/Multidimensional_Plasma_Wake_Excitation_in_the_Non-linear_Blowout_Regime/structured.json,
new-lwfa-not-sim-2,kb-data/output/Non-invasive_characterisation_of_a_laser-driven_positron_beam,Non-invasive characterisation of a laser-driven positron beam,"A. Alejo, 1, a) G.M. Samarin, 1 R. Warwick, 1 C. McCluskey, 1 G. Cantono, 2 T. Ceccotti, 2 S. Dobosz Dufr´ enoy, 2 P. Monot, 2 and G. Sarri 1, b); 1) Centre for Plasma Physics, School of Mathematics and Physics, Queen's University Belfast,; 2) LIDYL, CEA, CNRS, University Paris Saclay, 91191 Gif Sur Yvette cedex France",1901.10370,,s3://new-lwfa-not-sim-2/kb-data/output/Non-invasive_characterisation_of_a_laser-driven_positron_beam/structured.json,
new-lwfa-not-sim-2,kb-data/output/Non-invasive_characterization_of_transverse_beam_emittance_of_electrons_from_a_laser-plasma_wakefield_accelerator_in_the_bubble_regime_using_betatron_x-ray_radiation,Non-invasive characterization of transverse beam emittance of electrons from a laser-plasma wakefield accelerator in the bubble regime using betatron x-ray radiation,"S. Kneip 1 , 2 , C. McGuffey 2 , J. L. Martins 3 , M. Bloom 1 , V. Chvykov 2 , F. Dollar 2 , R. Fonseca 3 , 4 , S. Jolly 1 ,; G. Kalintchenko 2 , K. Krushelnick 2 , A. Maksimchuk 2 , S. P. D. Mangles 1 , Z. Najmudin 1 , C. A. J. Palmer 1 ,; K. Ta Phuoc 5 , W. Schumaker 2 , L. O. Silva 3 , J. Vieira 3 , V. Yanovsky 2 , and A. G. R. Thomas 2",,,s3://new-lwfa-not-sim-2/kb-data/output/Non-invasive_characterization_of_transverse_beam_emittance_of_electrons_from_a_laser-plasma_wakefield_accelerator_in_the_bubble_regime_using_betatron_x-ray_radiation/structured.json,
new-lwfa-not-sim-2,kb-data/output/Nonlinear_Frequency_Shift_in_Raman_Backscattering_and_its_Implications_for_Plasma_Diagnostics,Nonlinear Frequency Shift in Raman Backscattering and its Implications for Plasma Diagnostics,"D. Kaganovich, a) B. Hafizi, J. P. Palastro, A. Ting, b) M. H. Helle, Y.-H. Chen, b) T. G. Jones, and D. F. Gordon Plasma Physics Division, Naval Research Laboratory, Washington, DC 20375, USA; Raman backscattered radiation of intense laser pulses in plasma is investigated for a wide range of intensities relevant to laser wakefield acceleration. The weakly nonlinear dispersion relation for Raman backscattering predicts an intensity and density dependent frequency shift that is opposite to that suggested by a simple relativistic consideration. This observation has been benchmarked against experimental results, providing a novel diagnostic for laser-plasma interactions.; b) Also at Research Support Instruments, Lanham, Maryland 20706, USA",,,s3://new-lwfa-not-sim-2/kb-data/output/Nonlinear_Frequency_Shift_in_Raman_Backscattering_and_its_Implications_for_Plasma_Diagnostics/structured.json,
new-lwfa-not-sim-2,kb-data/output/Nonlinear_Inverse_Compton_Scattering_from_a_Laser_Wakefield_Accelerator_and_Plasma_Mirror,Nonlinear Inverse Compton Scattering from a Laser Wakefield Accelerator and Plasma Mirror,"A. Hannasch 1 , M. LaBerge 1,2 , R. Zgadzaj 1 , J. P. Couperus Cabada˘ g 2 , A. Laso Garcia 2 , T. Kurz 2 , T. Cowan 2 , U. Schramm 2 , A. Irman 2 and M.C. Downer 1,a); The University of Texas at Austin, Department of Physics, Austin, Texas 78712-1081, USA. 2 The Helmholtz-Zentrum Dresden-Rossendorf, Institute for Radiation Physics, 01328 Dresden, Germany a) downer@physics.utexas.edu",,,s3://new-lwfa-not-sim-2/kb-data/output/Nonlinear_Inverse_Compton_Scattering_from_a_Laser_Wakefield_Accelerator_and_Plasma_Mirror/structured.json,
new-lwfa-not-sim-2,kb-data/output/Novel_gas_target_for_Laser_Wakefield_Accelerators,Novel gas target for Laser Wakefield Accelerators,"C. Aniculaesei, 1,a  Hyung Taek Kim, 1,2,a  Byeong Ju Yoo, 1  Kyung Hwan Oh 1  and Chang Hee Nam 1,3; 1 Center for Relativistic Laser Science, Institute for Basic Science (IBS), Gwangju 61005, Republic of Korea.; 2 Advanced Photonics Research Institute, Gwangju Institute of Science and Technology(GIST), Gwangju 61005, Republic of Korea",2009.00016,,s3://new-lwfa-not-sim-2/kb-data/output/Novel_gas_target_for_Laser_Wakefield_Accelerators/structured.json,
new-lwfa-not-sim-2,kb-data/output/Numerical_calculations_of_a_high_brilliance_synchrotron_source_and_on_issues_with_characterizing_strong_radiation_damping_effects_in_non-linear_ThomsonCompton_backscattering_experiments,Numerical calculations of a high brilliance synchrotron source and on issues with characterizing strong radiation damping effects in non-linear Thomson/Compton backscattering experiments,"A. G. R. Thomas 1 , 2 , C. P. Ridgers 3 , S. S. Bulanov 4 , B. J. Griffin 2 , S. P. D. Mangles 5; 1 Centre for Ultrafast Optical Science, University of Michigan, Ann Arbor, MI 48109, US.; 2 Department of Nuclear Engineering and Radiological Sciences,",,"May 25, 2022",s3://new-lwfa-not-sim-2/kb-data/output/Numerical_calculations_of_a_high_brilliance_synchrotron_source_and_on_issues_with_characterizing_strong_radiation_damping_effects_in_non-linear_ThomsonCompton_backscattering_experiments/structured.json,
new-lwfa-not-sim-2,kb-data/output/Numerical_study_on_femtosecond_electro-optical_spatial_decoding_of_transition_radiation_from_laser_wakefield_accelerated_electron_bunches,Numerical study on femtosecond electro-optical spatial decoding of transition radiation from laser wakefield accelerated electron bunches,"K. Huang, 1, 3, ∗ Z. Jin, 2, 3 N. Nakanii, 1, 3 T. Hosokai, 2, 3 and M. Kando 1, 3; 1 Kansai Institute for Photon Science (KPSI), National Institutes for Quantum Science and Technology (QST),; 8-1-7 Umemidai, Kizugawa-city, Kyoto, 619-0215, Japan",,"August 24, 2023",s3://new-lwfa-not-sim-2/kb-data/output/Numerical_study_on_femtosecond_electro-optical_spatial_decoding_of_transition_radiation_from_laser_wakefield_accelerated_electron_bunches/structured.json,
new-lwfa-not-sim-2,kb-data/output/Observation_of_Laser_Power_Amplification_in_a_Self-Injecting_Laser_Wakefield_Accelerator,Observation of Laser Power Amplification in a Self-Injecting Laser Wakefield Accelerator,"M.J.V. Streeter 1 , 2 , 3 , S. Kneip 3 , M.S. Bloom 3 , R.A. Bendoyro 4 , O. Chekhlov 5 , A.E. Dangor 3 , A. D¨ opp 3 , 7 , 8; C.J. Hooker , J. Holloway , J. Jiang , N.C. Lopes , H. Nakamura , P.A. Norreys , C.A.J. Palmer , P.P. Rajeev ,; , 5 6 4 3 , 4 3 5 1 , 2 5",1710.05740,"April 21, 2022",s3://new-lwfa-not-sim-2/kb-data/output/Observation_of_Laser_Power_Amplification_in_a_Self-Injecting_Laser_Wakefield_Accelerator/structured.json,
new-lwfa-not-sim-2,kb-data/output/Optical_control_of_the_topology_of_laser-plasma_accelerators,Optical control of the topology of laser-plasma accelerators,"November 11, 2021; J. Vieira 1 , J.T. Mendon¸ ca 1 , and F. Qu´ er´ e 2; 1 GoLP/Instituto de Plasmas e Fus˜ ao Nuclear,",1804.03574,"November 11, 2021",s3://new-lwfa-not-sim-2/kb-data/output/Optical_control_of_the_topology_of_laser-plasma_accelerators/structured.json,
new-lwfa-not-sim-2,kb-data/output/Optimisation_of_the_pointing_stability_of_laser-wakefield_accelerated_electron_beams,Optimisation of the pointing stability of laser-wakefield accelerated electron beams,"R. J. Garland, 1 K. Poder, 2 J. Cole, 2 W. Schumaker, 3 D. Doria, 1 L. A. Gizzi, 4, 5 G. Grittani, 4, 5 K. Krushelnick, 3 S.; 6 2 2 7 3 3 1, 6 and G.; Kuschel, S. P. D. Mangles, Z. Najmudin, D. Symes, A. G. R. Thomas, M. Vargas, M. Zepf, Sarri 1, a)",,,s3://new-lwfa-not-sim-2/kb-data/output/Optimisation_of_the_pointing_stability_of_laser-wakefield_accelerated_electron_beams/structured.json,
new-lwfa-not-sim-2,kb-data/output/Optimizing_Laser_Wakefield_Acceleration_in_the_Nonlinear_Self-Guided_Regime_for_Fixed_Laser_Energy,Optimizing Laser Wakefield Acceleration in the Nonlinear Self-Guided Regime for Fixed Laser Energy,"A. Davidson, 1, ∗ A. Tableman, 1 P. Yu, 1 W. An, 1 F. S. Tsung, 1 W. Lu, 2 R. A. Fonseca, 3, 4 and W.B. Mori 1; 1 University of California, Los Angeles, CA 90095, USA; 2 Tsinghua University, Beijing, China",,"May 2, 2019",s3://new-lwfa-not-sim-2/kb-data/output/Optimizing_Laser_Wakefield_Acceleration_in_the_Nonlinear_Self-Guided_Regime_for_Fixed_Laser_Energy/structured.json,
new-lwfa-not-sim-2,kb-data/output/Pareto_Optimization_of_a_Laser_Wakefield_Accelerator,Pareto Optimization of a Laser Wakefield Accelerator,"F. Irshad, 1 C. Eberle, 1 F.M. Foerster, 1 K. v. Grafenstein, 1 F.; Haberstroh, 1 E. Travac, 1 N. Weisse, 1 S. Karsch, 1, 2 and A. D¨ opp 1, 2; 1 Ludwig-Maximilian-Universit¨ at M¨ unchen, Am Coulombwall 1, 85748 Garching, Germany",2212.00026,,s3://new-lwfa-not-sim-2/kb-data/output/Pareto_Optimization_of_a_Laser_Wakefield_Accelerator/structured.json,
new-lwfa-not-sim-2,kb-data/output/Performance_envelope_of_laser_wakefield_accelerators,Performance envelope of laser wakefield accelerators,"Lance Labun, 1, ∗ Miguel Gracia-Linares, 1 Ou Z. Labun, 2 and Stephen V. Milton 1; Tau Systems, Inc., 201 W 5th St, Suite 1100, Austin, TX 78701, USA; 2 The University of Texas, 2515 Speedway, C1600, Austin, TX 78712 USA",2007.04622,,s3://new-lwfa-not-sim-2/kb-data/output/Performance_envelope_of_laser_wakefield_accelerators/structured.json,
new-lwfa-not-sim-2,kb-data/output/Physics_of_Laser-Wakefield_Accelerators_LWFA,Physics of Laser-Wakefield Accelerators (LWFA),"Proceedings of the 2019 CERN-Accelerator-School course on High Gradient Wakefield Accelerators, Sesimbra, (Portugal); Johannes Wenz, Stefan Karsch; Centre for Advanced Laser Applications, Ludwig-Maximilians-Universität München, Munich, Germany",,,s3://new-lwfa-not-sim-2/kb-data/output/Physics_of_Laser-Wakefield_Accelerators_LWFA/structured.json,
new-lwfa-not-sim-2,kb-data/output/Physics_of_nanocoulomb-class_electron_beams_in_laser-plasma_wakefields,Physics of nanocoulomb-class electron beams in laser-plasma wakefields,"J. G¨ otzfried, 1, 2 A. D¨ opp, 1, 2, ∗ M. F. Gilljohann, 1, 2 M. Foerster, 1 H. Ding, 1, 2 S. Schindler, 1, 2 G. Schilling, 1 A. Buck, 2 L. Veisz, 2, 3 and S. A. Karsch 1, 2, †; Ludwig-Maximilians-Universit¨ at M¨ unchen, Am Coulombwall 1, 85748 Garching, Germany 2 Max-Planck-Institut f¨ ur Quantenoptik, Hans-Kopfermann-Str. 1, 85748 Garching, Germany 3 Department of Physics, Ume˚ a University, SE-901 87, Ume˚ a, Sweden; In LWFA, the wakefield is created by a high-intensity laser pulse 42-45 . Due to the oscillating nature of electro-",,,s3://new-lwfa-not-sim-2/kb-data/output/Physics_of_nanocoulomb-class_electron_beams_in_laser-plasma_wakefields/structured.json,
new-lwfa-not-sim-2,kb-data/output/Plasma_Lenses_for_Relativistic_Laser_Beams_in_Laser_Wakefield_Accelerators,Plasma Lenses for Relativistic Laser Beams in Laser Wakefield Accelerators,"Ming Zeng, ∗ Alberto Martinez de la Ossa, Kristjan Poder, and Jens Osterhoff; Deutsches Elektronen-Synchrotron DESY, 22607 Hamburg, Germany; (Dated: January 24, 2019)",,"January 24, 2019",s3://new-lwfa-not-sim-2/kb-data/output/Plasma_Lenses_for_Relativistic_Laser_Beams_in_Laser_Wakefield_Accelerators/structured.json,
new-lwfa-not-sim-2,kb-data/output/Plasma_density_profile_reconstruction_of_a_gas_cell_for_Ionization_Induced_Laser_Wakefield_Acceleration,Plasma density profile reconstruction of a gas cell for Ionization Induced Laser Wakefield Acceleration,"C. Cobo,; F. Filippi, 𝑎 L.T. Dickson, 𝑏 M. Backhouse, 𝑐 P. Forestier-Colleoni, 𝑑 C. Gustafsson, 𝑒 𝑓 C. Ballage, 𝑏 S. Dobosz Dufrénoy, 𝑑 E. Löfquist, 𝑒 G. Maynard, 𝑏 C.D. Murphy, 𝑓 Z. Najmudin, 𝑐 F. Panza, 𝑎 A. Persson, 𝑒 M. Scisció, 𝑎 O. Vasilovici, 𝑏 O. Lundh, 𝑒 B. Cros 𝑏; 𝑎 ENEA. Centro Ricerche Casaccia, 00123, Roma, Italia",,,s3://new-lwfa-not-sim-2/kb-data/output/Plasma_density_profile_reconstruction_of_a_gas_cell_for_Ionization_Induced_Laser_Wakefield_Acceleration/structured.json,
new-lwfa-not-sim-2,kb-data/output/Ponderomotive_scattering_of_an_electron-bunch_before_injection_into_a_laser_wakefield,Ponderomotive_scattering_of_an_electron-bunch_before_injection_into_a_laser_wakefield,"A. G. Khachatryan, M. J. H. Luttikhof, F. A. van Goor, and K.-J. Boller; Faculty of Science and Technology, University of Twente, P.O. Box 217, 7500 AE Enschede,; For  the  purpose  of  laser  wakefield  acceleration,  it  turned  out  that  also  the  injection  of electron  bunches  longer  than  a  plasma  wavelength  can  generate  accelerated  femtosecond",,,s3://new-lwfa-not-sim-2/kb-data/output/Ponderomotive_scattering_of_an_electron-bunch_before_injection_into_a_laser_wakefield/structured.json,
new-lwfa-not-sim-2,kb-data/output/Progress_on_Experiments_towards_LWFA-driven_Transverse_Gradient_Undulator-Based_FELs,Progress on Experiments towards LWFA-driven Transverse Gradient Undulator-Based FELs,"A. Bernhard a, ∗ , V. Afonso Rodr´ ıguez a,1 , S. Kuschel b,c , M. Leier b , P. Peiffer a,2 , A. S¨ avert b,c , M. Schwab b,c , W. Werner a , C. Widmann a,3 , A. Will a,4 , A.-S. M¨ uller a , M. Kaluza b,c a Karlsruhe Institute of Technology, Kaiserstr. 12, 76131 Karlsruhe, Germany b Friedrich-Schiller-Universit¨ at Jena, 07737 Jena, Germany c Helmholtz Institute Jena, Fr¨ obelstieg 3, 07743 Jena, Germany; Keywords: Laser wakefield accelerator, transverse gradient undulator, superconducting, beam transport, FEL; Due to the extremely high longitudinal electric fields present in laseror beam-driven plasma waves, plasma wakefield accelerated electron bunches can gain energies sufficient to generate synchrotron radiation in the X-ray regime within only a few millimetres to centimeters of acceleration length. It is common sense that fully exploiting the potential of laser-driven plasma accelerators could bring laboratory scale, cost efficient, highly brilliant radiation sources for the",,"December 14, 2017",s3://new-lwfa-not-sim-2/kb-data/output/Progress_on_Experiments_towards_LWFA-driven_Transverse_Gradient_Undulator-Based_FELs/structured.json,
new-lwfa-not-sim-2,kb-data/output/Proof-of-principle_experiment_for_nanoparticle-assisted_laser_wakefield_acceleration,Proof-of-principle experiment for nanoparticle-assisted laser wakefield electron acceleration,"Constantin Aniculaesei 1 , Vishwa Bandhu Pathak 1 , Kyung Hwan Oh 1 , Prashant Kumar Singh 1 , Bo Ram Lee 1 , Calin Ioan Hojbota 1,3 ,  Tae Gyu Pak 1,3 , Enrico Brunetti 4 , Byung Ju Yoo 1 , Jae Hee Sung 1,2 , Seong Ku Lee 1,2 , Hyung Taek Kim 1,2,# , Chang Hee Nam 1,3; 1 Center for Relativistic Laser Science, Institute for Basic Science (IBS), Gwangju 61005, Republic of Korea.; 2 Advanced Photonics Research Institute, Gwangju Institute of Science and Technology (GIST), Gwangju 61005, Republic of Korea",2005.1732,,s3://new-lwfa-not-sim-2/kb-data/output/Proof-of-principle_experiment_for_nanoparticle-assisted_laser_wakefield_acceleration/structured.json,
new-lwfa-not-sim-2,kb-data/output/Proposal_for_a_Raman_X-ray_Free_Electron_Laser,Proposal for a Raman X-ray Free Electron Laser,"Universit´ e de Bordeaux, Centre Lasers Intenses et Applications (CELIA), CNRS, CEA, 351 Cours de la lib´ eration, F-33405 Talence, FRANCE",,,s3://new-lwfa-not-sim-2/kb-data/output/Proposal_for_a_Raman_X-ray_Free_Electron_Laser/structured.json,
new-lwfa-not-sim-2,kb-data/output/Quasi-monochromatic_bright_gamma-ray_generation_from_synchronized_Compton_scattering_via_azimuthal_spatial-temporal_coupling,Quasi-monochromatic bright gamma-ray generation from synchronized Compton scattering via azimuthal spatial-temporal coupling,"Xuesong Geng 1 , Liangliang Ji 1,* , Baifei Shen 1,2, †; 1 State Key Laboratory of High Field Laser Physics and CAS Center for Excellence in Ultra-intense Laser Science, Shanghai Institute of Optics and Fine Mechanics (SIOM), Chinese Academy of Sciences (CAS), Shanghai 201800, China. 2 Shanghai Normal University, Shanghai 200234, China.",2106.06802,,s3://new-lwfa-not-sim-2/kb-data/output/Quasi-monochromatic_bright_gamma-ray_generation_from_synchronized_Compton_scattering_via_azimuthal_spatial-temporal_coupling/structured.json,
new-lwfa-not-sim-2,kb-data/output/Quasi-monoenergetic_Electron_Beams_from_Laser-plasma_Acceleration_by_Ionization-induced_Injection_in_Low-_density_Pure_Nitrogen,Quasi-monoenergetic Electron Beams from Laser-plasma Acceleration by Ionization-induced Injection in Low-density Pure Nitrogen,"Mengze Tao, Nasr A. M. Hafz * , Song Li, Mohammad Mirzaie, Liming Chen, Fei He, Ya Cheng, and Jie Zhang ¶; F.  He and Y. Cheng are with the State Key  Laboratory of High Field  Laser Physics, Shanghai Institute of Optics and Fine Mechanics, Chinese Academy of Sciences, Shanghai 201800, China. *nasr@sjtu.edu.cn",,"August  3,  2014",s3://new-lwfa-not-sim-2/kb-data/output/Quasi-monoenergetic_Electron_Beams_from_Laser-plasma_Acceleration_by_Ionization-induced_Injection_in_Low-_density_Pure_Nitrogen/structured.json,
new-lwfa-not-sim-2,kb-data/output/Quasi-monoenergetic_electron_beams_from_laser_plasma_acceleration_using_nitrogen_gas_jet,Quasi-monoenergetic electron beams from laser plasma acceleration using nitrogen gas jet,"B. S. Rao 1 , A. Moorti 1,2 , J. A. Chakera 1,2 , P. A. Naik 1,2 , and P. D. Gupta 2; 1 Laser Plasma Division and 2 Homi Bhabha National Institute, Raja Ramanna Centre for Advanced Technology, Indore-452013, India",,,s3://new-lwfa-not-sim-2/kb-data/output/Quasi-monoenergetic_electron_beams_from_laser_plasma_acceleration_using_nitrogen_gas_jet/structured.json,
new-lwfa-not-sim-2,kb-data/output/Real-time_monitoring_via_second-harmonic_interferometry_of_a_flow_gas_cell_for_laser_wakefield_acceleration,Real-time monitoring via second-harmonic interferometry of a flow gas cell for laser wakefield acceleration,"F. Brandi, 1, 2, a) F. Giammanco, 3, 4 F. Conti, 3, 4 F. Sylla, 5 G. Lambert, 6 and L. A. Gizzi 1; 1) Intense Laser Irradiation Laboratory (ILIL), Istituto Nazionale di Ottica (INO-CNR), Via Moruzzi 1, 56124 Pisa, Italy; 2) Istituto Italiano di Tecnologia (IIT), Via Morego 30, 16163 Genova, Italy",,,s3://new-lwfa-not-sim-2/kb-data/output/Real-time_monitoring_via_second-harmonic_interferometry_of_a_flow_gas_cell_for_laser_wakefield_acceleration/structured.json,
new-lwfa-not-sim-2,kb-data/output/Realising_Single-Shot_Measurements_of_Quantum_Radiation_Reaction_in_High-Intensity_Lasers,Realising Single-Shot Measurements of Quantum Radiation Reaction in High-Intensity Lasers,"C. D. Baird 1 , C. D. Murphy 1 , T. G. Blackburn 2 , A. Ilderton 3 , S. P. D. Mangles 4 , M. Marklund 2 , and C. P. Ridgers 1; 1 York Plasma Institute, Department of Physics, University of York, Heslington, York YO10 5DQ, UK; 2 Department of Physics, Chalmers University of Technology, SE-41296 Gothenburg, Sweden",1708.04511,,s3://new-lwfa-not-sim-2/kb-data/output/Realising_Single-Shot_Measurements_of_Quantum_Radiation_Reaction_in_High-Intensity_Lasers/structured.json,
new-lwfa-not-sim-2,kb-data/output/Realtime_Tomography_of_Gas-Jets_with_a_Wollaston_Interferometer,REALTIME TOMOGRAPHY OF GAS-JETS WITH A WOLLASTON INTERFEROMETER,"A. ADELMANN, B. HERMANN, R. ISCHEBECK, M.C. KALUZA, U. LOCANS, N. SAUERWEIN & R. TARKESHIAN; Date : September 6, 2018.",,"September 6, 2018",s3://new-lwfa-not-sim-2/kb-data/output/Realtime_Tomography_of_Gas-Jets_with_a_Wollaston_Interferometer/structured.json,
new-lwfa-not-sim-2,kb-data/output/Region-of-interest_micro-focus_CT_based_on_an_all-optical_inverse_Compton_scattering_source,Region-of-interest micro-focus CT based on an all-optical inverse Compton scattering source,"Yue Ma a, b , Jianfei Hua a, * , Dexiang Liu a , Yunxiao He a, b , Tianliang Zhang a , Jiucheng Chen a , Fan Yang a , Xiaonan Ning a , Zhongshan Yang a , Jie Zhang a, b , Chih-Hao Pai a , Yuqiu Gu b , and Wei Lu a, *; a Department of Engineering Physics, Tsinghua University, Beijing 100084, China b Science  and  Technology  on  Plasma  Physics  Laboratory,  Laser  Fusion  Research  Center,  China  Academy  of Engineering Physics, Mianyang, Sichuan 621900, China",,,s3://new-lwfa-not-sim-2/kb-data/output/Region-of-interest_micro-focus_CT_based_on_an_all-optical_inverse_Compton_scattering_source/structured.json,
new-lwfa-not-sim-2,kb-data/output/Relativistic_near-single-cycle_optics_at_1_kHz,Relativistic near-single-cycle optics at 1 kHz,"Marie Ouill´ e, 1 Aline Vernier, 1 Frederik Boehle, 1 Maimouna Bocoum, 1 Magali Lozano, 1 Jean-Philippe Rousseau, 1 Zhao Cheng, 1 Domynikas Gustas, 1 Andreas Blumenstein, 2 Peter Simon, 2 Stefan Haessler, 1, ∗ J´ erˆ ome Faure, 1, † Tamas Nagy, 3, ‡ and Rodrigo Lopez-Martens 1,; 1 Laboratoire d'Optique Applique, CNRS, Ecole Polytechnique, ENSTA Paris, Institut; Polytechnique de Paris, 181 chemin de la Hunire et des Joncherettes 91120 Palaiseau, France 2 Laser-Laboratorium Gttingen e.V., Hans-Adolf-Krebs-Weg 1, 37077 Gttingen, Germany 3",,,s3://new-lwfa-not-sim-2/kb-data/output/Relativistic_near-single-cycle_optics_at_1_kHz/structured.json,
new-lwfa-not-sim-2,kb-data/output/Research_towards_high-repetition_rate_laser-driven_X-ray_sources_for_imaging_applications,Research towards high-repetition rate laser-driven X-ray sources for imaging applications,"J. G¨ otzfried, 1 A. D¨ opp, 1 M. Gilljohann, 1 H. Ding, 1 S. Schindler, 1 J. Wenz, 1 L. Hehn, 2 F. Pfeiffer, 2, 3 and S. Karsch 1, ∗; 1 Ludwig-Maximilians-Universit¨ at M¨ unchen, Am Coulombwall 1, 85748 Garching, Germany; 2 Lehrstuhl f¨ ur Biomedizinische Physik, Physik-Department & Munich School of BioEngineering,",,,s3://new-lwfa-not-sim-2/kb-data/output/Research_towards_high-repetition_rate_laser-driven_X-ray_sources_for_imaging_applications/structured.json,
new-lwfa-not-sim-2,kb-data/output/Restoring_betatron_phase_coherence_in_a_beam-loaded_laser-wakefield_accelerator,Restoring betatron phase coherence in a beam-loaded laser-wakefield accelerator,"A. Koehler 1 , R. Pausch 1 , M. Bussmann 1,2 , J.P. Couperus Cabada˘ g 1 , A. Debus 1 , J.M. Kr¨ amer 1 , S. Sch¨ obel 1,3 O. Zarini 1 , U. Schram 1,3 , and A. Irman 1; Helmholtz-Zentrum Dresden - Rossendorf, Bautzner Landstrasse 400, 01328 Dresden, Germany 2 Center for Advanced Systems Understanding, 02826 G¨ orlitz, Germany; 3 Technische Universit¨ at Dresden, 01062 Dresden, Germany",,"June 10, 2021",s3://new-lwfa-not-sim-2/kb-data/output/Restoring_betatron_phase_coherence_in_a_beam-loaded_laser-wakefield_accelerator/structured.json,
new-lwfa-not-sim-2,kb-data/output/Single-pulse_Gy-scale_irradiation_of_biological_cells_at_1013_Gys_average_dose-rates_from_a_laser-wakefield_accelerator,Single-pulse Gy-scale irradiation of biological cells at 10 13 Gy/s average dose-rates from a laser-wakefield accelerator,"C.A. McAnespie, 1 P. Chaudhary, 2 M.J.V. Streeter, 1 S.W. Botchway, 3; N. Bourgeois, 3 L. Calvin, 1 N. Cavanagh, 1 K. Fleck, 1 D. Jaroszynski, 4; B. Kettle, 5 A.M. Lupu, 6 S.P.D. Mangles, 5 S. J. McMahon, 7 J. Mill, 4 S.",,,s3://new-lwfa-not-sim-2/kb-data/output/Single-pulse_Gy-scale_irradiation_of_biological_cells_at_1013_Gys_average_dose-rates_from_a_laser-wakefield_accelerator/structured.json,
new-lwfa-not-sim-2,kb-data/output/Spatial_profile_of_plasma_temperature_generated_by_discharge_in_3D_printed_capillary,Spatial profile of plasma temperature generated by discharge in 3D printed capillary,"Niv Barkai 1 , Noa kliss 1 , Yair Ferber 2 , Yoav Raz 1 , Rotem Liran 1 , Mordechai Botton 1 , and Arie Zigler 1; 1 Racah Institute of Physics, Hebrew University, 91904 Jerusalem, Israel 2 National Laser Facility (NLF), Soreq NRC, Yavne 81800, Israel",,,s3://new-lwfa-not-sim-2/kb-data/output/Spatial_profile_of_plasma_temperature_generated_by_discharge_in_3D_printed_capillary/structured.json,
new-lwfa-not-sim-2,kb-data/output/Spectrum_bandwidth_narrowing_of_Thomson_scattering_X-rays_with_energy_chirped_electron_beams_from_laser_wakefield_acceleration,Spectrum bandwidth narrowing of Thomson scattering X-rays with energy chirped electron beams from laser wakefield acceleration,"Tong Xu, 1 Min Chen, 1, ∗ Fei-Yu Li, 1 Lu-Le Yu, 1 Zheng-Ming Sheng, 1,2, † and Jie Zhang 1,3; 1 Key Laboratory for Laser Plasmas (Ministry of Education),; Department of Physics and Astronomy, Shanghai Jiao Tong University, Shanghai 200240, China",,,s3://new-lwfa-not-sim-2/kb-data/output/Spectrum_bandwidth_narrowing_of_Thomson_scattering_X-rays_with_energy_chirped_electron_beams_from_laser_wakefield_acceleration/structured.json,
new-lwfa-not-sim-2,kb-data/output/Stern-Gerlach_surfing_in_laser_wakefield_accelerators,Stern-Gerlach surfing in laser wakefield accelerators ∗ ∗,"June 24, 2021; We investigate the effects of a Stern-Gerlach-type addition to the Lorentz force on electrons in a laser wakefield accelerator. The Stern-Gerlach-type terms are found to generate a family of trajectories describing electrons that 'surf' along the plasma density wave driven by a laser pulse. Such trajectories could lead to an increase in the size of an electron bunch, which may have implications for attempts to exploit such bunches in future free electron lasers.; The modelling of charged particles in electromagnetic fields has been an area of great interest to accelerator physicists for decades, using a number of simplifications for computational ease. Increasingly large fields such as those that will be produced at ELI [1] and HiPER [2] now mean that the validity of these simplifications must be considered more closely.",1502.02432,"June 24, 2021",s3://new-lwfa-not-sim-2/kb-data/output/Stern-Gerlach_surfing_in_laser_wakefield_accelerators/structured.json,
new-lwfa-not-sim-2,kb-data/output/Subcycle_engineering_of_laser_filamentation_in_gas_by_harmonic_seeding,Subcycle engineering of laser filamentation in gas by harmonic seeding,"P. B´ ejot, ∗ G. Karras, F. Billard, J. Doussot, E. Hertz, B. Lavorel, and O. Faucher; Laboratoire Interdisciplinaire CARNOT de Bourgogne,; UMR 6303 CNRS-Universit´ e de Bourgogne, BP 47870, 21078 Dijon, France.",,,s3://new-lwfa-not-sim-2/kb-data/output/Subcycle_engineering_of_laser_filamentation_in_gas_by_harmonic_seeding/structured.json,
new-lwfa-not-sim-2,kb-data/output/Temporal_diagnostics_of_femtosecond_electron_bunches_with_complex_structures_using_sparsity-based_algorithm,Temporal diagnostics of femtosecond electron bunches with complex structures using sparsity-based algorithm,"Q. Q. Su, J. F. Hua, ∗ Z. Nie, Y. Ma, S. Liu, Y. F. ZHENG, C. -H. Pai, and W. Lu; Department of Engineering Physics, Tsinghua University, Beijing 100084, China; (Dated: November 27, 2024)",,"November 27, 2024",s3://new-lwfa-not-sim-2/kb-data/output/Temporal_diagnostics_of_femtosecond_electron_bunches_with_complex_structures_using_sparsity-based_algorithm/structured.json,
new-lwfa-not-sim-2,kb-data/output/Temporal_evolution_of_longitudinal_bunch_profile_in_a_laser_wakefield_accelerator,Temporal_evolution_of_longitudinal_bunch_profile_in_a_laser_wakefield_accelerator,"M.  Heigoldt 1,2 ,S.  I.  Bajlekov 3 ,  A.  Popp 1,2 ,  K.  Khrennikov 1,2 ,  J.  Wenz 1,2 ,  S.  W.  Chou 1,2 ,  B. Schmidt 4 , S. M. Hooker 3 and S. Karsch 1,2; 1 Ludwig-Maximilians-UniversitŠt MŸnchen, Am Coulombwall 1, 85748 Garching, Germany; 2 MPI fŸr Quantenoptik, Hans-Kopfermann-Str. 1, 85748 Garching, Germany",,,s3://new-lwfa-not-sim-2/kb-data/output/Temporal_evolution_of_longitudinal_bunch_profile_in_a_laser_wakefield_accelerator/structured.json,
new-lwfa-not-sim-2,kb-data/output/The_self-injection_threshold_in_self-guided_laser_wakefield_accelerators,The self-injection threshold in self-guided laser wakefield accelerators,"S. P. D. Mangles 1 , G. Genoud 2 , M. S. Bloom 1 , M. Burza 2 , Z. Najmudin 1 ,; A. Persson 2 , K. Svensson 2 , A. G. R. Thomas 3 , and C.-G. Wahlstr¨ om 2; 1 The Blackett Laboratory, Imperial College London, SW7 2AZ, UK",,,s3://new-lwfa-not-sim-2/kb-data/output/The_self-injection_threshold_in_self-guided_laser_wakefield_accelerators/structured.json,
new-lwfa-not-sim-2,kb-data/output/Towards_compact_Free_Electron_Laser_based_on_laser_plasma_accelerators,Abstract,"Synchrotron SOLEIL, L'Orme des Merisiers, Saint-Aubin, 91 192 Gif-sur-Yvette, France; mc the normalised velocity of the electrons, with; oscillations by interaction with the magnetic field, the frequency being determ different phases. Then, the electrons enter into the drift space (see in Fig. 19b)",,"February 20, 2018",s3://new-lwfa-not-sim-2/kb-data/output/Towards_compact_Free_Electron_Laser_based_on_laser_plasma_accelerators/structured.json,
new-lwfa-not-sim-2,kb-data/output/Transverse_Oscillating_Bubble_Enhanced_Laser-driven_Betatron_X-ray_Radiation_Generation,Transverse Oscillating Bubble Enhanced Laser-driven Betatron X-ray Radiation Generation,"Rafal Rakowski, 1, a) Ping Zhang, 1, a) Kyle Jensen, 1 Brendan Kettle, 1 Tim Kawamoto, 1 Sudeep Banerjee, 1 Colton Fruhling, 1 Grigory Golovin, 1 Daniel Haden, 1 Matthew S. Robinson, 1 Donald Umstadter, 1 B. A. Shadwick, 1 and Matthias Fuchs 1, b); 1 Department of Physics and Astronomy, University of Nebraska - Lincoln, Lincoln, Nebraska 68588, USA",,,s3://new-lwfa-not-sim-2/kb-data/output/Transverse_Oscillating_Bubble_Enhanced_Laser-driven_Betatron_X-ray_Radiation_Generation/structured.json,
new-lwfa-not-sim-2,kb-data/output/Trapping_Compression_and_Acceleration_of_an_Electron_Bunch_in_the_Nonlinear_Laser_Wakefield,"TRAPPING, COMPRESSION AND ACCELERATION OF AN ELECTRON BUNCH IN THE NONLINEAR LASER WAKEFIELD","TRAPPING, COMPRESSION AND ACCELERATION OF AN ELECTRON BUNCH IN THE NONLINEAR LASER WAKEFIELD; Yerevan Physics Institute, Alikhanian Brothers Street 2, Yerevan 375036, Armenia; PACS numbers: 41.75.Jv, 52.35.Mw, 52.75.Di",,,s3://new-lwfa-not-sim-2/kb-data/output/Trapping_Compression_and_Acceleration_of_an_Electron_Bunch_in_the_Nonlinear_Laser_Wakefield/structured.json,
new-lwfa-not-sim-2,kb-data/output/Tunable_X-ray_source_by_Thomson_scattering_during_laser-wakefield_acceleration,Tunable X-ray source by Thomson scattering during laser-wakefield acceleration,"Sabine Schindler, Andreas D¨ opp, Hao Ding, Max; Gilljohann, Johannes G¨ otzfried, and Stefan Karsch; Ludwig-Maximilians-Universit¨ at M¨ unchen,",,,s3://new-lwfa-not-sim-2/kb-data/output/Tunable_X-ray_source_by_Thomson_scattering_during_laser-wakefield_acceleration/structured.json,
new-lwfa-not-sim-2,kb-data/output/Tunable_all-optical_quasi-monochromatic_Thomson_X-ray_source,"Tunable, all-optical quasi-monochromatic Thomson X-ray source","Tunable, all-optical quasi-monochromatic Thomson X-ray source; K.Khrennikov 1,2 , J. Wenz 1,2 , A. Buck 2 , J. Xu 2,3 , M. Heigoldt 1,2 , L. Veisz 2 and S. Karsch 1,2; 1 Ludwig-Maximilians-Universität München, Am Coulombwall 1, 85748 Garching, Germany",,,s3://new-lwfa-not-sim-2/kb-data/output/Tunable_all-optical_quasi-monochromatic_Thomson_X-ray_source/structured.json,
new-lwfa-not-sim-2,kb-data/output/Two-Pulse_Direct_Laser_Acceleration_in_a_Laser-Driven_Plasma_Accelerator,Two-Pulse Direct Laser Acceleration in a Laser-Driven Plasma Accelerator,"Brant Bowers 1 , Max LaBerge 1 , Alexander Koehler 2 , Jurjen Couperus Cabada˘ g 2 , Yen-Yu Chang 2 , Patrick Ufer 2 , Michal ˇ Sm´ ıd 2 , Arie Irman 2 , Tianhong Wang 3 , Aaron Bernstein 1 , Gennady Shvets 3 , Ulrich Schramm 2,4 and Michael Downer 1,a); Physics Department, The University of Texas-Austin, Austin, Texas 78712, USA 2 Institute of Radiation Physics, Helmholtz-Zentrum Dresden-Rossendorf, 01328 Dresden, Germany 3 School of Applied and Engineering Physics, Cornell University, Ithaca, New York 14850, USA 4 Technische Universit¨ at Dresden, 01062 Dresden, Germany a) downer@physics.utexas.edu",1306.6327,,s3://new-lwfa-not-sim-2/kb-data/output/Two-Pulse_Direct_Laser_Acceleration_in_a_Laser-Driven_Plasma_Accelerator/structured.json,
new-lwfa-not-sim-2,kb-data/output/Two-chamber_gas_target_for_laser-plasma_accelerator_electron_source,Two-chamber gas target for laser-plasma accelerator electron source,"Article submitted to: High Power Laser Science and Engineering, 2023; September 22, 2023; P. Drobniak 1 , E. Baynard 1 , K. Cassou 1 , D. Douillet 1 , J. Demailly 1 , A. Gonnin 1 , G. Iaquaniello 1 , G. Kane 1 ,",2007.08184,"September 22, 2023",s3://new-lwfa-not-sim-2/kb-data/output/Two-chamber_gas_target_for_laser-plasma_accelerator_electron_source/structured.json,
new-lwfa-not-sim-2,kb-data/output/Ultra-high_brilliance_multi-MeV_γ-ray_beam_from_non-linear_Thomson_scattering,Ultra-high brilliance multi-MeV γ -ray beam from non-linear Thomson scattering,"G. Sarri, 1 D. J. Corvan, 1 W. Schumaker, 2 J. Cole, 3 A. Di Piazza, 4 H. Ahmed, 1 C. Harvey, 1 C. H. Keitel, 4 K.; Krushelnick, 2 S. P. D. Mangles, 3 Z. Najmudin, 3 D. Symes, 5 A. G. R. Thomas, 2 M. Yeung, 6 Z. Zhao, 2 and M. Zepf 1, 6; 1 School of Mathematics and Physics, The Queen's University of Belfast, BT7 1NN, Belfast, UK",,"September 10, 2018",s3://new-lwfa-not-sim-2/kb-data/output/Ultra-high_brilliance_multi-MeV_γ-ray_beam_from_non-linear_Thomson_scattering/structured.json,
new-lwfa-not-sim-2,kb-data/output/Ultrafast_Imaging_of_Laser_Driven_Shock_Waves_using_Betatron_X-rays_from_a_Laser_Wakefield_Accelerator,Ultrafast Imaging of Laser Driven Shock Waves using Betatron X-rays from a Laser Wakefield Accelerator,"J. C. Wood 1 , D. J. Chapman 2 , K. Poder 1 , N. C. Lopes 1,3 , M. E. Rutherford 2,4 , T. G. White 5 , F. Albert 6 ,; K. T. Behm 7 , N. Booth 8 , J. S. J. Bryant 1 , P. S. Foster 8 , S. Glenzer 9 , E. Hill 10 , K. Krushelnick 7 , Z. Najmudin 1 ,; B. B. Pollock 6 , S. Rose 10 , W. Schumaker 9 , R. H. H. Scott 8 , M. Sherlock 10 , A. G. R. Thomas 7 , Z. Zhao 7 ,",5455.1027,,s3://new-lwfa-not-sim-2/kb-data/output/Ultrafast_Imaging_of_Laser_Driven_Shock_Waves_using_Betatron_X-rays_from_a_Laser_Wakefield_Accelerator/structured.json,
new-lwfa-not-sim-2,kb-data/output/Ultrafast_Pulse_Radiolysis_Using_a_Terawatt_Laser_Wakefield_Accelerator,Ultrafast Pulse Radiolysis Using a Terawatt Laser Wakefield Accelerator,Oulianov et al.,,,s3://new-lwfa-not-sim-2/kb-data/output/Ultrafast_Pulse_Radiolysis_Using_a_Terawatt_Laser_Wakefield_Accelerator/structured.json,
new-lwfa-not-sim-2,kb-data/output/Ultrarelativistic_regime_in_the_propagation_of_an_ultrastrong_femtosecond_laser_pulse_in_plasmas,"Ultrarelativistc regime in the propagation of an ultrastrong, femtosecond laser pulse in plasmas","Ultrarelativistc regime in the propagation of an ultrastrong, femtosecond laser pulse in plasmas; Duˇ san Jovanovi´ c, 1, ∗ Renato Fedele, 2, 3, † Milivoj Beli´ c, 4, ‡ and Sergio De Nicola 5, 2; Institute of Physics, University of Belgrade, Pregrevica 118, 11080 Belgrade (Zemun), Serbia 2",,"October 10, 2018",s3://new-lwfa-not-sim-2/kb-data/output/Ultrarelativistic_regime_in_the_propagation_of_an_ultrastrong_femtosecond_laser_pulse_in_plasmas/structured.json,
new-lwfa-not-sim-2,kb-data/output/Wakefield_Excited_by_Ultrashort_Laser_Pulses_in_Near-Critical_Density_Plasmas,Wakefield Excited by Ultrashort Laser Pulses in Near-Critical Density Plasmas,"Petr Valenta a, b , Ondrej Klimo a, b , Gabriele M. Grittani b , Timur Zh. Esirkepov c , Georg Korn b , and Sergei V. Bulanov b, c a Czech Technical University in Prague, Faculty of Nuclear Sciences and Physical Engineering, Prague, Czech Republic; ELI Beamlines, Institute of Physics, Czech Academy of Sciences, Prague, Czech Republic c Kansai Photon Science Institute, National Institutes for Quantum and Radiological Science and Technology, Kizugawa, Kyoto, Japan; Keywords: Laser wakefield accelerator, high repetition rate plasma accelerator, single-cycle laser pulse, dispersion, carrier envelope phase",,,s3://new-lwfa-not-sim-2/kb-data/output/Wakefield_Excited_by_Ultrashort_Laser_Pulses_in_Near-Critical_Density_Plasmas/structured.json,
new-lwfa-not-sim-2,kb-data/output/Wakefield_acceleration_of_self-injected_bunch_in_a_conical_plasma_channels,WAKEFIELD ACCELERATION OF SELF-INJECTED BUNCH IN A CONICAL PLASMA CHANNELS,"D. S. Bondar 1 , W. Leemans 2 , V. I. Maslov 1,2 , and I. N. Onishchenko 1; 1 National Science Center 'Kharkiv Institute of Physics and Technology', Kharkiv, Ukraine 2 Deutsches Elektronen-Synchrotron DESY, Hamburg, Germany; Laser-wakefield  acceleration  (the  term  laser-plasma acceleration - LPA is also often used) has grown from the first insight, who realized that a laser pulse could excite GV/m  plasma  waves  capable  of  relativistic  particle acceleration [1, 2, 3], into a mature method to obtain low size and high energy bunches with up to  TV/m acceleration rates [4, 5, 6].",2022.00008,,s3://new-lwfa-not-sim-2/kb-data/output/Wakefield_acceleration_of_self-injected_bunch_in_a_conical_plasma_channels/structured.json,
new-lwfa-not-sim-2,kb-data/output/Zero_vector_potential_mechanism_of_attosecond_absorption_in_strongly_relativistic_plasmas,Zero vector potential mechanism of attosecond absorption in strongly relativistic plasmas,"T. Baeva, 1 S. Gordienko, 2 A.P.L. Robinson, 1 and P.A. Norreys 1; 1 Central Laser Facility, Rutherford-Appleton Laboratory, Chilton, Oxon., OX11 0QX, UK 2 Landau Institute for Theoretical Physics, Kosygina 2, 119334 Moscow, Russia; However, a completely different regime takes place if the density gradient in the vicinity of the critical density is steep. In that case, the pressure of the incident radiation can significantly compress the plasma and shift the interaction area to plasma densities which are much higher than the relativistic critical density (Fig. 1 a). As a result, in the case of a steep density gradient, the laser-",,,s3://new-lwfa-not-sim-2/kb-data/output/Zero_vector_potential_mechanism_of_attosecond_absorption_in_strongly_relativistic_plasmas/structured.json,
new-lwfa-sim-1,kb-data/output//A_Flying_Focus_with_Arbitrary_Directionality,A Flying Focus with Arbitrary Directionality,"Sida Cao, 1, ∗ Devdigvijay Singh, 1 Lavonne S. Mack, 2 John P. Palastro, 2 and Matthew R. Edwards 1, †; 1 Department of Mechanical Engineering, Stanford University, Stanford, California 94305, USA; 2 Laboratory for Laser Energetics, University of Rochester, Rochester, New York 14623, USA",,"October 17, 2025",s3://new-lwfa-sim-1/kb-data/output//A_Flying_Focus_with_Arbitrary_Directionality/structured.json,
new-lwfa-sim-1,kb-data/output//A_New_Type_of_Plasma_Wakefield_Accelerator_Driven_by_Magnetowaves,A New Type of Plasma Wakefield Accelerator Driven by Magnetowaves,"Pisin Chen, 1, 2, 3, ∗ Feng-Yin Chang, 4, 3 Guey-Lin Lin, 4, 3 Robert J. Noble, 5 and Richard Sydora 6; 1 Kavli Institute for Particle Astrophysics and Cosmology,; Stanford Linear Accelerator Center, Stanford University, Stanford, CA 94305, USA.",0709.1177,,s3://new-lwfa-sim-1/kb-data/output//A_New_Type_of_Plasma_Wakefield_Accelerator_Driven_by_Magnetowaves/structured.json,
new-lwfa-sim-1,kb-data/output//A_Scalable_High-Efficiency_Low-Energy-Spread_Laser_Wakefield_Accelerator_using_a_Tri-plateau_Plasma_Channel,"A Scalable, High-Efficiency, Low-Energy-Spread, Laser Wakefield Accelerator using a Tri-plateau Plasma Channel","A Scalable, High-Efficiency, Low-Energy-Spread, Laser Wakefield Accelerator using a Tri-plateau Plasma Channel; Shuang Liu 1 , Fei Li 1 ✉ , Shiyu Zhou 1 , Jianfei Hua 1 , Warren B. Mori 2 , Chan Joshi 2 and Wei; 1 Department of Engineering Physics, Tsinghua University, Beijing 100084, China",,,s3://new-lwfa-sim-1/kb-data/output//A_Scalable_High-Efficiency_Low-Energy-Spread_Laser_Wakefield_Accelerator_using_a_Tri-plateau_Plasma_Channel/structured.json,
new-lwfa-sim-1,kb-data/output//A_bremsstrahlung_gamma-ray_source_based_on_stable_ionization_injection_of_electrons_into_a_laser_wakefield_accelerator,A bremsstrahlung gamma-ray source based on stable ionization injection of electrons into a laser wakefield accelerator,"A. D¨ opp, 1, 2, ∗ E. Guillaume, 1 C. Thaury, 1 A. Lifschitz, 1 F. Sylla, 3 J-P. Goddet, 1 A. Tafzi, 1; Iaquanello, T. Lefrou, P. Rousseau, E. Conejero, C. Ruiz, K. Ta Phuoc, and V. Malka; 1 LOA, ENSTA ParisTech, CNRS, ´ Ecole polytechnique, Universit´ e Paris-Saclay,",1510.08316,,s3://new-lwfa-sim-1/kb-data/output//A_bremsstrahlung_gamma-ray_source_based_on_stable_ionization_injection_of_electrons_into_a_laser_wakefield_accelerator/structured.json,
new-lwfa-sim-1,kb-data/output//Accurate_simulation_of_direct_laser_acceleration_in_a_laser_wakefield_accelerator,Accurate simulation of direct laser acceleration in a laser wakefield accelerator,"Kyle G. Miller, 1 John P. Palastro, 1 Jessica L. Shaw, 1 Fei Li, 2 Frank S. Tsung, 2 Viktor K. Decyk, 2 and Warren B. Mori 2; 1) Laboratory for Laser Energetics, University of Rochester, Rochester, NY 14623-1299,; 2) Department of Physics and Astronomy, University of California, Los Angeles, CA 90095,",,,s3://new-lwfa-sim-1/kb-data/output//Accurate_simulation_of_direct_laser_acceleration_in_a_laser_wakefield_accelerator/structured.json,
new-lwfa-sim-1,kb-data/output//Accurate_single-shot_measurement_technique_for_the_spectral_distribution_of_GeV_electron_beams_from_a_laser_wakefield_accelerator,Accurate single-shot measurement technique for the spectral distribution of GeV electron beams from a laser wakefield accelerator,"C. I. Hojbota 1,2 , Hyung Taek Kim 1,3* , Jung Hun Shin 1 , C. Aniculaesei 1 , B. S. Rao 1,4 , Chang Hee Nam 1,2**; 1 Center for Relativistic Laser Science (CoReLS), IBS, Gwangju 61005, Korea; 2 Department of Physics and Photon Science, GIST, Gwangju 61005, Korea",,,s3://new-lwfa-sim-1/kb-data/output//Accurate_single-shot_measurement_technique_for_the_spectral_distribution_of_GeV_electron_beams_from_a_laser_wakefield_accelerator/structured.json,
new-lwfa-sim-1,kb-data/output//All-optical_Compton_scattering_at_shallow_interaction_angles,All-optical Compton scattering at shallow interaction angles,"Ludwig-Maximilians-Universität München, Am Coulombwall 1, 85748 Garching, Germany; K. Ta Phuoc and I. A. Andriyash; Laboratoire d'Optique Appliquée, ENSTA Paris, CNRS,",1301.5066,,s3://new-lwfa-sim-1/kb-data/output//All-optical_Compton_scattering_at_shallow_interaction_angles/structured.json,
new-lwfa-sim-1,kb-data/output//Azimuthal_decomposition_study_of_a_realistic_laser_profile_for_efficient_modeling_of_Laser_WakeField_Acceleration,Azimuthal decomposition study of a realistic laser profile for efficient modeling of Laser WakeField Acceleration,"I. Zemzemi 1 , F. Massimo 1 , A. Beck 1; 1 Laboratoire Leprince-Ringuet - ´ Ecole polytechnique, CNRS-IN2P3, Palaiseau 91128, France",,,s3://new-lwfa-sim-1/kb-data/output//Azimuthal_decomposition_study_of_a_realistic_laser_profile_for_efficient_modeling_of_Laser_WakeField_Acceleration/structured.json,
new-lwfa-sim-1,kb-data/output//Batch_Bayesian_optimization_of_attosecond_betatron_pulses_from_laser_wakefield_acceleration,Batch Bayesian optimization of attosecond betatron pulses from laser wakefield acceleration,"Dominika Maslarova 1* , Albert Hansson 1 , Mufei Luo 1,2 , Vojtˇ ech Horn´ y 1,3 , Julien Ferri 1 , Istvan Pusztai 1 , and T¨ unde F¨ ul¨ op 1; 1 Department of Physics, Chalmers University of Technology, G¨ oteborg, SE-41296, Sweden; 2 Department of Physics, University of Oxford, Parks Road, Oxford OX1 3PU, UK",2020.0111,,s3://new-lwfa-sim-1/kb-data/output//Batch_Bayesian_optimization_of_attosecond_betatron_pulses_from_laser_wakefield_acceleration/structured.json,
new-lwfa-sim-1,kb-data/output//Bayesian_Optimisation_of_Non-linear_Breit-Wheeler_Pair_Production_in_Simulated_Laser_Experiments,Bayesian Optimisation of Non-linear Breit-Wheeler Pair Production in Simulated Laser Experiments,"Physics Department, Lancaster University, Bailrigg, Lancaster, UK, LA1 4YW; Cockcroft Institute, Keckwick Ln, Daresbury, Warrington, UK, WA4 4AD c.arran@lancaster.ac.uk; Department of Physics, University of Warwick, Coventry, UK, CV4 7AL Christopher P. Ridgers",2211.13187,"February 2, 2026",s3://new-lwfa-sim-1/kb-data/output//Bayesian_Optimisation_of_Non-linear_Breit-Wheeler_Pair_Production_in_Simulated_Laser_Experiments/structured.json,
new-lwfa-sim-1,kb-data/output//Bayesian_Optimization_of_Laser-Wakefield_Acceleration_via_Spectral_Pulse_Shaping,Bayesian Optimization of Laser-Wakefield Acceleration via Spectral Pulse Shaping,"B. Z. Djordjević, 1 C. Benedetti, 2 A. D. McNaughton, 1, 3 R. Lehe, 2 H.-E. Tsai, 2 S. C. Wilks, 1 B. A. Reagan, 1, 4 G.; J. Williams, 1 J. van Tilborg, 2 and C. B. Schroeder 2, 5; 1) Lawrence Livermore National Laboratory, Livermore, California 94550, USA a)",1507.04790,,s3://new-lwfa-sim-1/kb-data/output//Bayesian_Optimization_of_Laser-Wakefield_Acceleration_via_Spectral_Pulse_Shaping/structured.json,
new-lwfa-sim-1,kb-data/output//Bayesian_optimization_of_electron_energy_from_laser_wakefield_accelerators,Bayesian optimization of electron energy from laser wakefield accelerators,"P. Valenta, 1, ∗ T. Zh. Esirkepov, 2 J. D. Ludwig, 3 S. C. Wilks, 3 and S. V. Bulanov 1; 1 ELI Beamlines Facility, The Extreme Light Infrastructure ERIC,; Za Radnic´ ı 835, 25241 Doln´ ı Bˇ reˇ zany, Czech Republic",2411.02321,"September 16, 2025",s3://new-lwfa-sim-1/kb-data/output//Bayesian_optimization_of_electron_energy_from_laser_wakefield_accelerators/structured.json,
new-lwfa-sim-1,kb-data/output//Bayesian_optimization_of_laser_wakefield_acceleration_in_the_self-modulated_regime_SM-LWFA_aiming_to_produce_molybdenum-99_via_photonuclear_reactions,Bayesian optimization of laser wakefield acceleration in the self-modulated regime (SM-LWFA) aiming to produce molybdenum-99 via photonuclear reactions,"Bruno Silveira Nunes a,b,c, ∗ , Samara Prass dos Santos b,c , Roger Pizzato Nunes d,c , Cristian Bont ¸oiu e,f , Mirko Salom´ on Alva-S´ anchez b,c , Ricardo Elgul Samad a , Nilson Dias Vieira Jr. a , Guoxing Xia g,f , Javier Resta-L´ opez h , Alexandre Bonatto b,c, ∗; a Nuclear and Energy Research Institute, IPEN-CNEN, S˜ ao Paulo, SP, Brazil b Graduate Program in Information Technology and Healthcare Management, Federal University of Health Sciences of Porto Alegre (UFCSPA), Porto Alegre, RS, Brazil; c Beam Physics Group, Federal University of Health Sciences of Porto Alegre (UFCSPA), Porto Alegre, RS, Brazil d Federal University of Rio Grande do Sul (UFRGS), Porto Alegre, RS, Brazil",2018.0392,"October 1, 2024",s3://new-lwfa-sim-1/kb-data/output//Bayesian_optimization_of_laser_wakefield_acceleration_in_the_self-modulated_regime_SM-LWFA_aiming_to_produce_molybdenum-99_via_photonuclear_reactions/structured.json,
new-lwfa-sim-1,kb-data/output//Benchmarking_of_hydrodynamic_plasma_waveguides_for_multi-GeV_laser-driven_electron_acceleration,Benchmarking of hydrodynamic plasma waveguides for multi-GeV laser-driven electron acceleration,"B. Miao 1 , E. Rockafellow 1 , J.E. Shrock 1 , S.W. Hancock 1 , D. Gordon 2 and H.M. Milchberg 1,3; 1 Institute of Research in Electronics and Applied Physics and Dept. of Physics, University of Maryland, College Park, MD 20742; 2 Naval Research Laboratory, Washington DC 20375",,,s3://new-lwfa-sim-1/kb-data/output//Benchmarking_of_hydrodynamic_plasma_waveguides_for_multi-GeV_laser-driven_electron_acceleration/structured.json,
new-lwfa-sim-1,kb-data/output//Bright_muon_source_driven_by_GeV_electron_beams_from_a_compact_laser_wakefield_accelerator,Bright muon source driven by GeV electron beams from a compact laser wakefield accelerator,"Bobbili Sanyasi Rao 1,# , Jong Ho Jeon 1 , Hyung Taek Kim 1,2 † , and Chang Hee Nam 1,3; 1 Center for Relativistic Laser Science (CoReLS), Institute for Basic Science, Korea; 2 Advanced Photonics Research Institute, Gwangju Institute of Science and Technology (GIST), Korea",,,s3://new-lwfa-sim-1/kb-data/output//Bright_muon_source_driven_by_GeV_electron_beams_from_a_compact_laser_wakefield_accelerator/structured.json,
new-lwfa-sim-1,kb-data/output//Bright_γ_rays_source_and_copious_nonlinear_Breit-Wheeler_pairs_in_the_collision_of_high_density_particle_beams,Bright γ rays source and nonlinear Breit-Wheeler pairs in the collision of high density particle beams,"F. Del Gaudio, 1, ∗ T. Grismayer, 1, † R. A. Fonseca, 1, 2 W. B. Mori, 3 and L. O. Silva 1, ‡; 1 GoLP/Instituto de Plasmas e Fus˜ ao Nuclear, Instituto Superior T´ ecnico, Universidade de Lisboa, 1049-001 Lisbon, Portugal; 2 DCTI/ISCTE Instituto Universit´ ario de Lisboa, 1649-026 Lisboa, Portugal 3",,"March 4, 2019",s3://new-lwfa-sim-1/kb-data/output//Bright_γ_rays_source_and_copious_nonlinear_Breit-Wheeler_pairs_in_the_collision_of_high_density_particle_beams/structured.json,
new-lwfa-sim-1,kb-data/output//Carrier-envelope_phase_controlled_dynamics_of_relativistic_electron_beams_in_a_laser-wakefield_accelerator,Carrier-envelope phase controlled dynamics of relativistic electron beams in a laser-wakefield accelerator,"Lucas Rovige 1* , Jos´ ephine Monzac 1 , Julius Huijts 1 , Igor A. Andriyash 1 , Aline Vernier 1 , Jaismeen Kaur 1 , Marie Ouill´ e 1 , Zhao Cheng 1 , Vidmantas; Tomkus 2 , Valdas Girdauskas 2,3 , Gediminas Raciukaitis 2 , Juozas Dudutis 2 , Valdemar Stankevic 2 , Paulius Gecys 2 , Rodrigo Lopez-Martens 1 and J´ erˆ ome Faure 1; 1* LOA, CNRS, Ecole Polytechnique, ENSTA Paris, Institut Polytechnique de Paris, 181 Chemin de la Huni` ere, Palaiseau, 91120, France.",2111.03014,,s3://new-lwfa-sim-1/kb-data/output//Carrier-envelope_phase_controlled_dynamics_of_relativistic_electron_beams_in_a_laser-wakefield_accelerator/structured.json,
new-lwfa-sim-1,kb-data/output//Carrier-envelope_phase_effects_in_Laser_Wakefield_Acceleration_with_near-single-cycle_pulses,Identifying observable carrier-envelope phase effects in Laser Wakefield Acceleration with near-single-cycle pulses,"Julius Huijts, 1 Igor A. Andriyash, 1 Lucas Rovige, 1 Aline Vernier, 1 and J´ erˆ ome Faure 1; 1 LOA, CNRS, Ecole Polytechnique, ENSTA Paris, Institut Polytechnique de Paris,; 181 Chemin de la Huni` ere et des Joncherettes, 91120 Palaiseau, France",,"October 15, 2020",s3://new-lwfa-sim-1/kb-data/output//Carrier-envelope_phase_effects_in_Laser_Wakefield_Acceleration_with_near-single-cycle_pulses/structured.json,
new-lwfa-sim-1,kb-data/output//Characterization_and_Application_of_Hard_X-Ray_Betatron_Radiation_Generated_by_Relativistic_Electrons_from_a_Laser-Wakefield_Accelerator,Characterization and Application of Hard X-Ray Betatron Radiation Generated by Relativistic Electrons from a Laser-Wakefield Accelerator,"Michael Schnell, 1, * Alexander Sävert, 1 Ingo Uschmann, 1,2 Oliver Jansen, 3 Malte Christoph Kaluza, 1,2 and Christian Spielmann 1,2; Institute of Optics and Quantum Electronics, Abbe Center of Photonics, Friedrich Schiller University, Max-Wien Platz 1, 07743 Jena, Germany; Helmholtz Institute Jena, Friedrich Schiller University, Fröbelstieg 3, 07743 Jena, Germany",2005.1727,,s3://new-lwfa-sim-1/kb-data/output//Characterization_and_Application_of_Hard_X-Ray_Betatron_Radiation_Generated_by_Relativistic_Electrons_from_a_Laser-Wakefield_Accelerator/structured.json,
new-lwfa-sim-1,kb-data/output//Charge_coupling_in_multi-stage_laser_wakefield_acceleration,Charge coupling in multi-stage laser wakefield acceleration,"N . Pathak 1 , 2 ∗ , A . Zhidkov 1 , 2 , Y . Sakai 1 , 2 , Z . Jin 1 , 2 and T . Hosokai 1 , 2; 1 Institute of Scientific and Industrial Research (ISIR), Osaka University, Mihogaoka 8-1, Ibaraki, Osaka, 567-0047, Japan.; 2 Laser Accelerator R & D , Innovative Light Sources Division, RIKEN SPring-8 Center, 1-1-1, Kouto, Sayo-cho, Sayo-gun, Hyogo, 679-5148, Japan",,,s3://new-lwfa-sim-1/kb-data/output//Charge_coupling_in_multi-stage_laser_wakefield_acceleration/structured.json,
new-lwfa-sim-1,kb-data/output//Coherent_keV_backscattering_from_plasma-wave_boosted_relativistic_electron_mirrors,Coherent keV backscattering from plasma-wave boosted relativistic electron mirrors,"F. Y . Li, 1 Z. M. Sheng, 1,2, a) M. Chen, 1, b) H. C. Wu, 3 Y. Liu, 1 J. Meyer-ter-Vehn, 4 W. B. Mori, 5 and J. Zhang 1; 1) Key Laboratory for Laser Plasmas (Ministry of Education) and Department of Physics and Astronomy,; Shanghai Jiao Tong University, Shanghai 200240, China",1401.2799,,s3://new-lwfa-sim-1/kb-data/output//Coherent_keV_backscattering_from_plasma-wave_boosted_relativistic_electron_mirrors/structured.json,
new-lwfa-sim-1,kb-data/output//Collimated_Ultra-Bright_Gamma-Rays_from_a_PW-Laser-Driven_Wire_Wiggler,Collimated Ultra-Bright Gamma-Rays from a PW-Laser-Driven Wire Wiggler,"W.-M. Wang, 1, 2 Z.-M. Sheng, 3, 4, 5, 6 P. Gibbon, 7, 8 L.-M. Chen, 1, 5 Y.-T. Li, 1, 5, 9 and J. Zhang 4, 5; 1 Beijing National Laboratory for Condensed Matter Physics, Institute of Physics, CAS, Beijing 100190, China; 2 Beijing Advanced Innovation Center for Imaging Technology and Key Laboratory of Terahertz Optoelectronics (MoE), Department of Physics, Capital Normal University, Beijing 100048, China",1201.4466,"July 5, 2021",s3://new-lwfa-sim-1/kb-data/output//Collimated_Ultra-Bright_Gamma-Rays_from_a_PW-Laser-Driven_Wire_Wiggler/structured.json,
new-lwfa-sim-1,kb-data/output//Compact_Petawatt-Class_Laser_Wakefield_Acceleration_with_Plasma_Telescope,Compact Petawatt-Class Laser Wakefield Acceleration with Plasma Telescope,"State Key Laboratory of High Field Laser Physics and CAS Center for Excellence in Ultra-intense Laser Science, Shanghai Institute of Optics and Fine Mechanics (SIOM), Chinese Academy of Sciences (CAS), Shanghai 201800, China; Shanghai Normal University, Shanghai 200234, China.; (Dated: September 20, 2023)",1901.07974,"September 20, 2023",s3://new-lwfa-sim-1/kb-data/output//Compact_Petawatt-Class_Laser_Wakefield_Acceleration_with_Plasma_Telescope/structured.json,
new-lwfa-sim-1,kb-data/output//Compact_Spectroscopy_of_keV_to_MeV_X-rays_from_a_Laser_Wakefield_Accelerator,Compact Spectroscopy of keV to MeV X-rays from a Laser Wakefield Accelerator,"A. Hannasch 1 , A. Laso Garcia 2 , M. LaBerge 1,2 , R. Zgadzaj 1 , A. K¨ ohler 2 , J. P. Couperus Cabada˘ g 2 , O. Zarini 2 , T. Kurz 2 , A. Ferrari 2 , M. Molodtsova 2 , L. Naumann 2 , T. E. Cowan 2 , U. Schramm 2 , A. Irman 2 , and M. C. Downer 1,*; 1 The University of Texas at Austin, Department of Physics, Austin, Texas 78712-1081, USA.; 2 The Helmholtz-Zentrum Dresden-Rossendorf, Institute for Radiation Physics, 01328 Dresden, Germany",,,s3://new-lwfa-sim-1/kb-data/output//Compact_Spectroscopy_of_keV_to_MeV_X-rays_from_a_Laser_Wakefield_Accelerator/structured.json,
new-lwfa-sim-1,kb-data/output//Computationally_efficient_methods_for_modelling_laser_wakefield_acceleration_in_the_blowout_regime,Computationally efficient methods for modelling laser wakefield acceleration in the blowout regime,"B. M. COWAN 1 † , S. Y. KALMYKOV 2 ‡ , A. BECK 3 X. DAVOINE 4 , K. BUNKERS 2 , A. F. LIFSCHITZ 5 , E. LEFEBVRE 4 , D. L. BRUHWILER 1 , B. A. SHADWICK 2 , AND D. P. UMSTADTER 2; 1 Tech-X Corporation, 5621 Arapahoe Ave. Ste. A, Boulder, CO 80303, USA; 2 Department of Physics and Astronomy, University of Nebraska - Lincoln, NE 68588-0299, USA",,,s3://new-lwfa-sim-1/kb-data/output//Computationally_efficient_methods_for_modelling_laser_wakefield_acceleration_in_the_blowout_regime/structured.json,
new-lwfa-sim-1,kb-data/output//Consequences_of_laser_transverse_imperfections_on_laser_wakefield_acceleration_at_the_Apollon_facility,Consequences of laser transverse imperfections on laser wakefield acceleration at the Apollon facility,"Imene Zemzemi 1 , Arnaud Beck 1 , Arnd Specka 1; 1 Laboratoire Leprince-Ringuet - ´ Ecole polytechnique, CNRS-IN2P3, Palaiseau 91128, France; However, the self-injection technique offers little control over the injection process because it is very sensitive to both the conditions of the plasma and laser. The injection process is a key factor to determine the final bunch properties. This emphasizes the importance of establishing a more stable and controllable self-injection in order to generate laser-driven electron bunches that meet the requirements in terms of high charge, low emittance, and low-energy spread simultaneously.",,,s3://new-lwfa-sim-1/kb-data/output//Consequences_of_laser_transverse_imperfections_on_laser_wakefield_acceleration_at_the_Apollon_facility/structured.json,
new-lwfa-sim-1,kb-data/output//Continual_learning_autoencoder_training_for_a_particle-in-cell_simulation_via_streaming,Continual learning autoencoder training for a particle-in-cell simulation via streaming,"Machine Learning and the Physical Sciences workshop, NeurIPS 2022.",,,s3://new-lwfa-sim-1/kb-data/output//Continual_learning_autoencoder_training_for_a_particle-in-cell_simulation_via_streaming/structured.json,
new-lwfa-sim-1,kb-data/output//Control_of_electron_beam_current_charge_and_energy_spread_using_density_downramp_injection_in_laser_wakefield_accelerators,"Control of electron beam current, charge and energy spread using density downramp injection in laser wakefield accelerators","Control of electron beam current, charge and energy spread using density downramp injection in laser wakefield accelerators; C´ eline Hue, Yang Wan, Eitan Levine, and Victor Malka; Department of Physics of Complex Systems, Weizmann Institute of Science, Rehovot, Israel",,,s3://new-lwfa-sim-1/kb-data/output//Control_of_electron_beam_current_charge_and_energy_spread_using_density_downramp_injection_in_laser_wakefield_accelerators/structured.json,
new-lwfa-sim-1,kb-data/output//Control_of_electron_beam_polarization_in_the_bubble_regime_of_laser-wakefield_acceleration,Control of electron beam polarization in the bubble regime of laser-wakefield acceleration,"H. C. Fan 1 , X. Y. Liu 1 , X. F. Li 2 , 3 , 4 , ∗ J. F. Qu 1 , Q. Yu 5 , Q. Kong 1 , † S. M. Weng 3 , 4 ,; M. Chen 3 , 4 , M. Büscher 6 , 7 , P. Gibbon 2 , 8 , S. Kawata 9 , and Z. M. Sheng 3 , 4 , 10 , 11; 1 Key Laboratory of Nuclear Physics and Ion-beam Application (MOE), Institute of Modern Physics,",1306.6352,"January 11, 2022",s3://new-lwfa-sim-1/kb-data/output//Control_of_electron_beam_polarization_in_the_bubble_regime_of_laser-wakefield_acceleration/structured.json,
new-lwfa-sim-1,kb-data/output//Controlling_the_Numerical_Cerenkov_Instability_in_PIC_simulations_using_a_customized_finite_difference_Maxwell_solver_and_a_local_FFT_based_current_correction,Controlling the Numerical Cerenkov Instability in PIC simulations using a customized finite difference Maxwell solver and a local FFT based current correction,"Fei Li a , Peicheng Yu b , Xinlu Xu b,c , Frederico Fiuza d , Viktor K. Decyk c , Thamine Dalichaouch c , Asher Davidson c , Adam Tableman c , Weiming An b,c , Frank S. Tsung c , Ricardo A. Fonseca e,f , Wei Lu a , Warren B. Mori b,c a Department of Engineering Physics, Tsinghua University, Beijing 100084, China; b Department of Electrical Engineering, University of California Los Angeles, Los Angeles, CA 90095, USA; c Department of Physics and Astronomy, University of California Los Angeles, Los Angeles, CA 90095, USA d",,"September 18, 2018",s3://new-lwfa-sim-1/kb-data/output//Controlling_the_Numerical_Cerenkov_Instability_in_PIC_simulations_using_a_customized_finite_difference_Maxwell_solver_and_a_local_FFT_based_current_correction/structured.json,
new-lwfa-sim-1,kb-data/output//Coupling_and_Acceleration_of_Externally_Injected_Electron_Beams_in_Laser-Driven_Plasma_Wakefields,Coupling and Acceleration of Externally Injected Electron Beams in Laser-Driven Plasma Wakefields,"Srimanta Maity, 1, ∗ Pavel Sasorov, 1 and Alexander Molodozhentsev 1, †; 1 ELI Beamlines Facility, The Extreme Light Infrastructure ERIC, Za Radnic´ ı 835, 25241 Doln´ ı Bˇ reˇ zany, Czech Republic; Over the past two decades, a significant progress has been made in the development of laser-driven plasma accelerators [8-13]. Experimental studies have demonstrated the production of high-quality, quasimonoenergetic electron beams using tabletop laserplasma setups [14-19]. Quasi-monoenergetic electron beams with an energy of 8.0 GeV have been generated in a laser wakefield acceleration (LWFA) experiment utilizing a centimeter-scale capillary plasma chan-",,,s3://new-lwfa-sim-1/kb-data/output//Coupling_and_Acceleration_of_Externally_Injected_Electron_Beams_in_Laser-Driven_Plasma_Wakefields/structured.json,
new-lwfa-sim-1,kb-data/output//Dephasingless_laser_wakefield_acceleration_in_the_bubble_regime,Dephasingless laser wakefield acceleration in the bubble regime,"Kyle G. Miller, 1, ∗ Jacob R. Pierce, 2 Manfred V. Ambat, 1 Jessica L. Shaw, 1; Kale Weichman, 1 Warren B. Mori, 2,3 Dustin H. Froula, 1 and John P. Palastro 1; 1 Laboratory for Laser Energetics, University of Rochester, Rochester, NY 14623-1299, USA 2 Department of Physics and Astronomy,",,"August 28, 2023",s3://new-lwfa-sim-1/kb-data/output//Dephasingless_laser_wakefield_acceleration_in_the_bubble_regime/structured.json,
new-lwfa-sim-1,kb-data/output//Design_and_optimization_of_zone_plates_for_flying_focus_applications,Design and optimization of zone plates for flying focus applications,"ZHENGKUN LI, 1 YISONG ZHOU, 1 CHANGBO FU, 1,* YUGANG MA, 1; 1 Key Lab of Nuclear Physics and Ion-beam Application (MoE), Institute of Modern Physics, Fudan University, Shanghai 200433, China",,,s3://new-lwfa-sim-1/kb-data/output//Design_and_optimization_of_zone_plates_for_flying_focus_applications/structured.json,
new-lwfa-sim-1,kb-data/output//Differential_pumping_for_kHz_operation_of_a_Laser_Wakefield_accelerator_based_on_a_continuously_flowing_Hydrogen_gas_jet,Differential pumping for kHz operation of a Laser Wakefield accelerator based on a continuously flowing Hydrogen gas jet,"J. Monzac, 1 S. Smartsev, 1 J. Huijts, 1 L. Rovige, 1 I.A. Andriyash, 1 A. Vernier, 1 V. Tomkus, 2 V. Girdauskas, 2, 3 G. Raciukaitis, 2 M. Mackeviči¯ ut˙ e, 2 V. Stankevic, 2 A. Cavagna, 1 J. Kaur, 1 A. Kalouguine, 1 R. Lopez-Martens, 1 and 1; 1) LOA, CNRS, École Polytechnique, ENSTA Paris, Institut Polytechnique de Paris, Palaiseau, France; Center for Physical Sciences and Technology, Savanoriu Ave. 231, LT-02300, Vilnius, Lithuania",,,s3://new-lwfa-sim-1/kb-data/output//Differential_pumping_for_kHz_operation_of_a_Laser_Wakefield_accelerator_based_on_a_continuously_flowing_Hydrogen_gas_jet/structured.json,
new-lwfa-sim-1,kb-data/output//Direct_observation_of_the_injection_dynamics_of_a_laser_wakefield_accelerator_using_few-femtosecond_shadowgraphy,Direct observation of the injection dynamics of a laser wakefield accelerator using few-femtosecond shadowgraphy,"A. S¨ avert 1 , S. P. D. Mangles 2 , M. Schnell 1 , E. Siminos 3 , J. M. Cole 2 , M. Leier 1 , M. Reuter 1 , 4 , M. B. Schwab 1 , M. M¨ oller 1 , K. Poder 2 , O. J¨ ackel 4 , G. G. Paulus 1 , 4 , C. Spielmann 1 , 4 , S. Skupin 5 , Z. Najmudin 2 , and M. C. Kaluza 1 , 4; 1 Institut f¨ ur Optik und Quantenelektronik, Abbe-Center of Photonics,; Friedrich-Schiller-Universit¨ at, 07743 Jena, Germany",,,s3://new-lwfa-sim-1/kb-data/output//Direct_observation_of_the_injection_dynamics_of_a_laser_wakefield_accelerator_using_few-femtosecond_shadowgraphy/structured.json,
new-lwfa-sim-1,kb-data/output//Effect_of_a_femtosecond-scale_temporal_structure_of_a_laser_driver_on_generation_of_betatron_radiation_by_wakefield_accelerated_electrons,Effect of a femtosecond-scale temporal structure of a laser driver on generation of betatron radiation by wakefield accelerated electrons,"A. D. Sladkov 1 and A. V. Korzhimanov 1, a); Institute of Applied Physics of the Russian Academy of Sciences, Nizhny Novgorod, Russia; Despite the fact that the brightness of the betatron source was experimentally achieved at the level of 10 8 -10 9 photons per shot, the problem of further increasing the brightness is still relevant 12 . One of the possible ways to increase the brightness for the same laser pulse energy can be to reduce the duration of the driving laser pulse.",,,s3://new-lwfa-sim-1/kb-data/output//Effect_of_a_femtosecond-scale_temporal_structure_of_a_laser_driver_on_generation_of_betatron_radiation_by_wakefield_accelerated_electrons/structured.json,
new-lwfa-sim-1,kb-data/output//Effect_of_the_frequency_chirp_on_laser_wakefield_acceleration,Effect of the frequency chirp on laser wakefield acceleration,"V. B. Pathak 1 ∗ , J. Vieira 1 , R. A. Fonseca 1 , 2 , L. O. Silva 1 †; 1 GoLP/Instituto de Plasmas e Fus˜ ao Nuclear-Laborat´ orio Associado, Instituto Superior T´ ecnico, 1049-001 Lisboa, Portugal and 2; DCTI/ISCTE Lisbon University Institute, 1649-026 Lisbon, Portugal",,,s3://new-lwfa-sim-1/kb-data/output//Effect_of_the_frequency_chirp_on_laser_wakefield_acceleration/structured.json,
new-lwfa-sim-1,kb-data/output//Effects_of_initial_spin_orientation_on_the_generation_of_polarized_electron_beams_from_laser_wakefield_acceleration_in_plasma,Effects of initial spin orientation on the generation of polarized electron beams from laser wakefield acceleration in plasma,"With the continuous improvement of theories and experiments on LWFA [12-22] as well as the development of pre-polarized plasma targets [23, 24], generation of spinpolarized electron beams with high-quality via different injection mechanisms has received considerably interest [25-33]. Wen et al. proposed that high-current polarized electron beams could be produced through the densitytransition injection in a pre-polarized gas plasma generated by laser-induced photo-dissociation [25]. Wu et al.",,"February 13, 2025",s3://new-lwfa-sim-1/kb-data/output//Effects_of_initial_spin_orientation_on_the_generation_of_polarized_electron_beams_from_laser_wakefield_acceleration_in_plasma/structured.json,
new-lwfa-sim-1,kb-data/output//Efficient_acceleration_of_high-charge_quasi-monoenergetic_electron_bunches_in_the_blow-out_regime_using_a_few_TW_mid-infrared_laser_pulses,Efficient acceleration of high-charge quasi-monoenergetic electron bunches in the blow-out regime using a few TW mid-infrared laser pulses,"Eisuke Miura, 1, a) Shin-ichi Masuda, 2 and Eiji J. Takahashi 3; 1) National Institute of Advanced Industrial Science and Technology (AIST),; Tsukuba Central 2, 1-1-1 Umezono, Tsukuba, Ibaraki 305-8568,",,,s3://new-lwfa-sim-1/kb-data/output//Efficient_acceleration_of_high-charge_quasi-monoenergetic_electron_bunches_in_the_blow-out_regime_using_a_few_TW_mid-infrared_laser_pulses/structured.json,
new-lwfa-sim-1,kb-data/output//Efficient_cylindrical_envelope_modeling_for_laser_wakefield_acceleration,Efficient cylindrical envelope modeling for laser wakefield acceleration,"F. Massimo 1 , I. Zemzemi 1 , A. Beck 1 , J. D´ erouillat 2 and A. Specka 1; 1 Laboratoire Leprince-Ringuet - ´ Ecole polytechnique, CNRS-IN2P3, Palaiseau 91128, France; 2 Maison de la Simulation, CEA, CNRS, Universit´ e Paris-Sud, UVSQ, Universit´ e Paris-Saclay, 91191 Gif-sur-Yvette, France",,,s3://new-lwfa-sim-1/kb-data/output//Efficient_cylindrical_envelope_modeling_for_laser_wakefield_acceleration/structured.json,
new-lwfa-sim-1,kb-data/output//Efficient_start-to-end_3D_envelope_modeling_for_two-stage_laser_wakefield_acceleration_experiments,Efficient start-to-end 3D envelope modeling for two-stage laser wakefield acceleration experiments,"F. Massimo 1 *, A. Beck 1 , J. Derouillat 2 , M. Grech 3 , M. Lobet 2 , F. P´ erez 3 , I. Zemzemi 1 and A. Specka 1; 1 Laboratoire Leprince-Ringuet - ´ Ecole polytechnique, CNRS-IN2P3, Palaiseau 91128, France; 2 Maison de la Simulation, CEA, CNRS, Universit´ e Paris-Sud, UVSQ, Universit´ e Paris-Saclay, F-91191 Gif-sur-Yvette, France",,,s3://new-lwfa-sim-1/kb-data/output//Efficient_start-to-end_3D_envelope_modeling_for_two-stage_laser_wakefield_acceleration_experiments/structured.json,
new-lwfa-sim-1,kb-data/output//Electron_Beam_Chirp_Dexterity_in_Staging_Laser_Wakefield_Acceleration,Electron Beam Chirp Dexterity in Staging Laser Wakefield Acceleration,"N . Pathak 1 , 2 ∗ , A . Zhidkov 1 , 2 and T . Hosokai 1 , 2; 1 Institute of Scientific and Industrial Research (ISIR), Osaka University, Mihogaoka 8-1, Ibaraki, Osaka, 567-0047, Japan.; 2 Laser Accelerator R & D , Innovative Light Sources Division, RIKEN SPring-8 Center, 1-1-1, Kouto, Sayo-cho, Sayo-gun, Hyogo, 679-5148, Japan",,,s3://new-lwfa-sim-1/kb-data/output//Electron_Beam_Chirp_Dexterity_in_Staging_Laser_Wakefield_Acceleration/structured.json,
new-lwfa-sim-1,kb-data/output//Electron_bunch_injection_at_an_angle_into_a_laser_wakefield,Electron bunch injection at an angle into a laser wakefield,"M.J.H. Luttikhof, ∗ A.G. Khachatryan, F.A. van Goor, and K.-J. Boller; Faculty of Science and Technology and MESA+ Institute, University of Twente, P.O. Box 217, 7500 AE Enschede, The Netherlands; Centre de Physique Th´ eorique, ´ Ecole Polytechnique, 91128 Palaiseau, France",,"August 16, 2018",s3://new-lwfa-sim-1/kb-data/output//Electron_bunch_injection_at_an_angle_into_a_laser_wakefield/structured.json,
new-lwfa-sim-1,kb-data/output//Electron_energy_increase_in_a_laser_wakefield_accelerator_using_longitudinally_shaped_plasma_density_profiles,Electron energy increase in a laser wakefield accelerator using longitudinallyshaped plasma density profiles,"Constantin Aniculaesei 1,# , Vishwa Bandhu Pathak 1 , Hyung Taek Kim 1,2,* , Kyung Hwan Oh 1 , Byung Ju Yoo 1 , Enrico Brunetti 4 , Yong Ha Jang 1 , Calin Ioan Hojbota 1,3 , Junghun Shin 1 , Jeong Ho Jeon 1 , Seongha Cho 1 , Myung Hoon Cho 1 , Jae Hee Sung 1,2 , Seong Ku Lee 1,2 , Björn Manuel Hegelich 1,3  and Chang Hee Nam 1,3; 1 Center for Relativistic Laser Science, Institute for Basic Science (IBS), Gwangju 61005, Republic of Korea.; 2 Advanced Photonics Research Institute, Gwangju Institute of Science and Technology (GIST), Gwangju 61005, Republic of Korea",,,s3://new-lwfa-sim-1/kb-data/output//Electron_energy_increase_in_a_laser_wakefield_accelerator_using_longitudinally_shaped_plasma_density_profiles/structured.json,
new-lwfa-sim-1,kb-data/output//Elimination_of_Numerical_Cherenkov_Instability_in_flowing-plasma_Particle-In-Cell_simulations_by_using_Galilean_coordinates,Elimination of Numerical Cherenkov Instability in flowing-plasma Particle-In-Cell simulations by using Galilean coordinates,"Remi Lehe a , ∗ Manuel Kirchen b , Brendan B. Godfrey a,c , Andreas R. Maier b , and Jean-Luc Vay a a Lawrence Berkeley National Laboratory, Berkeley, CA 94720, USA; b Center for Free-Electron Laser Science & Department of Physics,; University of Hamburg, 22761 Hamburg, Germany c University of Maryland, College Park, MD 20742, USA",0802.3216,"August 28, 2018",s3://new-lwfa-sim-1/kb-data/output//Elimination_of_Numerical_Cherenkov_Instability_in_flowing-plasma_Particle-In-Cell_simulations_by_using_Galilean_coordinates/structured.json,
new-lwfa-sim-1,kb-data/output//Elimination_of_the_numerical_Cerenkov_instability_for_spectral_EM-PIC_codes,Elimination of the numerical Cerenkov instability for spectral EM-PIC codes,"Peicheng Yu a , Xinlu Xu b , Viktor K. Decyk c , Frederico Fiuza d , Jorge e c e,f b e; Vieira , Frank S. Tsung , Ricardo A. Fonseca , Wei Lu , Luis O. Silva , Warren B. Mori a,c a Department of Electrical Engineering, University of California Los Angeles, Los Angeles, CA 90095, USA; b Department of Engineering Physics, Tsinghua University, Beijing 100084, China c Department of Physics and Astronomy, University of California Los Angeles, Los Angeles, CA 90095, USA",,"October 30, 2018",s3://new-lwfa-sim-1/kb-data/output//Elimination_of_the_numerical_Cerenkov_instability_for_spectral_EM-PIC_codes/structured.json,
new-lwfa-sim-1,kb-data/output//Energy-chirp_compensation_in_laser_wakefield_accelerators,Energy-chirp compensation in laser wakefield accelerators,"A. D¨ opp, 1, 2 C. Thaury, 1 E. Guillaume, 1 F. Massimo, 1 A. Lifschitz, 1 I. Andriyash, 1, 3 J.-P. Goddet, 1 A. Tazfi, 1 K. Ta Phuoc, 1 and V. Malka 1, 3; 1 LOA, ENSTA ParisTech - CNRS -´ Ecole Polytechnique - Universit´ e Paris-Saclay,; 828 Boulevard des Mar´ echaux, 91762 Palaiseau Cedex, France",,,s3://new-lwfa-sim-1/kb-data/output//Energy-chirp_compensation_in_laser_wakefield_accelerators/structured.json,
new-lwfa-sim-1,kb-data/output//Energy_boost_in_laser_wakefield_accelerators_using_sharp_density_transitions,Energy boost in laser wakefield accelerators using sharp density transitions,"A. D¨ opp, E. Guillaume, C. Thaury, A. Lifschitz, K. Ta Phuoc, and V. Malka; LOA, ENSTA ParisTech - CNRS -´ Ecole Polytechnique - Universit´ e Paris-Saclay, 828 Boulevard des Mar´ echaux, 91762 Palaiseau Cedex, France",,,s3://new-lwfa-sim-1/kb-data/output//Energy_boost_in_laser_wakefield_accelerators_using_sharp_density_transitions/structured.json,
new-lwfa-sim-1,kb-data/output//Enhanced_betatron-radiation_energy_using_two_collinear_laser_pulses,Enhanced betatron-radiation energy using two collinear laser pulses,"Z. M. Chitgar 1 , P. Gibbon 1,2 , J. Böker 3 , A. Lehrach 3,4 , and M. Büscher 5,6; Institute for Advanced Simulation, Jülich Supercomputing Centre, Forschungszentrum Jülich,; 1 D-52425 Jülich, Germany",,,s3://new-lwfa-sim-1/kb-data/output//Enhanced_betatron-radiation_energy_using_two_collinear_laser_pulses/structured.json,
new-lwfa-sim-1,kb-data/output//Enhanced_betatron_radiation_by_steering_a_low-energy-spread_electron_beam_in_a_deflected_laser-driven_plasma_wiggler,Enhanced betatron radiation by steering a low-energy-spread electron beam in a deflected laser-driven plasma wiggler,,,,s3://new-lwfa-sim-1/kb-data/output//Enhanced_betatron_radiation_by_steering_a_low-energy-spread_electron_beam_in_a_deflected_laser-driven_plasma_wiggler/structured.json,
new-lwfa-sim-1,kb-data/output//Enhancement_of_betatron_X-rays_through_asymmetric_laser_wakefield_generated_in_transverse_density_gradients,Enhancement of betatron X-rays through asymmetric laser wakefield generated in transverse density gradients,"J. Ferri 1, 2, 3, a) and X. Davoine 1, b); 1) CEA, DAM, DIF, 91297 Arpajon, France; 2) LOA, ENSTA ParisTech, CNRS, Ecole Polytechnique, Universit´ e Paris-Saclay, 91762 Palaiseau, France",,,s3://new-lwfa-sim-1/kb-data/output//Enhancement_of_betatron_X-rays_through_asymmetric_laser_wakefield_generated_in_transverse_density_gradients/structured.json,
new-lwfa-sim-1,kb-data/output//Enhancement_of_electron_energy_to_multi-GeV_regime_by_a_dual-stage_laser-wakefield_accelerator_pumped_by_petawatt_laser_pulses,Enhancement of electron energy to multi-GeV regime by a dualstage laser-wakefield accelerator pumped by petawatt laser pulses,"Hyung Taek Kim 1,2 , Ki Hong Pae 1 , Hyuk Jin Cha 1 , I Jong Kim 1,2 , Tae Jun Yu 1,2 , Jae Hee Sung 1,2 , Seong Ku Lee 1,2 , Tae Moon Jeong 1,2 , and Jongmin Lee 1* 1 Advanced Photonics Research Institute, GIST, Gwangju 500-712, Korea 2; Center for Relativistic Laser Science, Institute for Basic Science GIST-campus, Gwangju 500-712, Korea leejm@gist.ac.kr*",,,s3://new-lwfa-sim-1/kb-data/output//Enhancement_of_electron_energy_to_multi-GeV_regime_by_a_dual-stage_laser-wakefield_accelerator_pumped_by_petawatt_laser_pulses/structured.json,
new-lwfa-sim-1,kb-data/output//Estimation_of_direct_laser_acceleration_in_laser_wakefield_accelerators_using_particle-in-cell_simulations,Estimation of direct laser acceleration in laser wakefield accelerators using particle-in-cell simulations,"J L Shaw 1 , N Lemos 1 , K A Marsh 1 , F S Tsung 2 , W B Mori 1,2 and C Joshi 1; 1 Department of Electrical Engineering & 2 Department of Physics and Astronomy, University of California Los Angeles, 405 Hilgard Ave, Los Angeles, California, United States 90095; PACS: 52.38.Kd, 41.75.Jv, 52.35.Mw, 52.65.Rr",,,s3://new-lwfa-sim-1/kb-data/output//Estimation_of_direct_laser_acceleration_in_laser_wakefield_accelerators_using_particle-in-cell_simulations/structured.json,
new-lwfa-sim-1,kb-data/output//Evolution_of_the_self-injection_process_in_the_transition_of_an_LWFA_from_self-modulation_to_blowout_regime,Evolution of the self-injection process in the transition of an LWFA from self-modulation to blowout regime,"Prabhat Kumar, 1 Kwangmin Yu, 2 Rafal Zgadzaj, 3 Michael Downer, 3 Irina Petrushina, 4 Roman Samulyak, 1, 2, a) Vladimir Litvinenko, 4 and Navid Vafaei-Najafabadi 4; 1) Department of Applied Mathematics and Statistics, Stony Brook University, Stony Brook, New York 11794, USA.; 2) Computational Science Initiative, Brookhaven National Laboratory, Upton, New York 11973, USA.",1705.10588,"August 28, 2020",s3://new-lwfa-sim-1/kb-data/output//Evolution_of_the_self-injection_process_in_the_transition_of_an_LWFA_from_self-modulation_to_blowout_regime/structured.json,
new-lwfa-sim-1,kb-data/output//Excitation_of_Giant_Surface_Waves_During_Laser_Wake_Field_Acceleration,Excitation of Giant Surface Waves During Laser Wake Field Acceleration,"Travis Garrett, 1 C. V. Pieronek, 1 E. Rockafellow, 2 Oliver Sale, 3 Sahir Virani, 1; J. E. Shrock, B. Miao, A. Sloss, Jennifer Elle, and H. M. Milchberg; 1 Air Force Research Laboratory, Directed Energy Directorate, Albuquerque, NM 87123, USA",2502.08048,,s3://new-lwfa-sim-1/kb-data/output//Excitation_of_Giant_Surface_Waves_During_Laser_Wake_Field_Acceleration/structured.json,
new-lwfa-sim-1,kb-data/output//Exploiting_multi-scale_parallelism_for_large_scale_numerical_modelling_of_laser_wakefield_accelerators,Exploiting multi-scale parallelism for large scale numerical modelling of laser wakefield accelerators,"R A Fonseca 1 , 2 , J Vieira 2 , F Fiuza 3 , A Davidson 4 , F S Tsung 4 , WBMori 4 and L O Silva 2; Departamento Ciˆ encias e Tecnologias da Informa¸ c˜ ao, ISCTE - Instituto; Universit´ ario de Lisboa, 1649-026 Lisboa, Portugal",,,s3://new-lwfa-sim-1/kb-data/output//Exploiting_multi-scale_parallelism_for_large_scale_numerical_modelling_of_laser_wakefield_accelerators/structured.json,
new-lwfa-sim-1,kb-data/output//Extitation_of_wakefield_by_a_laser_pulse_in_a_metallic-density_electron_plasma,Extitation of wakefield by a laser pulse in a metallic-density electron plasma,"Denys Bondar (1, 2), Vasyl Maslov (1, 2), Iryna Levchuk (1), Ivan Onishcenko (1) ((1) National Science Center 'Kharkov Institute of Physics and Technology', Kharkov, Ukraine (2) V.N. Karazin Kharkov National University, Kharkov, Ukraine); In [43-48] it has shown that at certain conditions the laser wakefield acceleration is added by a beam-plasma wakefield  acceleration.  In  this  paper  laser  wakefield acceleration  in  a  plasma  of  metallic-density,  the  maximum accelerating gradient in such a new medium, the transition to the regime of joint laser wakefield acceleration  and  beam-plasma  wakefield  acceleration  are  numerically simulated.; At  this  time  1-st  bunch  in  1-st  wake  bubble  is  al- ready under the effect of an almost zero x E , and after some time it will become a driver. I.e. in Fig. 1 one can see  that  1-st  bunch,  self-injected  and  accelerated  after 1st  laser  pulse  in  1-st  wake bubble,  at  this  time  is  still accelerated, but already in a small x E , because it almost reached the middle of bubble.",1307.4159,,s3://new-lwfa-sim-1/kb-data/output//Extitation_of_wakefield_by_a_laser_pulse_in_a_metallic-density_electron_plasma/structured.json,
new-lwfa-sim-1,kb-data/output//First_Electron_Acceleration_in_a_Tunable-Velocity_Laser_Wakefield,First Electron Acceleration in a Tunable-Velocity Laser Wakefield,"Aaron Liberman, ∗ Anton Golovanov, ∗ Slava Smartsev, ∗ Anda-Maria Talposi, ∗ Sheroy Tata, and Victor Malka; Department of Physics of Complex Systems, Weizmann Institute of Science, Rehovot 7610001, Israel (Dated: December 9, 2025)",,"December 9, 2025",s3://new-lwfa-sim-1/kb-data/output//First_Electron_Acceleration_in_a_Tunable-Velocity_Laser_Wakefield/structured.json,
new-lwfa-sim-1,kb-data/output//Full-scale_ab_initio_3D_PIC_simulations_of_an_all-optical_radiation_reaction_configuration_at_1021mathrmWcm2,Full-scale ab initio 3D PIC simulations of an all-optical radiation reaction configuration at 10 21 W / cm 2,"Marija Vranic, Joana L. Martins, Jorge Vieira, Ricardo A. Fonseca and Luis O. Silva; (Dated: November 9, 2021); We start by analytically estimating how much energy the electrons loose during the interaction with the scattering laser pulse. For the sake of completeness, we examine the total radiated power (averaged over the solid angle) for a single electron undergoing Compton scattering in a plane electromagnetic wave [14] given by:",,"November 9, 2021",s3://new-lwfa-sim-1/kb-data/output//Full-scale_ab_initio_3D_PIC_simulations_of_an_all-optical_radiation_reaction_configuration_at_1021mathrmWcm2/structured.json,
new-lwfa-sim-1,kb-data/output//Gas_cell_density_characterization_for_laser_wakefield_acceleration,Abstract,"Keywords: Gas cell, Laser wakefield, Electrons; Email addresses: thomas.audet@u-psud.fr (T. L. Audet), brigitte.cros@u-psud.fr (B. Cros); T. L. Audet a , P. Lee a , G. Maynard a , S. Dobosz Dufr´ enoy b , A. Maitrallain b , M. Bougeard b , P. Monot b , B. Cros a a LPGP, CNRS, Univ. Paris-Sud, Universit´ e Paris-Saclay, 91405, Orsay, France b LIDYL, CEA, Universit´ e Paris-Saclay, 91191, Gif-sur-Yvette, France.",1711.01613,"June 18, 2021",s3://new-lwfa-sim-1/kb-data/output//Gas_cell_density_characterization_for_laser_wakefield_acceleration/structured.json,
new-lwfa-sim-1,kb-data/output//GeV_electrons_due_to_a_transition_from_laser_wakefield_acceleration_to_plasma_wakefield_acceleration,GeV electrons due to a transition from laser wakefield acceleration to plasma wakefield acceleration,"P. E. Masson-Laborde, 1, a) M. Z. Mo, 2, b) A. Ali, 2 S. Fourmaux, 3 P. Lassonde, 3 J. C. Kieffer, 3 W.Rozmus, 4 D. Teychenné, 1 and R. Fedosejevs 2, c); 1) CEA, DAM, DIF, F-91297 Arpajon Cedex, France; Department of Electrical and Computer Engineering,University of Alberta, Edmonton, AB, Canada,T6G 2V4",,"August 10, 2018",s3://new-lwfa-sim-1/kb-data/output//GeV_electrons_due_to_a_transition_from_laser_wakefield_acceleration_to_plasma_wakefield_acceleration/structured.json,
new-lwfa-sim-1,kb-data/output//Generating_10_GW-class_isolated_zeptosecond_x-ray_bursts_through_bootstrapping_two_plasma-based_accelerator_stages,Generating 10 GW-class isolated zeptosecond x-ray bursts through bootstrapping two plasma-based accelerator stages,"Qianyi Ma, 1 Yuhui Xia, 1 Zhenan Wang, 1 Yuekai Chen, 1 Letian Liu, 1 Zhiyan Yang, 1; 2 1, 3, ∗ 1, 3, 4, † 5 5, 6; Chao Feng, Xinlu Xu, Xueqing Yan, Chan Joshi, and Warren B. Mori",1207.7168,"September 18, 2025",s3://new-lwfa-sim-1/kb-data/output//Generating_10_GW-class_isolated_zeptosecond_x-ray_bursts_through_bootstrapping_two_plasma-based_accelerator_stages/structured.json,
new-lwfa-sim-1,kb-data/output//Generating_multi-GeV_electron_bunches_using_single_stage_laser_wakefield_acceleration_in_a_3D_nonlinear_regime,Generating multi-GeV electron bunches using single stage laser wakefield acceleration in a 3D nonlinear regime,"October 9, 2018; W. Lu, M. Tzoufras, and C. Joshi; Department of Electrical Engineering,",,"October 9, 2018",s3://new-lwfa-sim-1/kb-data/output//Generating_multi-GeV_electron_bunches_using_single_stage_laser_wakefield_acceleration_in_a_3D_nonlinear_regime/structured.json,
new-lwfa-sim-1,kb-data/output//Generation_of_Low_Absolute_Energy_Spread_Electron_Beams_in_Laser_Wakefield_Acceleration_Using_Tightly_Focused_Laser_through_Near-Ionization-Threshold_Injection,Generation of Low Absolute Energy Spread Electron Beams in Laser Wakefield Acceleration Using Tightly Focused Laser through Near-Ionization-Threshold Injection,"F Li 1 , C J Zhang 1 , Y Wan 1 , Y P Wu 1 , J F Hua 1 , C H Pai 1 ,W Lu 1 , WBMori 2 , C Joshi 2; 1 Department of Engineering Physics, Tsinghua University, Beijing 100084, China; 2 University of California Los Angeles, Los Angeles, CA 90095, United State",,,s3://new-lwfa-sim-1/kb-data/output//Generation_of_Low_Absolute_Energy_Spread_Electron_Beams_in_Laser_Wakefield_Acceleration_Using_Tightly_Focused_Laser_through_Near-Ionization-Threshold_Injection/structured.json,
new-lwfa-sim-1,kb-data/output//Generation_of_Ultrabrilliant_Positron_Beam_via_Superponderomotive_Injection_in_Laser_Wakefield_Acceleration,Generation of Ultrabrilliant Positron Beam via Superponderomotive Injection in Laser Wakefield Acceleration,"Ting Sun, 1 Zhen-Ke Dou, 1 Ya-Qing Huang, 1 Feng Wan, 1 Qian Zhao, 1, ∗ and Jian-Xing Li 1, 2, †; 1 Ministry of Education Key Laboratory for Nonequilibrium Synthesis and Modulation of Condensed Matter, State key laboratory of electrical insulation and power equipment,; 2 Department of Nuclear Physics, China Institute of Atomic Energy, P.O. Box 275(7), Beijing 102413, China (Dated: August 18, 2025)",2201.07895,"August 18, 2025",s3://new-lwfa-sim-1/kb-data/output//Generation_of_Ultrabrilliant_Positron_Beam_via_Superponderomotive_Injection_in_Laser_Wakefield_Acceleration/structured.json,
new-lwfa-sim-1,kb-data/output//Generation_of_polarized_electron_beams_through_self-injection_in_the_interaction_of_a_laser_with_a_pre-polarized_plasma,Generation of polarized electron beams through self-injection in the interaction of a laser with a pre-polarized plasma,"L. R. Yin, 1 X. F. Li, 2, a) Y. J. Gu, 3 N. Cao, 4 Q. Kong, 1, b) M. B¨ uscher, 5, 6 S. M. Weng, 7, 8 M. Chen, 7, 8 and Z. M. Sheng 7, 8, 9; 1) Key Laboratory of Nuclear Physics and Ion-beam Application (MOE), Institute of Modern Physics,; Department of Nuclear Science and Technology, Fudan University, Shanghai 200433, China",2212.13404,,s3://new-lwfa-sim-1/kb-data/output//Generation_of_polarized_electron_beams_through_self-injection_in_the_interaction_of_a_laser_with_a_pre-polarized_plasma/structured.json,
new-lwfa-sim-1,kb-data/output//Generation_of_ultrabrilliant_polarized_attosecond_electron_bunch_via_dual-wake_injection,Generation of ultrabrilliant polarized attosecond electron bunches via dual-wake injection,"Ting Sun, 1 Qian Zhao, 1, ∗ Feng Wan, 1 Yousef I. Salamin, 2 and Jian-Xing Li 1, †; Ministry of Education Key Laboratory for Nonequilibrium Synthesis and Modulation of Condensed Matter, Shaanxi Province Key Laboratory of Quantum Information and Quantum Optoelectronic Devices, School of Physics, Xi'an Jiaotong University, Xi'an 710049, China; 2 Department of Physics, American University of Sharjah, Sharjah, POB 26666 Sharjah, United Arab Emirates",,"November 16, 2023",s3://new-lwfa-sim-1/kb-data/output//Generation_of_ultrabrilliant_polarized_attosecond_electron_bunch_via_dual-wake_injection/structured.json,
new-lwfa-sim-1,kb-data/output//High-quality_electron_beam_generation_from_laser_wakefield_accelerators_for_driving_compact_free_electron_lasers,I. INTRODUCTION,"Ke Feng, 1,*,‡ Kangnan Jiang, 1,‡ Runshu Hu, 1,2 Chen Lv, 1 Xizhuan Chen, 1,2 Hai Jiang, 1 Shixia Luan, 1  Wentao Wang, 1,† and Ruxin Li 1,2,3; 1 State Key Laboratory of High Field Laser Physics and CAS Center for Excellence in Ultra-intense Laser Science, Shanghai Institute of Optics and Fine Mechanics (SIOM), Chinese Academy of Sciences (CAS), Shanghai 201800, China; 2 Center of Materials Science and Optoelectronics Engineering, University of Chinese Academy of Sciences, Beijing 101408, China.",,,s3://new-lwfa-sim-1/kb-data/output//High-quality_electron_beam_generation_from_laser_wakefield_accelerators_for_driving_compact_free_electron_lasers/structured.json,
new-lwfa-sim-1,kb-data/output//High_Flux_Electron_Beams_from_Laser_Wakefield_Accelerators_Driven_by_Petawatt_Lasers,High Flux Electron Beams from Laser Wakefield Accelerators Driven by Petawatt Lasers,"Ming Zeng 1, a) and Ovidiu Tesileanu 1; Extreme Light Infrastructure - Nuclear Physics, Horia Hulubei National Institute for Physics and Nuclear Engineering, 30 Reactorului Street, P.O. Box MG-6, 077125 Magurele, jud. Ilfov, Romania; PACS numbers: 52.38.Hb, 52.38.Kd, 52.65.Rr",,,s3://new-lwfa-sim-1/kb-data/output//High_Flux_Electron_Beams_from_Laser_Wakefield_Accelerators_Driven_by_Petawatt_Lasers/structured.json,
new-lwfa-sim-1,kb-data/output//High_Flux_Femtosecond_X-ray_Emission_from_the_Electron-Hose_Instability_in_Laser_Wakefield_Accelerators,High Flux Femtosecond X-ray Emission from the Electron-Hose Instability in Laser Wakefield Accelerators,"C. F. Dong, 1, 2 T. Z. Zhao, 2 K. Behm, 2 P. G. Cummings, 2 J. Nees, 2; A. Maksimchuk, 2 V. Yanovsky, 2 K. Krushelnick, 2 and A. G. R. Thomas 2, 3; 1 Department of Astrophysical Sciences and Princeton Plasma Physics Laboratory, Princeton University, Princeton, NJ 08544, USA",,,s3://new-lwfa-sim-1/kb-data/output//High_Flux_Femtosecond_X-ray_Emission_from_the_Electron-Hose_Instability_in_Laser_Wakefield_Accelerators/structured.json,
new-lwfa-sim-1,kb-data/output//High_charge_plasma_electron_bunches_from_two_collinear_laser_pulses,High charge plasma electron bunches from two collinear laser pulses,"The second approach does not rely on optical field ionization, but it is based on different focusing of both collinear pulses. Thomas et al. 18 used laser pulse with a",,,s3://new-lwfa-sim-1/kb-data/output//High_charge_plasma_electron_bunches_from_two_collinear_laser_pulses/structured.json,
new-lwfa-sim-1,kb-data/output//High_quality_beam_produced_by_tightly_focused_laser_driven_wakefield_accelerators,High quality beam produced by tightly focused laser driven wakefield accelerators,"Jia Wang, Ming Zeng, ∗ Dazhang Li, † Xiaoning Wang, and Jie Gao; Institute of High Energy Physics, Chinese Academy of Sciences, Beijing 100049, China and; University of Chinese Academy of Sciences, Beijing 100049, China",,"April 24, 2023",s3://new-lwfa-sim-1/kb-data/output//High_quality_beam_produced_by_tightly_focused_laser_driven_wakefield_accelerators/structured.json,
new-lwfa-sim-1,kb-data/output//High_quality_electron_beam_acceleration_by_ionization_injection_in_laser_wakefields_with_mid-infrared_dual-color_lasers,High quality electron beam acceleration by ionization injection in laser wakefields with mid-infrared dual-color lasers,"Ming Zeng, 1,2,3, a) Ji Luo, 1, 2 Min Chen, 1,2 Warren B. Mori, 4 Zheng-Ming Sheng, 1,2,5 and Bernhard Hidding 5; 1) Key Laboratory for Laser Plasmas (Ministry of Education), Department of Physics and Astronomy, Shanghai Jiao Tong University, Shanghai 200240, China; 2) Collaborative Innovation Center of IFSA (CICIFSA), Shanghai Jiao Tong University, Shanghai, 200240, China",,,s3://new-lwfa-sim-1/kb-data/output//High_quality_electron_beam_acceleration_by_ionization_injection_in_laser_wakefields_with_mid-infrared_dual-color_lasers/structured.json,
new-lwfa-sim-1,kb-data/output//Impact_of_Electron_Transport_Models_on_Capillary_Discharge_Plasmas,Impact of Electron Transport Models on Capillary Discharge Plasmas,"A. Diaw, 1, a) S. J. Coleman, N. M. Cook, and J. Edelen, 1 E. C. Hansen, 2 and P. Tzeferacos 2, 3; 1) RadiaSoft LLC, 6640 Gunpark Dr Suite 200 Boulder, CO 80301 U.S.; 2) Flash Center for Computational Science, Department of Physics and Astronomy, University of Rochester, 500 Wilson Blvd. PO Box 270171, Rochester, NY 14627 U.S.",1306.1584,"March 21, 2022",s3://new-lwfa-sim-1/kb-data/output//Impact_of_Electron_Transport_Models_on_Capillary_Discharge_Plasmas/structured.json,
new-lwfa-sim-1,kb-data/output//Implementation_of_a_hybrid_particle_code_with_a_PIC_description_in_r-z_and_a_gridless_description_in_φ_into_OSIRIS,Implementation of a hybrid particle code with a PIC description in r-z and a gridless description in φ into OSIRIS,"A. Davidson a , A. Tableman a , W. An a , F.S. Tsung a , W. Lu a , J. Vieira c , R.A. Fonseca c,d ,; L.O. Silva c , W.B. Mori a,b a Department of Physics and Astronomy, University of California, Los Angeles, California 90095, USA; b Department of Electrical Engineering, University of California, Los Angeles, California 90095, USA",2002.7187,"September 11, 2018",s3://new-lwfa-sim-1/kb-data/output//Implementation_of_a_hybrid_particle_code_with_a_PIC_description_in_r-z_and_a_gridless_description_in_φ_into_OSIRIS/structured.json,
new-lwfa-sim-1,kb-data/output//Improvement_of_all-optical_Compton_γ-rays_source_by_reshaping_colliding_pulse,colliding pulse,"Q. Yu 1 * , Y . Zhang 1 Ϯ , Q. Kong 2 ‡ and S. Kawata 3; School of Mechanical Engineering and Rail Transit, Changzhou University, Changzhou 213164,; Institute of Modern Physics, Fudan University, Shanghai 200433, People's Republic of China",,,s3://new-lwfa-sim-1/kb-data/output//Improvement_of_all-optical_Compton_γ-rays_source_by_reshaping_colliding_pulse/structured.json,
new-lwfa-sim-1,kb-data/output//Injection_induced_by_coaxial_laser_interference_in_laser_wakefield_accelerators,Injection induced by coaxial laser interference in laser wakefield accelerators,"Jia Wang, 1, 2 Ming Zeng, 1, 2, ∗ Dazhang Li, 1, 2, † Xiaoning Wang, 1, 2 Wei Lu, 3 and Jie Gao 1, 2; Institute of High Energy Physics, Chinese Academy of Sciences, Beijing 100049, China 2 University of Chinese Academy of Sciences, Beijing 100049, China; Department of Engineering Physics, Tsinghua University, Beijing 100084, China",,"May 25, 2022",s3://new-lwfa-sim-1/kb-data/output//Injection_induced_by_coaxial_laser_interference_in_laser_wakefield_accelerators/structured.json,
new-lwfa-sim-1,kb-data/output//Insight_of_breaking_of_powerful_axisymmetrically-polarized_laser_pulses_in_under-dense_plasma,Insight of breaking of powerful axisymmetrically-polarized laser pulses in under-dense plasma,"1, 2, ∗ 3, 1, 2 1; Nobuhiko Nakanii, Tomonao Hosokai, Naveen C. Pathak, Shinichi Masuda, 1, 2 Alexei G. Zhidkov, 1, 2 Hiroki Nakahara, 3 Kenta Iwasa, 3 Yoshio Mizuta, 3 Naoki Takeguchi, 3 Takamitsu P. Otuka, 1 Keiichi Sueda, 1 Hirotaka Nakamura, 3 Michiaki Mori, 4 Masaki Kando, 4 and Ryosuke Kodama 3, 1, 5; 1 Photon Pioneers Center, Osaka University",1510.07374,"June 2, 2021",s3://new-lwfa-sim-1/kb-data/output//Insight_of_breaking_of_powerful_axisymmetrically-polarized_laser_pulses_in_under-dense_plasma/structured.json,
new-lwfa-sim-1,kb-data/output//Invertible_Surrogate_Models_Joint_surrogate_modelling_and_reconstruction_of_Laser-Wakefield_Acceleration_by_invertible_neural_networks,INVERTIBLE SURROGATE MODELS: JOINT SURROGATE MODELLING AND RECONSTRUCTION OF LASERWAKEFIELD ACCELERATION BY INVERTIBLE NEURAL NETWORKS,"Friedrich Bethke 1 , Richard Pausch 1 , Patrick Stiller 1 , Alexander Debus 1 , Michael Bussmann 2 , 1 , Nico Hoffmann 1; 1 Helmholtz-Zentrum Dresden - Rossendorf, Bautzner Landstrasse 400, 01328 Dresden, Germany 2 CASUS - Center for Advanced Systems Understanding, Untermarkt 20, 02826 G¨ orlitz, Germany { f.bethke, n.hoffmann } @hzdr.de",1808.04730,,s3://new-lwfa-sim-1/kb-data/output//Invertible_Surrogate_Models_Joint_surrogate_modelling_and_reconstruction_of_Laser-Wakefield_Acceleration_by_invertible_neural_networks/structured.json,
new-lwfa-sim-1,kb-data/output//Ionization_injection_in_a_laser_wakefield_accelerator_subject_to_a_transverse_magnetic_field,Ionization injection in a laser wakefield accelerator subject to a transverse magnetic field,"Q. Zhao 1 , 2 , S. M. Weng 1 , 2 , † , Z. M. Sheng 1 , 2 , 3 , 6 , ‡ , M. Chen 1 , 2 , G.; B. Zhang 1 , 4 ,W. B. Mori 5 , B. Hidding 3 ,D. A. Jaroszynski 3 , J. Zhang 1 , 2; 1 Key Laboratory for Laser Plasmas (MoE), School of Physics and Astronomy, Shanghai Jiao Tong University, Shanghai 200240, China",,,s3://new-lwfa-sim-1/kb-data/output//Ionization_injection_in_a_laser_wakefield_accelerator_subject_to_a_transverse_magnetic_field/structured.json,
new-lwfa-sim-2,kb-data/output//Laser_Accelerated_Ions_from_a_Shock_Compressed_Gas_Foil,Laser Accelerated Ions from a Shock Compressed Gas Foil,"M. H. Helle, ∗ D. F. Gordon, D. Kaganovich, Y. Chen, † J. P. Palastro, and A. Ting; (Dated: November 27, 2024); Recently long-wave infrared laser acceleration of ions by means of electro-static shock acceleration in gas targets has become a reality[4, 5]. These experiments take advantage of short pulse CO 2 lasers ( λ 0 =10.6 µ m) that have a critical plasma density within the operational range of gas jets (10 18 -10 20 cm -3 ), where the critical density (n crit = (2 π c) 2 m e glyph[epsilon1] 0 /e 2 λ 2 0 ) is the cutoff density at which electromagnetic waves no longer propagate within the plasma.",,"November 27, 2024",s3://new-lwfa-sim-2/kb-data/output//Laser_Accelerated_Ions_from_a_Shock_Compressed_Gas_Foil/structured.json,
new-lwfa-sim-2,kb-data/output//Laser_Wakefield_Acceleration_Driven_by_a_Discrete_Flying_Focus,Laser Wakefield Acceleration Driven by a Discrete Flying Focus,"Jacob R. Pierce, 1, ∗ Kyle G. Miller, 2 Fei Li, 3 John P. Palastro, 2, † and Warren B. Mori 1; Department of Physics and Astronomy, University of California, Los Angeles, California 90095, USA 2 University of Rochester, Laboratory for Laser Energetics, Rochester, New York 14623, USA 3 Department of Engineering Physics, Tsinghua University, Beijing 100084, China (Dated: June 25, 2025)",2501.11825,"June 25, 2025",s3://new-lwfa-sim-2/kb-data/output//Laser_Wakefield_Acceleration_Driven_by_a_Discrete_Flying_Focus/structured.json,
new-lwfa-sim-2,kb-data/output//Laser_Wakefield_Acceleration_in_a_Capillary_Gas_Cell_Producing_GeV-Scale_High-Quality_Electron_Beams,Laser Wakefield Acceleration in a Capillary Gas Cell Producing GeV-Scale High-Quality Electron Beams,"Srimanta Maity, 1, ∗ Francesco Massimo, 2 Alex Whitehead, 3, 4 Pavel Sasorov, 3 and Alexander Molodozhentsev 3; 1 Atomic, Molecular and Optical Physics Division,; Physical Research Laboratory, Navrangpura, Ahmedabad 380009, India",2506.18047,,s3://new-lwfa-sim-2/kb-data/output//Laser_Wakefield_Acceleration_in_a_Capillary_Gas_Cell_Producing_GeV-Scale_High-Quality_Electron_Beams/structured.json,
new-lwfa-sim-2,kb-data/output//Laser_beam_coupling_with_capillary_discharge_plasma_for_laser_wakefield_acceleration_applications,Laser beam coupling with capillary discharge plasma for laser wakefield acceleration applications,"G.A.Bagdasarov, 1, 2 P. V. Sasorov, 1 V.A.Gasilov, 1, 2 A.S.Boldarev, 1, 2 O.G.Olkhovskaya, 1; C. Benedetti, 3 S. S. Bulanov, 3 A.Gonsalves, 3 H.-S. Mao, 3 C. B. Schroeder, 3; J. van Tilborg, 3 E. Esarey, 3 W.P.Leemans, 3 T. Levato, 4 D.Margarone, 4 and G.Korn 4",,,s3://new-lwfa-sim-2/kb-data/output//Laser_beam_coupling_with_capillary_discharge_plasma_for_laser_wakefield_acceleration_applications/structured.json,
new-lwfa-sim-2,kb-data/output//Laser_polarization_control_of_ionization-injected_electron_beams_and_x-ray_radiation_in_laser_wakefield_accelerators,Laser polarization control of ionization-injected electron beams and x-ray radiation in laser wakefield accelerators,"Helmholtz Institute Jena, Fr¨ obelstieg 3, 07743, Jena, Germany GSI Helmholtzzentrum f¨ ur Schwerionenforschung GmbH, Planckstraße 1, 64291 Darmstadt, Germany",2206.06133,,s3://new-lwfa-sim-2/kb-data/output//Laser_polarization_control_of_ionization-injected_electron_beams_and_x-ray_radiation_in_laser_wakefield_accelerators/structured.json,
new-lwfa-sim-2,kb-data/output//Laser_wakefield_acceleration_by_petawatt_ultra-short_laser_pulses,Laser wakefield acceleration by petawatt ultra-short laser pulses,"P. N. Lebedev Physics Institute, Russian Academy of Sciences, Leninskii prospect 53, Moscow 119991, Russia; The Department of Physics and Institute for Fusion Studies,; The University of Texas at Austin, One University Station C1500, Austin, Texas 78712 and Centre de Physique Th´ eorique (UMR 7644 du CNRS), ´ Ecole Polytechnique, 91128 Palaiseau, France",,"October 29, 2018",s3://new-lwfa-sim-2/kb-data/output//Laser_wakefield_acceleration_by_petawatt_ultra-short_laser_pulses/structured.json,
new-lwfa-sim-2,kb-data/output//Laser_wakefield_acceleration_driven_by_few-cycle_laser_pulses_in_overdense_plasmas,Laser wakefield acceleration driven by few-cycle laser pulses in overdense plasmas,"N. Za¨ ım, 1 , ∗ F. B¨ ohle 1 , M. Bocoum 1 , A. Vernier 1 , S. Haessler 1 ,; 1 LOA, ENSTA ParisTech, CNRS, Ecole polytechnique, Universit´ e Paris-Saclay, Palaiseau, France; X. Davoine 2 , L. Videau 2 , J. Faure 1 and R. Lopez-Martens 1",1704.01181,,s3://new-lwfa-sim-2/kb-data/output//Laser_wakefield_acceleration_driven_by_few-cycle_laser_pulses_in_overdense_plasmas/structured.json,
new-lwfa-sim-2,kb-data/output//Laser_wakefield_acceleration_of_ions_with_a_transverse_flying_focus,Laser wakefield acceleration of ions with a transverse flying focus,"Zheng Gong, 1, 2, ∗ Sida Cao, 1 John P. Palastro, 3 and Matthew R. Edwards 1, †; Department of Mechanical Engineering, Stanford University, Stanford, California 94305, USA 2 Institute of Theoretical Physics, Chinese Academy of Sciences, Beijing 100190, China; 3 Laboratory for Laser Energetics, University of Rochester, Rochester, New York 14623, USA (Dated: December 24, 2024)",2407.18579,"December 24, 2024",s3://new-lwfa-sim-2/kb-data/output//Laser_wakefield_acceleration_of_ions_with_a_transverse_flying_focus/structured.json,
new-lwfa-sim-2,kb-data/output//Laser_wakefield_acceleration_with_high-power_few-cycle_mid-IR_lasers,"Laser wakefield acceleration with high-power, few-cycle mid-IR lasers","Laser wakefield acceleration with high-power, few-cycle mid-IR lasers; Daniel Papp 1 , Jonathan C. Wood 2 , Vincent Gruson 3 , Mina Bionta 3 , Jan-Niclas Gruse 2 , Eric Cormier 4 , Zulfikar Najmudin 2 , François Légaré 3 , Christos Kamperidis 1; 1 : ELI-ALPS, ELI-HU Non-profit Ltd., Szeged, Hungary;  2 : The John Adams Institute for Accelerator Science, Blackett Laboratory, Imperial College London, UK;  3 : Institut National de la Recherche Scientifique, Centre Énergie, Matériaux, et Télécommunications, Varennes, Québec, Canada,  4 : CELIA, Université Bordeaux, Talence, France",,,s3://new-lwfa-sim-2/kb-data/output//Laser_wakefield_acceleration_with_high-power_few-cycle_mid-IR_lasers/structured.json,
new-lwfa-sim-2,kb-data/output//Laser_wakefield_acceleration_with_mid-IR_laser_pulses,Laser wakefield acceleration with mid-IR laser pulses,"D. Woodbury, 1 L. Feder, 1 V. Shumakova, 2 C. Gollner, 2 R. Schwartz, 1 B. Miao, 1 F. Salehi, 1 A. Korolov, 1 A. Pugžlys, 2 A. Baltuška, 2 and H. M. Milchberg 1,*; Institute for Research in Electronics and Applied Physics, University of Maryland, College Park, MD 20742, USA 2 Photonics Institute, Vienna University of Technology, Gusshausstrasse 27-387, A-1040, Vienna, Austria *Corresponding author: milch@umd.edu; Experiments were conducted with a hybrid OPA/OPCPA laser system [13], which produces ~25 mJ, ~100 fs pulses at λ=3.9 μm at a repetition rate of 20 Hz. The experimental setup is shown in Fig. 1. The la ser was focused with an off axis f /5 paraboloid to a 30 μm FWHM spot size, as determined by a knife edge scan. Due to losses on routing mirrors, the maximum pulse energy on target was 23 mJ, corresponding to a peak vacuum intensity ~2x10 16 W/cm 2",,,s3://new-lwfa-sim-2/kb-data/output//Laser_wakefield_acceleration_with_mid-IR_laser_pulses/structured.json,
new-lwfa-sim-2,kb-data/output//Limitations_of_emittance_and_source_size_measurement_of_laser-accelerated_electron_beams_using_the_pepper-pot_mask_method,Limitations of emittance and source size measurement of laser-accelerated electron beams using the pepper-pot mask method,"F. C. Salgado, 1, 2, 3, ∗ A. Kozan, 1, 2, 3 D. Seipt, 1, 2, 3 D. Hollatz, 1, 2, 3 P. Hilz, 1, 2, 3; M. C. Kaluza, 1, 2, 3 A. S¨ avert, 1, 2, 3 A. Seidel, 1, 2, 3 D. Ullmann, 1, 2, 3 Y. Zhao, 1, 2, 3 and M. Zepf 1, 2, 3; Institute of Optics and Quantum Electronics, Friedrich-Schiller-Universit¨ at, Max-Wien-Platz 1, 07743 Jena, Germany",1905.06654,"January 19, 2026",s3://new-lwfa-sim-2/kb-data/output//Limitations_of_emittance_and_source_size_measurement_of_laser-accelerated_electron_beams_using_the_pepper-pot_mask_method/structured.json,
new-lwfa-sim-2,kb-data/output//Load_management_strategy_for_Particle-In-Cell_simulations_in_high_energy_particle_acceleration,Load management strategy for Particle-In-Cell simulations in high energy particle acceleration,"A. Beck a, GLYPH<3> , J. T. Frederiksen b , J. D´ erouillat c a Laboratoire Leprince-Ringuet, ´ Ecole Polytechnique, CNRS-IN2P3, Palaiseau 91128, France. b Niels Bohr Institute, University of Copenhagen, Blegdamsvej 17, 2100 København Ø, Denmark c CEA, Maison de La Simulation 91400 Saclay, France.; Keywords: Laser wakefield acceleration, petawatt laser, bubble regime, electron self-injection, relativistic self-focusing, particle-in-cell simulations, Photon-Plasma, SMILEI, dynamic load balancing; Computational support is therefore mandatory for such large experimental facilities, and PIC simulations are the best candidates for this task. A large variety of PIC codes exists. They range from simple serial codes making severe physical assumptions to speed up computations, to elaborate and computation-",1504.03849,"August 20, 2018",s3://new-lwfa-sim-2/kb-data/output//Load_management_strategy_for_Particle-In-Cell_simulations_in_high_energy_particle_acceleration/structured.json,
new-lwfa-sim-2,kb-data/output//Lorentz_boosted_frame_simulation_of_Laser_wakefield_acceleration_in_quasi-3D_geometry,Lorentz boosted frame simulation of Laser wakefield acceleration in quasi-3D geometry,"Peicheng Yu a , Xinlu Xu a,b , Asher Davidson b , Adam Tableman b , Thamine Dalichaouch b , Michael D. Meyers b , Frank S. Tsung b , Viktor K. Decyk b , Frederico Fiuza c , Jorge Vieira d , Ricardo A. Fonseca d,e , Wei Lu f , Luis O. Silva d , Warren B. Mori a,b a Department of Electrical Engineering, University of California Los Angeles, Los Angeles, CA 90095, USA; b Department of Physics and Astronomy, University of California Los Angeles, Los Angeles, CA 90095, USA; c SLAC National Accelerator Laboratory, Menlo Park, CA 94025, USA",1503.00276,"October 27, 2015",s3://new-lwfa-sim-2/kb-data/output//Lorentz_boosted_frame_simulation_of_Laser_wakefield_acceleration_in_quasi-3D_geometry/structured.json,
new-lwfa-sim-2,kb-data/output//Low_emittance_electron_beam_generation_from_a_laser_wakefield_accelerator_using_two_laser_pulses_with_different_wavelengths,Low emittance electron beam generation from a laser wakefield accelerator using two laser pulses with different wavelengths,"X. L. Xu, Y. P. Wu, C. J. Zhang, F. Li, Y. Wan, J. F. Hua, and C.-H. Pai; Tsinghua University, Beijing 100084, China; Tsinghua University, Beijing 100084, China and University of California Los Angeles, LA, CA 90095, USA",,"March 25, 2021",s3://new-lwfa-sim-2/kb-data/output//Low_emittance_electron_beam_generation_from_a_laser_wakefield_accelerator_using_two_laser_pulses_with_different_wavelengths/structured.json,
new-lwfa-sim-2,kb-data/output//Magnetically_assisted_self-injection_and_radiation_generation_for_plasma_based_acceleration,Magnetically assisted self-injection and radiation generation for plasma based acceleration,"May 1, 2022; J. Vieira 1 , ∗ J. L. Martins 1 , V.B. Pathak 1 , R. A. Fonseca 1 , 2 , W.B. Mori 3 , and L. O. Silva 1 †; 1 GoLP/Instituto de Plasmas e Fus˜ ao Nuclear-Laborat´ orio Associado, Instituto Superior T´ ecnico, Lisboa, Portugal",,"May 1, 2022",s3://new-lwfa-sim-2/kb-data/output//Magnetically_assisted_self-injection_and_radiation_generation_for_plasma_based_acceleration/structured.json,
new-lwfa-sim-2,kb-data/output//Matrix-PIC_Harnessing_Matrix_Outer-product_for_High-Performance_Particle-in-Cell_Simulations,Matrix-PIC: Harnessing Matrix Outer-product for High-Performance Particle-in-Cell Simulations,"Yizhuo Rao Sun Yat-Sen University Guangzhou, China raoyzh6@mail2.sysu.edu.cn; Guangnan Feng ∗ Sun Yat-Sen University Guangzhou, China fenggn7@mail.sysu.edu.cn; EUROSYS '26, Edinburgh, Scotland Uk",2001.6851,,s3://new-lwfa-sim-2/kb-data/output//Matrix-PIC_Harnessing_Matrix_Outer-product_for_High-Performance_Particle-in-Cell_Simulations/structured.json,
new-lwfa-sim-2,kb-data/output//Measurement_of_Magnetic-Field_Structures_in_a_Laser-Wakefield_Accelerator,Measurement of Magnetic-Field Structures in a Laser-Wakefield Accelerator,"M. C. Kaluza 1 , 2 , 3 , H.-P. Schlenvoigt 1 , 4 , S. P. D. Mangles 3 , A. G. R. Thomas 3 , 5 ,; A. E. Dangor, 3 , H. Schwoerer, 1 , 6 , W. B. Mori, 7 , 8 , Z. Najmudin, 3 , and K. M. Krushelnick 3 , 5; 1 Institut f¨ ur Optik und Quantenelektronik, Friedrich-Schiller-Universit¨ at, 07743 Jena, Germany",,,s3://new-lwfa-sim-2/kb-data/output//Measurement_of_Magnetic-Field_Structures_in_a_Laser-Wakefield_Accelerator/structured.json,
new-lwfa-sim-2,kb-data/output//Measurement_of_the_decay_of_laser-driven_linear_plasma_wakefields,Measurement of the decay of laser-driven linear plasma wakefields,"J. Jonnerby 1 , † , A. von Boetticher 1 , J. Holloway, L. Corner 2 , A. Picksley 1 , ‡ , A. J.; Ross 1 , R. J. Shalloo 3 , § , C. Thornton 4 , N. Bourgeois 4 , R. Walczak 1 , ¶ , S. M. Hooker 1 ∗; 1 John Adams Institute for Accelerator Science and Department of Physics,",1901.1037,"June 13, 2023",s3://new-lwfa-sim-2/kb-data/output//Measurement_of_the_decay_of_laser-driven_linear_plasma_wakefields/structured.json,
new-lwfa-sim-2,kb-data/output//Measurement_of_the_laser_pulse_phase_velocity_in_plasma_channel_for_DLA_optimization,Measurement of the laser pulse phase velocity in plasma channel for DLA optimization,"E.M. Starodubtseva, 1 I.N. Tsymbalov, 1, 2 D.A. Gorlova, 2 K.A. Ivanov, 1, 3 R.V. Volkov, 1 and A.B. Savel'ev 1, 3; 1) Faculty of Physics, Lomonosov Moscow State University, 119991, Moscow, Russia; 2) Institute for Nuclear Research of Russian Academy of Sciences, 117312, Moscow, Russia",,,s3://new-lwfa-sim-2/kb-data/output//Measurement_of_the_laser_pulse_phase_velocity_in_plasma_channel_for_DLA_optimization/structured.json,
new-lwfa-sim-2,kb-data/output//Mitigation_of_numerical_Cerenkov_radiation_and_instability_using_a_hybrid_finite_difference-FFT_Maxwell_solver_and_a_local_charge_conserving_current_deposit,Mitigation of numerical Cerenkov radiation and instability using a hybrid finite difference-FFT Maxwell solver and a local charge conserving current deposit,"Peicheng Yu a , Xinlu Xu b , Adam Tableman c , Viktor K. Decyk c , Frank S. Tsung c , Frederico Fiuza d , Asher Davidson c , Jorge Vieira e , Ricardo A. Fonseca e,f , Wei Lu b , Luis O. Silva e , Warren B. Mori a,c a Department of Electrical Engineering, University of California Los Angeles, Los Angeles, CA 90095, USA; b Department of Engineering Physics, Tsinghua University, Beijing 100084, China c Department of Physics and Astronomy, University of California Los Angeles, Los Angeles, CA 90095, USA; d Lawrence Livermore National Laboratory, Livermore, California, USA",1407.0272,"November 9, 2021",s3://new-lwfa-sim-2/kb-data/output//Mitigation_of_numerical_Cerenkov_radiation_and_instability_using_a_hybrid_finite_difference-FFT_Maxwell_solver_and_a_local_charge_conserving_current_deposit/structured.json,
new-lwfa-sim-2,kb-data/output//Modeling_laser_wakefield_accelerators_in_a_Lorentz_boosted_frame,Abstract,"Keywords: laser wakefield acceleration, particle-in-cell, plasma simulation, special relativity, frame of reference, boosted frame; J.-L. Vay a , C. G. R. Geddes a , E. Cormier-Michel b , D. P. Grote c a LBNL, Berkeley, CA, USA; b Tech-X Corp., Boulder, CO, USA c LLNL, Livermore, CA, USA",0909.5603,"October 30, 2018",s3://new-lwfa-sim-2/kb-data/output//Modeling_laser_wakefield_accelerators_in_a_Lorentz_boosted_frame/structured.json,
new-lwfa-sim-2,kb-data/output//Modeling_of_Laser_wakefield_acceleration_in_Lorentz_boosted_frame_using_EM-PIC_code_with_spectral_solver,Modeling of Laser wakefield acceleration in Lorentz boosted frame using EM-PIC code with spectral solver,"Peicheng Yu a , Xinlu Xu b , Viktor K. Decyk c , Weiming An a , Jorge Vieira d , Frank S. Tsung c , Ricardo A. Fonseca d,e , Wei Lu b , Luis O. Silva d , Warren B. Mori a,c a Department of Electrical Engineering, University of California Los Angeles, Los Angeles, CA 90095, USA; b Key Laboratory of Particle and Radiation Imaging of Ministry of Education,; Department of Engineering Physics, Tsinghua University, Beijing 100084, China c Department of Physics and Astronomy, University of California Los Angeles, Los Angeles, CA 90095, USA",,"November 1, 2018",s3://new-lwfa-sim-2/kb-data/output//Modeling_of_Laser_wakefield_acceleration_in_Lorentz_boosted_frame_using_EM-PIC_code_with_spectral_solver/structured.json,
new-lwfa-sim-2,kb-data/output//Multi-chromatic_narrow-energy-spread_electron_bunches_from_laser_wakefield_acceleration_with_dual-color_lasers,Multi-chromatic narrow-energy-spread electron bunches from laser wakefield acceleration with dual-color lasers,"M. Zeng, 1,2 M. Chen, 1,2, ∗ L. L. Yu, 1, 2 W. B. Mori, 3 Z. M. Sheng, 1,2,4, † B. Hidding, 4 D. Jaroszynski, 4 and J. Zhang 1, 2; 1 Key Laboratory for Laser Plasmas (Ministry of Education),; Department of Physics and Astronomy, Shanghai Jiao Tong University, Shanghai 200240, China",,,s3://new-lwfa-sim-2/kb-data/output//Multi-chromatic_narrow-energy-spread_electron_bunches_from_laser_wakefield_acceleration_with_dual-color_lasers/structured.json,
new-lwfa-sim-2,kb-data/output//Multi-messenger_dynamic_imaging_of_laser-driven_shocks_in_water_using_a_plasma_wakefield_accelerator,Multi-messenger dynamic imaging of laser-driven shocks in water using a plasma wakefield accelerator,"M.D. Balcazar 1* , H-E Tsai 2 , T. Ostermayr 2 , P.T. Campbell 1 , F. Albert 3 ,; Q. Chen 2 , C. Colgan 4 , G.M. Dyer 5 , Z. Eisentraut 2 , E. Esarey 2 , C.G.R. Geddes 2 ,; E.S. Grace 3 , B. Greenwood 2 , A. Gonsalves 2 , S. Hakimi 2 , R. Jacob 2 , B. Kettle 4 ,",,,s3://new-lwfa-sim-2/kb-data/output//Multi-messenger_dynamic_imaging_of_laser-driven_shocks_in_water_using_a_plasma_wakefield_accelerator/structured.json,
new-lwfa-sim-2,kb-data/output//Multistage_Coupling_of_Laser-Wakefield_Accelerators_with_Curved_Plasma_Channel,Multistage Coupling of Laser-Wakefield Accelerators with Curved Plasma Channels,"J. Luo 1 , 7 , M. Chen 1 , 7 , ∗ W. Y. Wu 1 , 7 , S. M. Weng 1 , 7 , Z. M. Sheng 1 , 2 , 5 , 6 , 7 , † C. B. Schroeder 3 ,; D. A. Jaroszynski 2 , 6 , E. Esarey 3 , W. P. Leemans 3 , W. B. Mori 4 , and J. Zhang 1 , 7; 1 Key Laboratory for Laser Plasmas (MOE), School of Physics and Astronomy,",,"December 27, 2017",s3://new-lwfa-sim-2/kb-data/output//Multistage_Coupling_of_Laser-Wakefield_Accelerators_with_Curved_Plasma_Channel/structured.json,
new-lwfa-sim-2,kb-data/output//Narrow_bandwidth_low-emittance_positron_beams_from_a_laser-wakefield_accelerator,"Narrow bandwidth, low-emittance positron beams from a laser-wakefield accelerator","Narrow bandwidth, low-emittance positron beams from a laser-wakefield accelerator; M.J.V. Streeter, 1 C. Colgan, 2 J. Carderelli, 3 Y. Ma, 3 N. Cavanagh, 1 E.E. Los, 2; H. Ahmed, 4 A.F. Antoine, 3 T. Audet, 1 M.D. Balcazar, 3 L. Calvin, 1 B. Kettle, 2",1901.10370,"July 13, 2023",s3://new-lwfa-sim-2/kb-data/output//Narrow_bandwidth_low-emittance_positron_beams_from_a_laser-wakefield_accelerator/structured.json,
new-lwfa-sim-2,kb-data/output//Nonlinear_Pulse_Evolutions_in_the_Laser_Wakefield_Accelerator_through_a_new_Quasi-Static_Theory,Nonlinear Pulse Evolutions in the Laser Wakefield Accelerator through a new Quasi-Static Theory,"J. Yazdanpanah The Plasma Physics and Fusion Research School, Tehran, Iran",,,s3://new-lwfa-sim-2/kb-data/output//Nonlinear_Pulse_Evolutions_in_the_Laser_Wakefield_Accelerator_through_a_new_Quasi-Static_Theory/structured.json,
new-lwfa-sim-2,kb-data/output//Nonlinear_plasma_wavelength_scalings_in_a_laser_wakefield_accelerator,Nonlinear plasma wavelength scalings in a laser wakefield accelerator,"H. Ding, 1 A. D¨ opp, 1 M. Gilljohann, 1 J. G¨ otzfried, 1 S. Schindler, 1 L. Wildgruber, 1 G. Cheung, 2 S. M. Hooker, 2 and S. Karsch 1; Ludwig-Maximilians-Universitat M¨ unchen, Am Coulombwall 1, 85748 Garching, Germany 2 John Adams Institute & Department of Physics, Clarendon Laboratory, University of Oxford, Parks Road, Oxford OX1 3PU, United Kingdom; Due to the restrictions of analytical models, interpretation of experimental results relies heavily on numerical simulations. Recent development of fast particle-in-cell codes such as CALDER-CIRC 22 and FBPIC 23 allows to perform quasi-3D simulations in a short period of time, thus enabling systematic parameter scans.",,,s3://new-lwfa-sim-2/kb-data/output//Nonlinear_plasma_wavelength_scalings_in_a_laser_wakefield_accelerator/structured.json,
new-lwfa-sim-2,kb-data/output//Numerical_modeling_of_laser_tunneling_ionization_in_Particle_in_Cell_Codes_with_a_laser_envelope_model,Numerical modeling of laser tunneling ionization in Particle in Cell Codes with a laser envelope model,"F. Massimo 1 *, A. Beck 1 , J. Derouillat 2 , I. Zemzemi 1 and A. Specka 1; 1 Laboratoire Leprince-Ringuet - ´ Ecole polytechnique, CNRS-IN2P3, Palaiseau 91128, France; 2 Maison de la Simulation, CEA, CNRS, Universit´ e Paris-Sud, UVSQ, Universit´ e Paris-Saclay, F-91191 Gif-sur-Yvette, France",,,s3://new-lwfa-sim-2/kb-data/output//Numerical_modeling_of_laser_tunneling_ionization_in_Particle_in_Cell_Codes_with_a_laser_envelope_model/structured.json,
new-lwfa-sim-2,kb-data/output//On_Retardation_Effects_in_Space_Charge_Calculations_Of_High_Current_Electron_Beams,On Retardation Effects in Space Charge Calculations Of High Current Electron Beams,"S. Becker, 1, ∗ F. Gr¨ uner, 1 and D. Habs 1; 1 Ludwig-Maximilians-Universit¨ at M¨ unchen, 85748 Garching, Germany; Laser acceleration is a promising field in various aspects, such as the miniaturization of the accelerator setup and the availability of electron beams with high-current density. The plasma wake field acceleration in the bubble regime was predicted in PIC simulations [1] and led to rapid progress in various experiments [2, 3, 4, 5].",,,s3://new-lwfa-sim-2/kb-data/output//On_Retardation_Effects_in_Space_Charge_Calculations_Of_High_Current_Electron_Beams/structured.json,
new-lwfa-sim-2,kb-data/output//On_the_generation_of_ultra-bright_and_low_energy_spread_electron_beams_in_laser_wakefield_acceleration_in_a_uniform_plasma,On the generation of ultra-bright and low energy spread electron beams in laser wakefield acceleration in a uniform plasma,"Xinlu Xu, 1, 2, ∗ Thamine N. Dalichaouch, 3 Jiaxin Liu, 1 Qianyi Ma, 1; 3 4 1, 2, 5 3, 6; Jacob Pierce, Kyle Miller, Xueqing Yan, and Warren B. Mori",2203.08366,"May 4, 2023",s3://new-lwfa-sim-2/kb-data/output//On_the_generation_of_ultra-bright_and_low_energy_spread_electron_beams_in_laser_wakefield_acceleration_in_a_uniform_plasma/structured.json,
new-lwfa-sim-2,kb-data/output//One-to-one_full_scale_simulations_of_laser_wakefield_acceleration_using_QuickPIC,One-to-one full scale simulations of laser wakefield acceleration using QuickPIC,"J. Vieira, F. Fi´ uza, R.A. Fonseca, L.O. Silva , C. Huang, W. Lu, M. Tzoufras, F.S. Tsung, V. Decyk, W.B. Mori, J. Cooley, T. Antonsen Jr.; Index Terms -Simulation, Lasers, Plasma waves, Electron accelerators; The physics associated with the blowout regime is complex and can only be fully explored using numerical simulations, which constitute an insightful tool to examine the mechanisms associated with electron acceleration in this regime. The increased interaction length required for higher energy gains poses, however, a natural difficulty to full PIC simulations, which require more than 10 5 CPU hours for the modeling of centimeter-scale plasmas; therefore systematic studies,",,,s3://new-lwfa-sim-2/kb-data/output//One-to-one_full_scale_simulations_of_laser_wakefield_acceleration_using_QuickPIC/structured.json,
new-lwfa-sim-2,kb-data/output//Optical_Shaping_of_Plasma_Cavity_for_Controlled_Laser_Wakefield_Acceleration,Optical Shaping of Plasma Cavity for Controlled Laser Wakefield Acceleration,"Bobbili Sanyasi Rao 1,2 † , Myung Hoon Cho 1,3 ,  Hyung Taek Kim 1,4 # , Jung Hun Shin 1 , Kyung Hwan Oh 1 , Jong Ho Jeon 1 , Byung Ju Yoo 1 , Seong Ha Cho 1 , Seong Ku Lee 1,4 , Chang Hee Nam 1,5; 1 Center for Relativistic Laser Science (CoReLS), IBS, Gwangju 61005, Korea 2 Laser Plasma Division, Raja Ramanna Centre for Advanced Technology, HBNI, Indore 452013, India 3 Pohang Accelerator Laboratory, Pohang, Gyeongbuk 37673,  Korea 4 Advanced Photonics Research Institute, GIST, Gwangju 61005, Korea 5 Department of Physics and Photon Science, GIST, Gwangju 61005, Korea † sunnyb@rrcat.gov.in /   # htkim@gist.ac.kr",,,s3://new-lwfa-sim-2/kb-data/output//Optical_Shaping_of_Plasma_Cavity_for_Controlled_Laser_Wakefield_Acceleration/structured.json,
new-lwfa-sim-2,kb-data/output//Optical_ionization_effects_in_kHz_laser_wakefield_acceleration_with_few-cycle_pulses,Optical ionization effects in kHz laser wakefield acceleration with few-cycle pulses,"J. Monzac, 1, ∗ S. Smartsev, 1 J. Huijts, 1 L. Rovige, 1 I.A. Andriyash, 1 A. Vernier, 1; V. Tomkus, 2 V. Girdauskas, 2, 3 G. Raciukaitis, 2 M. Mackeviˇ ci¯ ut˙ e, 2 V. Stankevic, 2; A. Cavagna, 1 J. Kaur, 1 A. Kalouguine, 1 R. Lopez-Martens, 1 and J. Faure 1",,"September 23, 2024",s3://new-lwfa-sim-2/kb-data/output//Optical_ionization_effects_in_kHz_laser_wakefield_acceleration_with_few-cycle_pulses/structured.json,
new-lwfa-sim-2,kb-data/output//Optimal_Parameters_for_Radiation_Reaction_Experiments,Optimal Parameters for Radiation Reaction Experiments,"C. Arran, 1 J. M. Cole, 2 E. Gerstmayr, 2 T. G. Blackburn, 3 S. P. D. Mangles, 2 and C. P. Ridgers 1; 1 York Plasma Institute, University of York, York, United Kingdom; 2 The John Adams Institute for Accelerator Science,",1804.11085,,s3://new-lwfa-sim-2/kb-data/output//Optimal_Parameters_for_Radiation_Reaction_Experiments/structured.json,
new-lwfa-sim-2,kb-data/output//Optimization_of_the_Combined_Proton_Acceleration_Regime_with_a_Target_Composition_Scheme,Optimization of the Combined Proton Acceleration Regime with a Target Composition Scheme,"W. P. Yao, 1 B. W. Li, 2, ∗ C. Y. Zheng, 2, 3 Z. J. Liu, 2, 3 and X. Q. Yan 3, 4, 5; 1 Graduate School, China Academy of Engineering Physics, Beijing 100088, China 2 Institute of Applied Physics and Computational Mathematics, Beijing 100088, China 3 Key Laboratory of HEDP of Ministry of Education, CAPT, Peking University, Beijing 100871, China 4 State Key Laboratory of Nuclear Physics and Technology, Peking University, Beijing 100871, China 5 International Centre for Zetta- Exawatt Science and Technology (IZEST); (Dated: March 1, 2022)",,"March 1, 2022",s3://new-lwfa-sim-2/kb-data/output//Optimization_of_the_Combined_Proton_Acceleration_Regime_with_a_Target_Composition_Scheme/structured.json,
new-lwfa-sim-2,kb-data/output//Optimized_matching_conditions_for_self-guided_laser_wakefield_accelerators,Journal Name,Author et al,,,s3://new-lwfa-sim-2/kb-data/output//Optimized_matching_conditions_for_self-guided_laser_wakefield_accelerators/structured.json,
new-lwfa-sim-2,kb-data/output//Overcoming_the_dephasing_limit_in_multiple-pulse_laser_wakefield_acceleration,Overcoming the dephasing limit in multiple-pulse laser wakefield acceleration,"James D. Sadler, 1 Christopher Arran, 2 Hui Li, 1 and Kirk A. Flippo 1; 1 Los Alamos National Laboratory, P.O. Box 1663, Los Alamos, New Mexico 87545, USA 2 York Plasma Institute, University of York, York, YO10 5DQ, United Kingdom",,,s3://new-lwfa-sim-2/kb-data/output//Overcoming_the_dephasing_limit_in_multiple-pulse_laser_wakefield_acceleration/structured.json,
new-lwfa-sim-2,kb-data/output//Parametric_analysis_of_electron_beam_quality_in_laser_wakefield_acceleration_based_on_the_truncated_ionization_injection_mechanism,Parametric analysis of electron beam quality in laser wakefield acceleration based on the truncated ionization injection mechanism,"Srimanta Maity ∗ , Alamgir Mondal, Eugene Vishnyakov, Alexander Molodozhentsev +; ELI Beamlines Facility, The Extreme Light Infrastructure ERIC, Za Radnic´ ı 835, 25241 Doln´ ı Bˇ reˇ zany, Czech Republic; ∗ srimantamaity96@gmail.com,",,,s3://new-lwfa-sim-2/kb-data/output//Parametric_analysis_of_electron_beam_quality_in_laser_wakefield_acceleration_based_on_the_truncated_ionization_injection_mechanism/structured.json,
new-lwfa-sim-2,kb-data/output//Path_to_a_Single-Stage_100-GeV_Electron_Beam_via_a_Flying-Focus-Driven_Laser-Plasma_Accelerator,"Path to a Single-Stage, 100-GeV Electron Beam via a Flying-Focus-Driven Laser-Plasma Accelerator","Path to a Single-Stage, 100-GeV Electron Beam via a Flying-Focus-Driven Laser-Plasma Accelerator; J. L. Shaw 1,* , M. V. Ambat 1 , K. G. Miller 1 , R. Boni 1 , I. LaBelle 1 , W. B. Mori 1 , J. J. Pigeon 1 , A. Rigatti 1 , I. Settle 1 , L. Mack 1 , J. P. Palastro 1 , and D. H. Froula 1; 1 University of Rochester Laboratory for Laser Energetics, Rochester New York 14623",2503.15690,,s3://new-lwfa-sim-2/kb-data/output//Path_to_a_Single-Stage_100-GeV_Electron_Beam_via_a_Flying-Focus-Driven_Laser-Plasma_Accelerator/structured.json,
new-lwfa-sim-2,kb-data/output//Persistence_of_magnetic_field_driven_by_relativistic_electrons_in_a_plasma,Persistence of magnetic field driven by relativistic electrons in a plasma,"A. Flacco, 1, ∗ J. Vieira, 2 A. Lifschitz, 1 F. Sylla, 1 S. Kahaly, 1 M. Veltcheva, 1 L. O. Silva, 2 and V. Malka 1; 1 Laboratoire d'Optique Appliquée, ENSTA-ParisTech, Ecole Polytechnique-ParisTech,; CNRS UMR 7639, 828 Boulevard des Marechaux, 91762 Palaiseau CEDEX, France",,,s3://new-lwfa-sim-2/kb-data/output//Persistence_of_magnetic_field_driven_by_relativistic_electrons_in_a_plasma/structured.json,
new-lwfa-sim-2,kb-data/output//Phase-dependent_bubble_hosing_and_resonant_amplification_of_betatron_oscillation_in_few-cycle_laser_wakefield_accelerator,Phase-dependent bubble hosing and resonant amplification of betatron oscillation in few-cycle laser wakefield accelerator,"Bifeng Lei, 1, 2, ∗ Daniel Seipt, 3, 4 Bin Liu, 5, † Matt Zepf, 3, 4 Carsten Welsh, 2 and Bin Qiao 1, 6, ‡; Center for Applied Physics and Technology, HEDPS, and SKLNPT,; School of Physics, Peking University, Beijing 100871, China",,"August 19, 2024",s3://new-lwfa-sim-2/kb-data/output//Phase-dependent_bubble_hosing_and_resonant_amplification_of_betatron_oscillation_in_few-cycle_laser_wakefield_accelerator/structured.json,
new-lwfa-sim-2,kb-data/output//Polarization_dependent_beam_pointing_jitter_in_laser_wake_field_accelerators,Polarization dependent beam pointing jitter in laser wake field accelerators,"A. Seidel, 1, 2, ∗ B. Lei, 1, 2, 3, † C. Zepter, 1, 2 M. C. Kaluza, 1, 2, 3 A. S¨ avert, 1, 2, 3 M. Zepf, 1, 2, 3 and D. Seipt 2, 3; 1 Institute of Optics and Quantum Electronics, Max-Wien-Platz 1, 07743 Jena, Germany 2; Helmholtz-Institute Jena, Fr¨ obelstieg 3, 07743 Jena, Germany",1707.06821,"June 14, 2022",s3://new-lwfa-sim-2/kb-data/output//Polarization_dependent_beam_pointing_jitter_in_laser_wake_field_accelerators/structured.json,
new-lwfa-sim-2,kb-data/output//Polarized_laser-wakefield-accelerated_kiloampere_electron_beams,Polarized laser-wakefield-accelerated kiloampere electron beams,"Meng Wen, GLYPH<3> Matteo Tamburini, y and Christoph H. Keitel Max-Planck-Institut für Kernphysik, Saupfercheckweg 1, 69117 Heidelberg, Germany (Dated: April 16, 2019)",,"April 16, 2019",s3://new-lwfa-sim-2/kb-data/output//Polarized_laser-wakefield-accelerated_kiloampere_electron_beams/structured.json,
new-lwfa-sim-2,kb-data/output//Polarized_positron_beams_via_intense_two-color_laser_pulses,Polarized positron beams via intense two-color laser pulses,"Yue-Yue Chen, 1, ∗ Pei-Lun He, 1,2 Rashid Shaisultanov, 1 Karen Z. Hatsagortsyan, 1, † and Christoph H. Keitel 1; 1 Max-Planck-Institut f¨ ur Kernphysik, Saupfercheckweg 1, 69117 Heidelberg, Germany 2 Key Laboratory for Laser Plasmas, Ministry of Education, and School of Physics and Astronomy, Shanghai Jiao Tong University, Shanghai 200240, China; (Dated: April 9, 2019)",1812.07229,"April 9, 2019",s3://new-lwfa-sim-2/kb-data/output//Polarized_positron_beams_via_intense_two-color_laser_pulses/structured.json,
new-lwfa-sim-2,kb-data/output//Predominant_Contribution_of_Direct_Laser_Acceleration_to_High-Energy_Electron_Spectra_in_a_Low-Density_Self-Modulated_Laser_Wakefield_Accelerator,Predominant Contribution of Direct Laser Acceleration to High-Energy Electron Spectra in a Low-Density Self-Modulated Laser Wakefield Accelerator,"P. M. King, 1, 2, ∗ K. Miller, 3 N. Lemos, 1 J. L. Shaw, 4 B. F. Kraus, 5 M. Thibodeau, 1 B. M. Hegelich, 2 J.; Hinojosa, P. Michel, C. Joshi, K. A. Marsh, W. Mori, A. Pak, A. G. R. Thomas, and F. Albert; NIF and Photon Sciences, Lawrence Livermore National Laboratory, Livermore, California 94550, USA 2 Department of Physics, University of Texas at Austin, Austin, TX 78712, U.S.A.",2004.03754,"December 3, 2020",s3://new-lwfa-sim-2/kb-data/output//Predominant_Contribution_of_Direct_Laser_Acceleration_to_High-Energy_Electron_Spectra_in_a_Low-Density_Self-Modulated_Laser_Wakefield_Accelerator/structured.json,
new-lwfa-sim-2,kb-data/output//Probing_Flying-Focus_Wakefields,Probing Flying-Focus Wakefields,"Aaron Liberman 1 , † , ∗ , Anton Golovanov 1 , † , Sheroy Tata 1 , Anda-Maria Talposi 1 , and Victor Malka 1 , ‡; 1 Department of Physics of Complex Systems, Weizmann Institute of Science, Rehovot 7610001, Israel",,,s3://new-lwfa-sim-2/kb-data/output//Probing_Flying-Focus_Wakefields/structured.json,
new-lwfa-sim-2,kb-data/output//Probing_Ultrafast_Magnetic-Field_Generation_by_Current_Filamentation_Instability_in_Femtosecond_Relativistic_Laser-Matter_Interactions,Probing Ultrafast Magnetic-Field Generation by Current Filamentation Instability in Femtosecond Relativistic Laser-Matter Interactions,"G. Raj, 1, ∗ O. Kononenko, 1, ∗ A. Doche, 1 X. Davoine, 2 C. Caizergues, 1 Y.-Y. Chang, 3; J. P. Couperus Cabada˘ g, 3 A. Debus, 3 H. Ding, 4, 5 M. F¨ orster, 4, 5 M. F. Gilljohann, 4, 5 J.-P. Goddet, 1 T. Heinemann, 6, 7, 8 T. Kluge, 3 T. Kurz, 3, 9 R. Pausch, 3 P. Rousseau, 1 P. San Miguel Claveria, 1 S. Sch¨ obel, 3, 9 A. Siciak, 1 K. Steiniger, 3 A. Tafzi, 1 S. Yu, 1 B. Hidding, 7, 8 A. Martinez de la Ossa, 6 A. Irman, 3 S. Karsch, 4, 5 A. D¨ opp, 4, 5 U. Schramm, 3, 9 L. Gremillet, 2 and S. Corde 1, †; 1 LOA, ENSTA Paris, CNRS, Ecole Polytechnique,",1904.09692,,s3://new-lwfa-sim-2/kb-data/output//Probing_Ultrafast_Magnetic-Field_Generation_by_Current_Filamentation_Instability_in_Femtosecond_Relativistic_Laser-Matter_Interactions/structured.json,
new-lwfa-sim-2,kb-data/output//Quasi-phasematched_laser_wakefield_acceleration,Quasi-phasematched laser wakefield acceleration,"S.J. Yoon, J.P. Palastro, and H.M. Milchberg; Institute for Research in Electronics and Applied Physics, University of Maryland College Park, Maryland 20740; The operating paradigm for recent nonlinear wakefield acceleration experiments is  to  set  the  distance  over  which  the  laser  pulse  energy  is  depleted  by  driving  plasma waves to the dephasing length, the distance over which the accelerated electrons outrun the accelerating phase of the wakefield [10,12]. Because the dephasing length scales as",,,s3://new-lwfa-sim-2/kb-data/output//Quasi-phasematched_laser_wakefield_acceleration/structured.json,
new-lwfa-sim-2,kb-data/output//Radiation_emission_from_braided_electrons_in_interacting_wakefields,Radiation emission from braided electrons in interacting wakefields,"Erik Wallin, 1 Arkady Gonoskov, 1, 2, 3 and Mattias Marklund 1; 1 Department of Physics, Chalmers University of Technology, SE-412 96 G¨ oteborg, Sweden; Institute of Applied Physics, Russian Academy of Sciences, Nizhny Novgorod 603950, Russia 3",1503.08311,,s3://new-lwfa-sim-2/kb-data/output//Radiation_emission_from_braided_electrons_in_interacting_wakefields/structured.json,
new-lwfa-sim-2,kb-data/output//Robustness_Optimization_for_Compact_Free-electron_Laser_Driven_by_Laser_Wakefield_Accelerators,Robustness Optimization for Compact Free-electron Laser Driven by Laser Wakefield Accelerators,"Hai Jiang, 1, 2 Ke Feng, 2, ∗ Runshu Hu, 2, 3 Qiwen Zhan, 1, † Wentao Wang, 2, ‡ and Ruxin Li 2, 3, 4; 1 School of Optical-Electrical and Computer Engineering,; University of Shanghai for Science and Technology, Shanghai 200093, People's Republic of China 2 State Key Laboratory of Ultra-intense laser Science and Technology,",2501.09916,,s3://new-lwfa-sim-2/kb-data/output//Robustness_Optimization_for_Compact_Free-electron_Laser_Driven_by_Laser_Wakefield_Accelerators/structured.json,
new-lwfa-sim-2,kb-data/output//Role_of_direct_laser_acceleration_in_energy_gained_by_electrons_in_a_laser_wakefield_accelerator_with_ionization_injection,Role of direct laser acceleration in energy gained by electrons in a laser wakefield accelerator with ionization injection,"J L Shaw 1 , F S Tsung 2 , N Vafaei-Najafabadi 1 , K A Marsh 1 , N Lemos 1 , W B Mori 1,2 and C Joshi 1; 1 Department of Electrical Engineering & 2 Department of Physics and Astronomy, University of California Los Angeles, 405 Hilgard Ave, Los Angeles, California, United States 90095; PACS: 52.38.Kd, 41.75.Jv, 52.35.Mw, 52.65.Rr",,,s3://new-lwfa-sim-2/kb-data/output//Role_of_direct_laser_acceleration_in_energy_gained_by_electrons_in_a_laser_wakefield_accelerator_with_ionization_injection/structured.json,
new-lwfa-sim-2,kb-data/output//SASE_X-ray_Free-Electron_Laser_driven_by_Resonant_Multi-Pulse_Ionization_acceleration_scheme,SASE XRAY F REE -E LECTRON L ASER DRIVEN BY R ESONANT M ULTI -P ULSE I ONIZATION ACCELERATION SCHEME,"Federico Nguyen 1 * , Paolo Tomassini 2 , Leonida A. Gizzi 3 , Luca Giannessi 4 and Anna Giribono 4; 1 ENEA, Nuclear Department, I-00044, Frascati, Italy; 2 ELI-NP, R-077125, Magurele, Romania",,,s3://new-lwfa-sim-2/kb-data/output//SASE_X-ray_Free-Electron_Laser_driven_by_Resonant_Multi-Pulse_Ionization_acceleration_scheme/structured.json,
new-lwfa-sim-2,kb-data/output//Satisfying_the_Direct_Laser_Acceleration_Resonance_Condition_in_a_Laser_Wakefield_Accelerator,Satisfying the Direct Laser Acceleration Resonance Condition in a Laser Wakefield Accelerator,"J. L. Shaw 1,a) , N. Vafaei-Najafabadi 1 , K. A. Marsh 1 , N. Lemos 1 , F. S. Tsung 1 , W. B Mori 1 , and C. Joshi 1; 1 University of California Los Angeles, Los Angeles CA USA 90095",,,s3://new-lwfa-sim-2/kb-data/output//Satisfying_the_Direct_Laser_Acceleration_Resonance_Condition_in_a_Laser_Wakefield_Accelerator/structured.json,
new-lwfa-sim-2,kb-data/output//Scaling_Laws_in_Plasma_Channels_for_Laser_Wakefield_Accelerators,Scaling  Laws  in  Plasma  Channels  for Laser Wakefield Accelerators,"T. L. Zhang 1 , J. Y . Liu 1 , S. Liu 1 , R. Li 1 , F. Li 1 , J. F. Hua 1,a) , W. Lu 2,3,a); 1 Department of Engineering Physics, Tsinghua University, Beijing, China; 2 Institute of High Energy Physics, Chinese Academy of Sciences, Beijing 100049, China",,,s3://new-lwfa-sim-2/kb-data/output//Scaling_Laws_in_Plasma_Channels_for_Laser_Wakefield_Accelerators/structured.json,
new-lwfa-sim-2,kb-data/output//Scissor-cross_ionization_injection_in_laser_wakefield_accelerators,Scissor-cross ionization injection in laser wakefield accelerators,"September 28, 2021; Jia Wang, Ming Zeng, ∗ Xiaoning Wang, Dazhang Li, † and Jie Gao; Institute of High Engergy Physics, Chinese Academy of Sciences, 100049 Beijing, China and",,"September 28, 2021",s3://new-lwfa-sim-2/kb-data/output//Scissor-cross_ionization_injection_in_laser_wakefield_accelerators/structured.json,
new-lwfa-sim-2,kb-data/output//Self-Adaptive_Stabilization_and_Quality_Boost_for_Electron_Beams_from_All-Optical_Plasma_Wakefield_Accelerators,Self-Adaptive Stabilization and Quality Boost for Electron Beams from All-Optical Plasma Wakefield Accelerators,"D. Campbell 1 , 2 , 4 ∗ , T. Heinemann 1 , 3 , 4 † , A. Dickson 1 , 4 , 5 , T. Wilson 1 , 4 , 9 , L. Berman 1 , 4 , M.; Cerchez 3 , S. Corde 6 , A. D¨ opp 2 , A.F. Habib 1 , 4 , A. Irman 7 , S. Karsch 2 , A. Martinez de la Ossa 8 , A. Pukhov 9 , L. Reichwein 5 , 9 , U. Schramm 7 , A. Sutherland 1 , 3 , 4 , B. Hidding 1 , 3 , 4 ‡; 1 Department of Physics, SUPA, University of Strathclyde, Glasgow, UK",2018.0175,"July 10, 2025",s3://new-lwfa-sim-2/kb-data/output//Self-Adaptive_Stabilization_and_Quality_Boost_for_Electron_Beams_from_All-Optical_Plasma_Wakefield_Accelerators/structured.json,
new-lwfa-sim-2,kb-data/output//Self-modulated_laser_wakefield_accelerators_as_x-ray_sources,Self-modulated laser wakefield accelerators as x-ray sources,"N Lemos 1 , J L Martins 3 , F S Tsung 2 , J L Shaw 1 , K A Marsh 1 , F Albert 4 , B B Pollock 4 and C Joshi 1; 1 Department of Electrical Engineering, University of California Los Angeles, 405 Hilgard Ave, Los Angeles CA 90095, USA 2 Department of Physics and Astronomy, University of California Los Angeles, 405 Hilgard Ave, Los Angeles CA 90095, USA 3 GoLP/Instituto de Plasmas e Fusao Nuclear, Instituto Superior Tecnico (IST), Universidade Tecnica de Lisboa (UTL), 1049-001 Lisbon, Portugal 4 Lawrence Livermore National Laboratory, 7000 East Avenue, Livermore CA 94550, USA; PACS: 52.38.Kd, 41.75.Jv, 52.35.Mw, 52.65.Rr Submitted To: Plasma Physics and Controlled Fusion",,,s3://new-lwfa-sim-2/kb-data/output//Self-modulated_laser_wakefield_accelerators_as_x-ray_sources/structured.json,
new-lwfa-sim-2,kb-data/output//Self-truncated_ionization_injection_and_consequent_monoenergetic_electron_bunches_in_laser_wakefield_acceleration,Self-truncated ionization injection and consequent monoenergetic electron bunches in laser wakefield acceleration,"Ming Zeng, 1 Min Chen, 1,2, ∗ Zheng-Ming Sheng, 1,2, † Warren B. Mori, 3,4 and Jie Zhang 1,5; 1 Key Laboratory for Laser Plasmas (Ministry of Education),; Department of Physics and Astronomy, Shanghai Jiao Tong University, Shanghai 200240, China 2",,"May 30, 2022",s3://new-lwfa-sim-2/kb-data/output//Self-truncated_ionization_injection_and_consequent_monoenergetic_electron_bunches_in_laser_wakefield_acceleration/structured.json,
new-lwfa-sim-2,kb-data/output//Simulation_Study_of_Energy_Chirp_Induced_Effects_in_Laser_Wakefield_Accelerator_Driven_Free_Electron_Laser,SIMULATION STUDY OF ENERGY CHIRP INDUCED EFFECTS IN LASERWAKEFIELD-ACCELERATOR-DRIVEN FREE ELECTRON LASERS,"Shan-You Teng 1,2 , Wai-Keung Lau 2 , Shih-Hung Chen 1* , Wei-Yuan Chiang 2†; 1 Department of Physics, National Central University, Taoyuan 320317, Taiwan; National Synchrotron Radiation Research Center, Hsinchu 300092, Taiwan",2000.6570,,s3://new-lwfa-sim-2/kb-data/output//Simulation_Study_of_Energy_Chirp_Induced_Effects_in_Laser_Wakefield_Accelerator_Driven_Free_Electron_Laser/structured.json,
new-lwfa-sim-2,kb-data/output//Simulation_study_of_a_passive_plasma_beam_dump_using_varying_plasma_density,Simulation study of a passive plasma beam dump using varying plasma density,"Kieran Hanahoe, 1, 2, a) Guoxing Xia, 1, 2 Mohammad Islam, 1, 2 Yangmei Li, 1, 2 ¨ Oznur Mete-Apsimon, 3, 2 Bernhard Hidding, 4, 2 and Jonathan Smith 5; 1) School of Physics and Astronomy, University of Manchester, Oxford Road,; Manchester M13 9PL, United Kingdom",,,s3://new-lwfa-sim-2/kb-data/output//Simulation_study_of_a_passive_plasma_beam_dump_using_varying_plasma_density/structured.json,
new-lwfa-sim-2,kb-data/output//Single-mode_laser_guiding_in_non-parabolic_plasma_channels_for_high-energy_electron_acceleration,Single-mode laser guiding in non-parabolic plasma channels for high-energy electron acceleration,"Zsolt L´ ecz 1 , 2 ∗ , Szil´ ard Majorosi 1 , Nasr A. M. Hafz 1 , 2; February 6, 2025; 1 ELI-ALPS, ELI-HU Non-Profit Ltd., Wolfgang Sandner utca 3., Szeged, H-6728, Hungary 2 Doctoral School of Physics, Faculty of Science and Informatics, University of Szeged, 9 D´ om t´ er, H-6720 Szeged, Hungary",,"February 6, 2025",s3://new-lwfa-sim-2/kb-data/output//Single-mode_laser_guiding_in_non-parabolic_plasma_channels_for_high-energy_electron_acceleration/structured.json,
new-lwfa-sim-2,kb-data/output//Single-shot_multi-keV_X-ray_absorption_spectroscopy_using_an_ultrashort_laser_wakefield_accelerator_source,Single-shot multi-keV X-ray absorption spectroscopy using an ultrashort laser wakefield accelerator source,"B. Kettle, 1, ∗ E. Gerstmayr, 1 M.J.V. Streeter, 2, † F. Albert, 3 R.A. Baggott, 1 N. Bourgeois, 4 J.M. Cole, 1 S. Dann, 2, ‡ K. Falk, 5, 6, 7 I. Gallardo Gonz´ alez, 8 A.E. Hussein, 9 N. Lemos, 3 N.C. Lopes, 10 O. Lundh, 8 Y. Ma, 2, § S.J. Rose, 1 C. Spindloe, 4 D.R. Symes, 4 M. ˇ Sm´ ıd, 5 A.G.R. Thomas, 9, 2 R. Watt, 1 and S.P.D. Mangles 1; 1 The John Adams Institute for Accelerator Science, Imperial College London, London, SW7 2AZ, UK; 3 Lawrence Livermore National Laboratory (LLNL), Livermore, California 94550, USA",,,s3://new-lwfa-sim-2/kb-data/output//Single-shot_multi-keV_X-ray_absorption_spectroscopy_using_an_ultrashort_laser_wakefield_accelerator_source/structured.json,
new-lwfa-sim-2,kb-data/output//Speeding_up_simulations_of_relativistic_systems_using_an_optimal_boosted_frame,Speeding up simulations of relativistic systems using an optimal boosted frame,"Proceedings of the DPF-2009 Conference, Detroit, MI, July 27-31, 2009; J.-L. Vay, W. M. Fawley, C. G. Geddes, E. Cormier-Michel; Lawrence Berkeley National Laboratory, Berkeley, CA, USA",,,s3://new-lwfa-sim-2/kb-data/output//Speeding_up_simulations_of_relativistic_systems_using_an_optimal_boosted_frame/structured.json,
new-lwfa-sim-2,kb-data/output//Stable_and_high_quality_electron_beams_from_staged_laser_and_plasma_wakefield_accelerators,Stable and high quality electron beams from staged laser and plasma wakefield accelerators,"F. M. Foerster, 1, ∗ A. D¨ opp, 1, 2, † F. Haberstroh, 1 K. v. Grafenstein, 1 D. Campbell, 1, 3 Y.-Y. Chang, 4 S. Corde, 5 J. P. Couperus Cabada˘ g, 4 A. Debus, 4 M. F. Gilljohann, 1, 5 A. F. Habib, 3 T. Heinemann, 3, 6 B. Hidding, 6, 3 A. Irman, 4 F. Irshad, 1 A. Knetsch, 5 O. Kononenko, 5 A. Martinez de la Ossa, 7 A. Nutter, 4, 3 R. Pausch, 4, 8 G. Schilling, 1 A. Schletter, 1, 9 S. Sch¨ obel, 4, 8 U. Schramm, 4, 8 E. Travac, 1 P. Ufer, 4, 8 and S. Karsch 1, 2, ‡; 1 Ludwig-Maximilians-Universit¨ at M¨ unchen, Am Coulombwall 1, 85748 Garching, Germany; 2 Max Planck Institut f¨ ur Quantenoptik, Hans-Kopfermann-Strasse 1, 85748 Garching , Germany 3",2108.03000,,s3://new-lwfa-sim-2/kb-data/output//Stable_and_high_quality_electron_beams_from_staged_laser_and_plasma_wakefield_accelerators/structured.json,
new-lwfa-sim-2,kb-data/output//Strong-Field_QED_Experiments_using_the_BELLA_PW_Laser_Dual_Beamlines,Strong-Field QED Experiments using the BELLA PW Laser Dual Beamlines,"M. Turner 1,e1 , S. S. Bulanov 1,e2 , C. Benedetti 1,e3 , A. J. Gonsalves 1,e4 , W. P . Leemans 2,e5 , K. Nakamura 1,e6 , J. van Tilborg 1,e7 , C. B. Schroeder 1,e8 , C. G. R. 1,e10; Geddes 1,e9 , and E. Esarey; 1 Lawrence Berkeley National Laboratory, Berkeley, USA 2 Deutsches Elektronen-Synchrotron DESY, Hamburg, Germany e1 marleneturner@lbl.gov",2107.02161,,s3://new-lwfa-sim-2/kb-data/output//Strong-Field_QED_Experiments_using_the_BELLA_PW_Laser_Dual_Beamlines/structured.json,
new-lwfa-sim-2,kb-data/output//Sub-femtosecond_electron_bunches_created_by_direct_laser_acceleration_in_a_laser_wakefield_accelerator_with_ionization_injection,Sub-femtosecond electron bunches created by direct laser acceleration in a laser wakefield accelerator with ionization injection,"N. Lemos 1,a) , J. L. Shaw 1 , K. A. Marsh 1 and C. Joshi 1; 1 University of California Los Angeles, Los Angeles CA USA 90095",,,s3://new-lwfa-sim-2/kb-data/output//Sub-femtosecond_electron_bunches_created_by_direct_laser_acceleration_in_a_laser_wakefield_accelerator_with_ionization_injection/structured.json,
new-lwfa-sim-2,kb-data/output//Surrogate_Models_studies_for_laser-plasma_accelerator_electron_source_design_through_numerical_optimisation,Surrogate Models studies for laser-plasma accelerator electron source design through numerical optimisation,"G. Kane, a) P. Drobniak, S. Kazamias, V. Kubytskyi, M. Lenivenko, B. Lucas, J. Serhal, and K. Cassou; A. Beck and A. Specka; Laboratoire Leprince-Ringuet - LLR - UMR 7638 CNRS, École Polytechnique, 91128 Palaiseau cedex - France",2006.04433,,s3://new-lwfa-sim-2/kb-data/output//Surrogate_Models_studies_for_laser-plasma_accelerator_electron_source_design_through_numerical_optimisation/structured.json,
new-lwfa-sim-2,kb-data/output//Sustained_electron_self-injection_in_an_evolving_ellipsoid_bubble_for_laser-plasma_interaction,Sustained electron self-injection in an evolving ellipsoid bubble for,"X. F. Li 1, 2 , Q. Kong 1 ＊ , S. Kawata 2* , Y. J. Gu 3 , Q. Yu 1,3 and J. F.Qu 1; 1 Institute of Modern Physics, Fudan University, Shanghai 200433, People's Republic of China; 2 Graduate School of Engineering, Utsunomiya University, 7-1-2 Yohtoh, Utsunomiya 321-8585, Japan",,,s3://new-lwfa-sim-2/kb-data/output//Sustained_electron_self-injection_in_an_evolving_ellipsoid_bubble_for_laser-plasma_interaction/structured.json,
new-lwfa-sim-2,kb-data/output//Synchrotron_radiation_from_a_curved_plasma_channel_laser_wakefield_accelerator,Synchrotron radiation from a curved plasma channel laser wakefield accelerator,"J.P. Palastro 1 , D. Kaganovich 1 , B. Hafizi 1 , Y.-H. Chen 2 , L.A. Johnson 1 , J.R. Penano 1 M.H. Helle 1 , and A.A. Mamonau 2 1 Naval Research Laboratory, Washington DC 20375-5346, USA 2 Research Support Instruments, Lanham MD 20706 USA; ,",,,s3://new-lwfa-sim-2/kb-data/output//Synchrotron_radiation_from_a_curved_plasma_channel_laser_wakefield_accelerator/structured.json,
new-lwfa-sim-2,kb-data/output//Tail-wave-assisted_Positron_Acceleration_in_Nonlinear_Laser_Plasma_Wakefields,Tail-wave-assisted Positron Acceleration in Nonlinear Laser Plasma Wakefields,"Wei-Yuan Liu, 1,2 Xing-Long Zhu, 1,2,3 Min Chen, 1,2, GLYPH<3> Su-Ming Weng, 1,2 Feng He, 1,2 Zheng-Ming Sheng, 1,2,3 and Jie Zhang 1, 2, 3; 1 Key Laboratory for Laser Plasmas (MOE), School of Physics and Astronomy,; Shanghai Jiao Tong University, Shanghai, 200240, China",,"August 1, 2022",s3://new-lwfa-sim-2/kb-data/output//Tail-wave-assisted_Positron_Acceleration_in_Nonlinear_Laser_Plasma_Wakefields/structured.json,
new-lwfa-sim-2,kb-data/output//Temporal_characterization_of_ultrashort_linearly_chirped_electron_bunches_generated_from_a_laser_wakefield_accelerator,Temporal characterization of ultrashort linearly chirped electron bunches generated from a laser wakefield accelerator,"C. J. Zhang, 1, 2 J. F. Hua, 1 Y. Wan, 1, 2 B. Guo, 1 C.-H. Pai, 1 Y. P. Wu, 1 F. Li, 1, 2; H.-H. Chu, 3 Y. Q. Gu, 2 W. B. Mori, 4 C. Joshi, 4 J. Wang, 3, ∗ and W. Lu 1, †; 1 Department of Engineering Physics, Tsinghua University, Beijing 100084, China",,"September 12, 2018",s3://new-lwfa-sim-2/kb-data/output//Temporal_characterization_of_ultrashort_linearly_chirped_electron_bunches_generated_from_a_laser_wakefield_accelerator/structured.json,
new-lwfa-sim-2,kb-data/output//Terahertz_Radiation_from_Laser-Ionized_Plasmas,Terahertz Radiation from Laser-Ionized Plasmas,"Kathryn A. Wolfinger, 1, ∗ Gregory R. Werner, 1 and John R. Cary 1, 2; 1 Center for Integrated Plasma Studies,; Physics Department,",,"May 3, 2022",s3://new-lwfa-sim-2/kb-data/output//Terahertz_Radiation_from_Laser-Ionized_Plasmas/structured.json,
new-lwfa-sim-2,kb-data/output//The_Effect_of_Laser_Focusing_Conditions_on_Propagation_and_Monoenergetic_Electron_Production_in_Laser_Wakefield_Accelerators,The Effect of Laser Focusing Conditions on Propagation and Monoenergetic Electron Production in Laser Wakefield Accelerators,"A. G. R. Thomas 1 , Z. Najmudin 1 , S. P. D. Mangles 1 , C. D. Murphy 1 , 2 , A. E. Dangor 1 , C.; Kamperidis 1 , K.L. Lancaster 2 , W. B. Mori 3 , P. A. Norreys 2 , W. Rozmus 4 , and K. Krushelnick 1; 1 Blackett Laboratory, Imperial College London, SW7 2AZ, UK",,,s3://new-lwfa-sim-2/kb-data/output//The_Effect_of_Laser_Focusing_Conditions_on_Propagation_and_Monoenergetic_Electron_Production_in_Laser_Wakefield_Accelerators/structured.json,
new-lwfa-sim-2,kb-data/output//Three-dimensional_structure_of_the_laser_wakefield_accelerator_in_the_blowout_regime,Three-dimensional structure of the laser wakefield accelerator in the blowout regime,"J. F. Vieira, S.F. Martins, F. Fi´ uza, R.A. Fonseca, L.O. Silva, C. Huang, W. Lu, M. Tzoufras, F. Tsung, W.B. Mori, J. Cooley, and T. Antonsen Jr.; Keywords -Simulation, Lasers, Plasma waves, Electron accelerators; J. F. Vieira, S. F. Martins, F. Fi´ uza, R.A. Fonseca, L.O. Silva are with GoLP/CFP Instituto Superior T´ ecnico, 1049-001 Lisboa, Portugal (e-mail: jorge.vieira@ist.utl.pt)",,,s3://new-lwfa-sim-2/kb-data/output//Three-dimensional_structure_of_the_laser_wakefield_accelerator_in_the_blowout_regime/structured.json,
new-lwfa-sim-2,kb-data/output//Towards_controlling_electron_charge_with_nanoparticle_assisted_laser_wakefield_accelerators,Towards controlling electron beam charge with nanoparticle-assisted laser wakefield accelerators,"A. Špádová, 1, 2, a) P. Valenta, 1 S. Lorenz, 1 M. Nevrkla, 1, 2 J. Nejdl, 1, 2 G. M. Grittani, 1 and S. V. Bulanov 1; 1) ELI Beamlines Facility, The Extreme Light Infrastructure ERIC, Za Radnicí 835, 252 41 Dolní Bˇ režany, Czechia; 2) Czech Technical University in Prague, Faculty of Nuclear Sciences and Physical Engineering, Bˇ rehová 7, 115 19 Prague 1, Czechia",,,s3://new-lwfa-sim-2/kb-data/output//Towards_controlling_electron_charge_with_nanoparticle_assisted_laser_wakefield_accelerators/structured.json,
new-lwfa-sim-2,kb-data/output//Two_stage_γ_ray_emission_via_an_ultrahigh_intensity_laser_pulse_interaction_with_a_laser-wakefield_accelerated_electron_beam,Two stage γ ray emission via an ultrahigh intensity laser pulse interaction with a laser-wakefield accelerated electron beam,"M. A. Bake, 1,2, a) A. Tursun, 1 A. Aimidula, 1 and B. S. Xie 3; 1) School of Physics Science and Technology, Xinjiang University, Urumqi 830046, People's Republic of China; 2) Center of Theocratical Physics, Xinjiang University, Urumqi 830046, People's Republic of China",,,s3://new-lwfa-sim-2/kb-data/output//Two_stage_γ_ray_emission_via_an_ultrahigh_intensity_laser_pulse_interaction_with_a_laser-wakefield_accelerated_electron_beam/structured.json,
new-lwfa-sim-2,kb-data/output//Ultrafast_Electron_Diffraction_with_MeV_Electron_Source_from_a_Laser_Wakefield_Accelerator,Ultrafast Electron Diffraction with MeV Electron Source from a Laser Wakefield Accelerator,"Yu Fang 1 , Fei Li 1* , Jianfei Hua 1* , Bo Guo 2 , Linyi Zhou 1 , Bing Zhou 1 , Zhihao Chen 1 , Jianyi Liu 1 , Zheng Zhou 3 , Yipeng Wu 4 , Yingchao Du 1 , Renkai Li 1 , Wei Lu 1,2*; 1 Tsinghua University, Beijing, China. 2 Beijing Academy of Quantum Information Science, Beijing, China. 3 China Academy of Engineering Physics, Mianyang, Sichuan, China. 4 University of California, Los Angeles, Los Angeles, CA, US.",,,s3://new-lwfa-sim-2/kb-data/output//Ultrafast_Electron_Diffraction_with_MeV_Electron_Source_from_a_Laser_Wakefield_Accelerator/structured.json,
new-lwfa-sim-2,kb-data/output//Ultrahigh_charge_electron_beams_from_laser-irradiated_solid_surface,Ultrahigh charge electron beams from laser-irradiated solid surface,"Yong Ma 1 , 7 , Jiarui Zhao 1 , Yifei Li 1 , Dazhang Li 4 , Liming Chen 1 , 2 , 3 , ∗ Jianxun Liu 5 , Stephen J.; D. Dann 7 , Yanyun Ma 5 , † Xiaohu Yang 5 , Zheyi Ge 5 , Zhengming Sheng 2 , 6 , and Jie Zhang 2 , 3 ‡; 1 Institute of Physics, Chinese Academy of Sciences, Beijing 100190, China",,,s3://new-lwfa-sim-2/kb-data/output//Ultrahigh_charge_electron_beams_from_laser-irradiated_solid_surface/structured.json,
new-lwfa-sim-2,kb-data/output//Use_of_spatiotemporal_couplings_and_an_axiparabola_to_control_axial_energy_deposition_velocity,Use of spatiotemporal couplings and an axiparabola to control axial energy deposition velocity,"Aaron Liberman 1,* , Ronan Lahaye 2 , Slava Smartsev 1,2 , Sheroy Tata 1 , Salome Benracassa 1 , Eitan Levine 1 , Cedric Thaury 2 , and Victor Malka 1; 1 Department of Physics of Complex Systems, Weizmann Institute of Science, Rehovot 7610001, Israel; 2 LOA, CNRS, Ecole Polytechnique, ENSTA Paris, Institut Polytechnique de Paris, Palaiseau, France",,,s3://new-lwfa-sim-2/kb-data/output//Use_of_spatiotemporal_couplings_and_an_axiparabola_to_control_axial_energy_deposition_velocity/structured.json,
new-pwa-1,kb-data/output/1D_Longitudinal_Beam_Dynamics_of_Laser_Plasma_Wakefield_Accelerator,1D Longitudinal Beam Dynamics of Laser Plasma Wakefield Accelerator,"Institute of High Energy Physics, Chinese Academy of Sciences, P.O.Box 918, Beijing 100049, China; We consider the homogeneous unmagnetized plasma. Laser travels in the z direction with the initial frequency ω 0 glyph[greatermuch] ω p , ω p is the electron plasma frequency, and the group and the phase speed v g ≈ v p ≈ c ( c is the light velocity ) . We adopt one dimensional theory, the LWFA system is governed by the following set of equations[2]",,,s3://new-pwa-1/kb-data/output/1D_Longitudinal_Beam_Dynamics_of_Laser_Plasma_Wakefield_Accelerator/structured.json,
new-pwa-1,kb-data/output/9_GeV_Energy_Gain_in_a_Beam-Driven_Plasma_Wakefield_Accelerator,9 GeV Energy Gain in a Beam-Driven Plasma Wakefield Accelerator,"M Litos 1 , E Adli 2 , J M Allen 1 , WAn 3 , C I Clarke 1 , S Corde 4 , C E Clayton 3 , J Frederico 1 , S J Gessner 1 , S Z Green 1 , M J Hogan 1 , C Joshi 3 , W. Lu 5 , K A Marsh 3 , WBMori 3 , M Schmeltz 1 , N Vafaei-Najafabadi 3 , V Yakimenko 1; 1 SLAC National Accelerator Laboratory, Menlo Park, CA, USA; 2 University of Oslo, Oslo, Norway",,,s3://new-pwa-1/kb-data/output/9_GeV_Energy_Gain_in_a_Beam-Driven_Plasma_Wakefield_Accelerator/structured.json,
new-pwa-1,kb-data/output/AWAKE_A_Particle-driven_Plasma_Wakefield_Acceleration_Experiment,"AWAKE, A Particle-driven Plasma Wakefield Acceleration Experiment","AWAKE, A Particle-driven Plasma Wakefield Acceleration Experiment; CERN, Geneva, Switzerland; The construction of ever larger and costlier accelerator facilities has its limits; accelerating fields of today's RF cavities and microwave technology are limited to about 100 MV/m; hence, several tens of kilometres are required for future linear colliders. New technologies will be needed to push back the energy frontier.",,,s3://new-pwa-1/kb-data/output/AWAKE_A_Particle-driven_Plasma_Wakefield_Acceleration_Experiment/structured.json,
new-pwa-1,kb-data/output/AWAKE_Input_to_the_European_Strategy_for_Particle_Physics_Update_on_behalf_of_the_AWAKE_Collaboration,Input to the European Strategy for Particle Physics Update on behalf of the AWAKE Collaboration,"1 , P. Muggli 2 , M. Turner 3; March 31, 2025; By the end of 2025, all physics concepts related to self-modulation will have been experimentally established as part of the AWAKE ongoing program that started in 2016. Key achievements include: direct observation of self-modulation, stabilization and control by two seeding methods, acceleration of externally injected electrons from 19 MeV to more than 2 GeV, and sustained high wakefield amplitudes beyond self-modulation saturation using a plasma density step.",2503.21669,"March 31, 2025",s3://new-pwa-1/kb-data/output/AWAKE_Input_to_the_European_Strategy_for_Particle_Physics_Update_on_behalf_of_the_AWAKE_Collaboration/structured.json,
new-pwa-1,kb-data/output/AWAKE_On_the_path_to_particle_physics_applications,AWAKE,"A. CALDWELL 1 , E. GSCHWENDTNER 2 , K. LOTOV 3 , 4 , P. MUGGLI 1 , 2 , M. WING 5; [1]Max Planck Institute for Physics, Munich, Germany; [2]CERN, Geneva, Switzerland",1809.04478,,s3://new-pwa-1/kb-data/output/AWAKE_On_the_path_to_particle_physics_applications/structured.json,
new-pwa-1,kb-data/output/AWAKE_The_Advanced_Proton_Driven_Plasma_Wakefield_Acceleration_Experiment_at_CERN,"AWAKE, The Advanced Proton Driven Plasma Wakefield Acceleration Experiment at CERN","AWAKE, The Advanced Proton Driven Plasma Wakefield Acceleration Experiment at CERN; Budker Institute of Nuclear Physics SB RAS, 630090, Novosibirsk, Russia a b CERN, Geneva, Switzerland; c Cockcroft Institute, Warrington WA4 4AD, UK",,"December 18, 2015",s3://new-pwa-1/kb-data/output/AWAKE_The_Advanced_Proton_Driven_Plasma_Wakefield_Acceleration_Experiment_at_CERN/structured.json,
new-pwa-1,kb-data/output/AWAKE_readiness_for_the_study_of_the_seeded_self-modulation_of_a_400GeV_proton_bunch,AWAKE readiness for the study of the seeded self-modulation of a 400 GeV proton bunch,"P. Muggli 1 , 2 , E. Adli 3 , R. Apsimon 4 , F. Asmus 1 , R. Baartman 5 ,; A.-M. Bachmann 1 , 2 , 6 , M. Barros Marin 2 , F. Batsch 1 , 2 , 6; Bauche 2 , V. K. Berglyd Olsen 3 , M. Bernardini 2 , B. Biskup 2",,,s3://new-pwa-1/kb-data/output/AWAKE_readiness_for_the_study_of_the_seeded_self-modulation_of_a_400GeV_proton_bunch/structured.json,
new-pwa-1,kb-data/output/A_Beam_Driven_Plasma-Wakefield_Linear_Collider_From_Higgs_Factory_to_Multi-TeV,A Beam Driven Plasma-Wakefield Linear Collider: From Higgs Factory to Multi-TeV,"E. Adli, J.P.Delahaye, S.J.Gessner, M.J. Hogan, T. Raubenheimer (SLAC) W.An, C. Joshi, W.Mori (UCLA); The FACET[ ii ] test facility at SLAC will, in the period 2012-2016, further study several issues that are directly related to the applicability of PWFA to a high-energy collider, in particular two-beam acceleration where the witness beam experiences high beam loading (required for high efficiency), small energy spread and small emittance dilution (required to achieve luminosity).; The  PWFA-LC concept presented in  this  document  is  an  attempt  to  find  a  reasonable design that takes advantage of the PWFA, identify the critical parameters to be achieved and eventually the necessary R&D to address their feasibility.  The design benefits from the extensive R&D that has been performed for conventional rf linear colliders during the last  twenty  years,  especially  ILC[ iii ]  and  CLIC[ iv ],  with  a  potential  for  a  substantially lower power consumption and cost.",1308.1145,,s3://new-pwa-1/kb-data/output/A_Beam_Driven_Plasma-Wakefield_Linear_Collider_From_Higgs_Factory_to_Multi-TeV/structured.json,
new-pwa-1,kb-data/output/A_Brief_Review_of_Plasma_Wakefield_Acceleration,A Brief Review of Plasma Wakefield Acceleration,"Department of Physics Eng., Istanbul Technical University, 34469, Istanbul, Turkey; February 18, 2020; Keywords: plasma wakefield accelerator; laser wakefield acceleration, beam-driven plasma wakefield acceleration",,"February 18, 2020",s3://new-pwa-1/kb-data/output/A_Brief_Review_of_Plasma_Wakefield_Acceleration/structured.json,
new-pwa-1,kb-data/output/A_Compact_Source_of_Positron_Beams_with_Small_Thermal_Emittance,Compact Source of Positron Beams with Small Thermal Emittance,"Applied Physics Department, Stanford University, Stanford, USA and SLAC National Accelerator Laboratory, Menlo Park, USA; SLAC National Accelerator Laboratory, Menlo Park, USA (Dated: January 10, 2024); of these devices is low and the beams have intrinsic angular momentum. The trap is combined with a short linac to compress and accelerate the beam such that the final energy and bunch length is suitable for injection in a plasma wake. While positron PWFA experiments are the motivation for this concept, the compact positron source would be of great interest to any facility that desires positron beams for physics studies.",2204.13245,"January 10, 2024",s3://new-pwa-1/kb-data/output/A_Compact_Source_of_Positron_Beams_with_Small_Thermal_Emittance/structured.json,
new-pwa-1,kb-data/output/A_Hybrid_Nodal-Staggered_Pseudo-Spectral_Electromagnetic_Particle-In-Cell_Method_with_Finite-Order_Centering,A Hybrid Nodal-Staggered Pseudo-Spectral Electromagnetic Particle-In-Cell Method with Finite-Order Centering,"Edoardo Zoni a, GLYPH<6> , Remi Lehe a , Olga Shapoval a , Daniel Belkin a,1 , Neil Zaïm b , Luca Fedeli b , Henri Vincenti b , Jean-Luc Vay a a Lawrence Berkeley National Laboratory, Berkeley, CA 94720, USA; b Université Paris-Saclay, CEA, CNRS, LIDYL, 91191 Gif-sur-Yvette, France; Keywords: Particle-In-Cell, Pseudo-Spectral, Finite-Order, Centering, Staggered, Hybrid",2012.07696,"June 25, 2021",s3://new-pwa-1/kb-data/output/A_Hybrid_Nodal-Staggered_Pseudo-Spectral_Electromagnetic_Particle-In-Cell_Method_with_Finite-Order_Centering/structured.json,
new-pwa-1,kb-data/output/A_Massively_Parallel_Time-Domain_Coupled_Electrodynamics-Micromagnetics_Solver,A Massively Parallel Time-Domain Coupled Electrodynamics-Micromagnetics Solver,"Zhi Yao 1 , Revathi Jambunathan 1 , Yadong Zeng 2 and Andy Nonaka 1; microelectronics, micromagnetic models, FDTD, electromagnetic waves, GPU computing; 1 Lawrence Berkeley National Laboratory, Berkeley, CA, USA",,2017/01/17,s3://new-pwa-1/kb-data/output/A_Massively_Parallel_Time-Domain_Coupled_Electrodynamics-Micromagnetics_Solver/structured.json,
new-pwa-1,kb-data/output/A_Review_of_Beam-Driven_Plasma_Wakefield_Experiments,A Review of Beam-Driven Plasma Wakefield Experiments,"A. Aimidula 1 and P. Zhang 2; School of Physics Science and Technology, Xinjiang University 2 School of Electronic Science and Engineering, University of Electronic Science and Technology of China; November 25, 2021",,"November 25, 2021",s3://new-pwa-1/kb-data/output/A_Review_of_Beam-Driven_Plasma_Wakefield_Experiments/structured.json,
new-pwa-1,kb-data/output/A_Rubidium_Vapor_Source_for_a_Plasma_Source_for_AWAKE,A Rubidium Vapor Source for a Plasma Source for AWAKE,"G. Plyushchev 1 , 2 , R. Kersevan 1 , A. Petrenko 1 , P. Muggli 3 , 1; Max Planck Institute for Physics, M¨ unchen, Germany; CERN, Geneva, Switzerland 2 Ecole Polytechnique F´ ed´ erale de Lausanne, Switzerland 3",1708.01087,"July 23, 2017",s3://new-pwa-1/kb-data/output/A_Rubidium_Vapor_Source_for_a_Plasma_Source_for_AWAKE/structured.json,
new-pwa-1,kb-data/output/A_compact_electron_injector_for_the_EIC_based_on_plasma_wakefields_driven_by_the_RHIC-EIC_proton_beam,A compact electron injector for the EIC based on plasma wakefields driven by the RHIC-EIC proton beam,"XXVII International Workshop on Deep-Inelastic Scattering and Related Subjects - DIS2019 8-12 April, 2019 Torino, Italy",,,s3://new-pwa-1/kb-data/output/A_compact_electron_injector_for_the_EIC_based_on_plasma_wakefields_driven_by_the_RHIC-EIC_proton_beam/structured.json,
new-pwa-1,kb-data/output/A_hybrid_asymmetric_linear_Higgs_factory_based_on_plasma-wakefield_and_radio-frequency_acceleration,"A hybrid, asymmetric, linear Higgs factory based on plasma-wakefield and radio-frequency acceleration","A hybrid, asymmetric, linear Higgs factory based on plasma-wakefield and radio-frequency acceleration; B. Foster, 1, 2, ∗ R. D'Arcy, 1, 2 and C. A. Lindstrøm 3; 1 John Adams Institute for Accelerator Science at University of Oxford, Oxford, UK",2110.15800,"August 24, 2023",s3://new-pwa-1/kb-data/output/A_hybrid_asymmetric_linear_Higgs_factory_based_on_plasma-wakefield_and_radio-frequency_acceleration/structured.json,
new-pwa-1,kb-data/output/A_magnetic_spectrometer_to_measure_electron_bunches_accelerated_at_AWAKE,A magnetic spectrometer to measure electron bunches accelerated at AWAKE,"J. Bauche a , B. Biskup a,b , M. Cascella c , J. Chappell c , N. Chritin a , D. Cooke c , L. Deacon c , Q. Deliege a , I. Gorgisyan a , J. Hansen a , S. Jolly c , F. Keeble c, ∗ , P. La Penna d , S. Mazzoni a , D. Medina Godoy a , A. Petrenko a , M. Quattri d , T. Schneider a , P. Sherwood c , A. Vorozhtsov a , M. Wing c; CERN, Geneva, Switzerland b Czech Technical University, Prague, Czech Republic c UCL, London, UK d ESO, Munich, Germany; ∗ Corresponding author at: UCL, London, UK",1401.4823,,s3://new-pwa-1/kb-data/output/A_magnetic_spectrometer_to_measure_electron_bunches_accelerated_at_AWAKE/structured.json,
new-pwa-1,kb-data/output/A_novel_fast_simulation_technique_for_axisymmetric_PWFA_configurations_in_the_blowout_regime,A novel fast simulation technique for axisymmetric PWFA configurations in the blowout regime,"P. Baxevanis and G. Stupakov; SLAC National Accelerator Laboratory, Menlo Park, CA 94025",1602.05260,,s3://new-pwa-1/kb-data/output/A_novel_fast_simulation_technique_for_axisymmetric_PWFA_configurations_in_the_blowout_regime/structured.json,
new-pwa-1,kb-data/output/A_numerical_study_on_plasma_acceleration_processes_with_ion_dynamics_at_the_sub-nanosecond_timescale,A numerical study on plasma acceleration processes with ion dynamics at the sub-nanosecond timescale,"G. Parise 1,2,* , A. Cianchi 3 , M. Galletti 1 , F. Guglietta 3 , R. Pompili 1 , A.R. Rossi 4 , M. Sbragaglia 3 , D. Simeoni 3; 1 INFN, Laboratori Nazionali di Frascati, Via Enrico Fermi 54, 00044, Frascati, Italy; 2 Department of Physics, Tor Vergata University of Rome, Via della Ricerca Scientifica 1, 00133, Rome,",2407.10216,,s3://new-pwa-1/kb-data/output/A_numerical_study_on_plasma_acceleration_processes_with_ion_dynamics_at_the_sub-nanosecond_timescale/structured.json,
new-pwa-1,kb-data/output/A_plasma_wakefield_acceleration_experiment_using_CLARA_beam,Abstract,"Keywords: Plasma accelerators, Wakefield, FEL, Particle-in-cell.; Plasma accelerators utilize the breakdown medium 'plasmas' as the accelerating structures and therefore avoid the further material breakdown limit posed by the conventional accelerating structures, e.g. copper or niobium RF cavities. In principle, the wavebreaking field can reach 100 GV / m for a plasma with density of 10 18 cm GLYPH<0> 3 . Plasmas are therefore the ideal medium to sustain a very large electric field for particle beam acceleration.; June 20, 2021",,"June 20, 2021",s3://new-pwa-1/kb-data/output/A_plasma_wakefield_acceleration_experiment_using_CLARA_beam/structured.json,
new-pwa-1,kb-data/output/A_primary_electron_beam_facility_at_CERN_--_eSPS_Conceptual_design_report,A primary electron beam facility at CERN - eSPS,"Corresponding editors: Torsten Åkesson, Lund University; Steinar Stapnes, CERN",1905.07657,,s3://new-pwa-1/kb-data/output/A_primary_electron_beam_facility_at_CERN_--_eSPS_Conceptual_design_report/structured.json,
new-pwa-1,kb-data/output/A_proposed_experiment_on_the_proton_driven_plasma_wakefield_acceleration,A PROPOSED EXPERIMENT ON THE PROTON DRIVEN PLASMA WAKEFIELD ACCELERATION,"G. Xia 1 , A. Caldwell 1 , K. Lotov 2,3 , A. Pukhov 4 , R. Assmann 5 , F. Zimmermann 5; Max Planck Institute for Physics, 80805, Munich, Germany; Budker Institute for Nuclear Physics, 630090, Novosibirsk, Russia",1003.5816,,s3://new-pwa-1/kb-data/output/A_proposed_experiment_on_the_proton_driven_plasma_wakefield_acceleration/structured.json,
new-pwa-1,kb-data/output/A_proposed_very_high_energy_electron-proton_collider_VHEeP,"A proposed very high energy electron-proton collider, VHEeP","A proposed very high energy electron-proton collider, VHEeP; M. Wing ∗ † UCL, London, UK E-mail: m.wing@ucl.ac.uk; Max Planck Institute for Physics, Munich, Germany",1602.03089,,s3://new-pwa-1/kb-data/output/A_proposed_very_high_energy_electron-proton_collider_VHEeP/structured.json,
new-pwa-1,kb-data/output/Accelerating_field_enhancement_due_to_ion_motion_in_plasma_wakefield_accelerators,Accelerating field enhancement due to ion motion in plasma wakefield accelerators,"Budker Institute of Nuclear Physics, Novosibirsk, 630090, Russia Novosibirsk State University, Novosibirsk, 630090, Russia; Budker Institute of Nuclear Physics, Novosibirsk, 630090, Russia Novosibirsk State University, Novosibirsk, 630090, Russia; Budker Institute of Nuclear Physics, Novosibirsk, 630090, Russia Novosibirsk State University, Novosibirsk, 630090, Russia",,,s3://new-pwa-1/kb-data/output/Accelerating_field_enhancement_due_to_ion_motion_in_plasma_wakefield_accelerators/structured.json,
new-pwa-1,kb-data/output/Acceleration_of_an_electron_bunch_with_a_non-Gaussian_transverse_profile_in_a_quasilinear_plasma_wakefield,Acceleration of an electron bunch with a non-Gaussian transverse profile in a quasilinear plasma wakefield,"Linbo Liang, 1, 2, ∗ Guoxing Xia, 1, 2 Alexander Pukhov, 3 and John Patrick Farmer 4, 5; 1 Department of Physics and Astronomy, University of Manchester, Manchester M13 9PL, United Kingdom; 2 Cockcroft Institute, Daresbury, Cheshire WA4 4AD, United Kingdom",2203.11622,"August 10, 2022",s3://new-pwa-1/kb-data/output/Acceleration_of_an_electron_bunch_with_a_non-Gaussian_transverse_profile_in_a_quasilinear_plasma_wakefield/structured.json,
new-pwa-1,kb-data/output/Acceleration_of_electrons_in_the_plasma_wakefield_of_a_proton_bunch,Acceleration of electrons in the plasma wakefield of a proton bunch,"E. Adli,; A. Ahuja,; J. Bauche,",0807.4599,"October 12, 2018",s3://new-pwa-1/kb-data/output/Acceleration_of_electrons_in_the_plasma_wakefield_of_a_proton_bunch/structured.json,
new-pwa-1,kb-data/output/Acceleration_rate_enhancement_by_negative_plasma_density_gradient_in_multi-bunch_driven_plasma_wakefield_accelerator,Acceleration rate enhancement by negative plasma density gradient in multi-bunch driven plasma wakefield accelerator,"1) Novosibirsk State University, Novosibirsk 630090, Russia; 2) Budker Institute of Nuclear Physics, Novosibirsk 630090, Russia; In a plasma wakefield accelerator driven by a train of short particle bunches, it is possible to locally increase the acceleration rate by introducing a small negative gradient of the plasma density. A regime is possible in which the gradient affects only the relative phasing of the driver bunches and the wave, keeping the wave phase behind the driver stable. With this technique, it is possible to increase the energy gain of the accelerated witness bunch in a plasma section of limited length.",,,s3://new-pwa-1/kb-data/output/Acceleration_rate_enhancement_by_negative_plasma_density_gradient_in_multi-bunch_driven_plasma_wakefield_accelerator/structured.json,
new-pwa-1,kb-data/output/Adiabatic_sheath_model_for_beam-driven_blowout_plasma_channels,Adiabatic sheath model for beam-driven blowout plasma channels,"Yulong Liu, 1, 2 Ming Zeng, 1, 2, ∗ Lars Reichwein, 3, 4 and Alexander Pukhov 3; Institute of High Energy Physics, Chinese Academy of Sciences, Beijing 100049, China 2 University of Chinese Academy of Sciences, Beijing 100049, China; 3 Institut f¨ ur Theoretische Physik I, Heinrich-Heine-Universit¨ at D¨ usseldorf, D-40225 D¨ usseldorf, Germany",2201.07895,"November 25, 2024",s3://new-pwa-1/kb-data/output/Adiabatic_sheath_model_for_beam-driven_blowout_plasma_channels/structured.json,
new-pwa-1,kb-data/output/Advanced_quasistatic_approximation,Abstract,"Keywords: plasma wakefield acceleration, quasistatic approximation, simulations, numerical model; Particle acceleration in plasma and in particular plasma wakefield acceleration is a promising direction of accelerator development [1]. In this method, a driver (a bunch of charged particles or a short laser pulse) propagates through the plasma and creates a Langmuir wave in it, which accelerates the particle bunch called a witness. Both driver and witness move at almost the speed of light, so the plasma-mediated energy exchange between them can be long-lasting and efficient.; P.V. Tuev a,b, ∗ , R.I. Spitsyn a,b , K.V. Lotov a,b",,"May 10, 2022",s3://new-pwa-1/kb-data/output/Advanced_quasistatic_approximation/structured.json,
new-pwa-1,kb-data/output/All-optical_density_downramp_injection_in_electron-driven_plasma_wakefield_accelerators,All-optical density downramp injection in electron-driven plasma wakefield accelerators,"D. Ullmann 1 , 2 , P. Scherkl 1 , 2 , A. Knetsch 3 , T. Heinemann 1 , 2 , 3 , 4 , A. Sutherland 1 , 2 , 5 , A. F. Habib 1 , 2 , O. S.; Karger 4 , A. Beaton 1 , 2 , G. G. Manahan 1 , 2 , A. Deng 6 , G. Andonian 6 , 8 , M. D. Litos 7 , B. D. O'Shea 5 , D.; L. Bruhwiler 9 , J. R. Cary 7 , 11 , M. J. Hogan 5 , V. Yakimenko 5 , J. B. Rosenzweig 6 , and B. Hidding 1 , 2",1301.5066,"July 27, 2020",s3://new-pwa-1/kb-data/output/All-optical_density_downramp_injection_in_electron-driven_plasma_wakefield_accelerators/structured.json,
new-pwa-1,kb-data/output/An_Innovative_Heterodyne_Microwave_Interferometer_for_Plasma_Density_Measurements_on_the_Madison_AWAKE_Prototype,An Innovative Heterodyne Microwave Interferometer for Plasma Density Measurements on the Madison AWAKE Prototype,"Marcel Granetzny, Barret Elward, and Oliver Schmitz; Department of Nuclear Engineering and Engineering Physics, University of Wisconsin - Madison, Madison, Wisconsin, 53706, USA; (Dated: March 17, 2025)",2502.15085,"March 17, 2025",s3://new-pwa-1/kb-data/output/An_Innovative_Heterodyne_Microwave_Interferometer_for_Plasma_Density_Measurements_on_the_Madison_AWAKE_Prototype/structured.json,
new-pwa-1,kb-data/output/An_accurate_Rb_density_measurement_method_for_a_plasma_wakefield_accelerator_experiment_using_a_novel_Rb_reservoir,An accurate Rb density measurement method for a plasma wakefield accelerator experiment using a novel Rb reservoir,"E. ¨ Oz, F. Batsch, P. Muggli; Max Planck Institute for Physics, Munich, Germany.; proton driven plasma wakefield, AWAKE, plasma source, accurate density measurement, rubidium vapor source, Mach-Zehnder interferometer, cosine fit",,"August 21, 2018",s3://new-pwa-1/kb-data/output/An_accurate_Rb_density_measurement_method_for_a_plasma_wakefield_accelerator_experiment_using_a_novel_Rb_reservoir/structured.json,
new-pwa-1,kb-data/output/An_ep_collider_based_on_proton-driven_plasma_wakefield_acceleration,An ep collider based on proton-driven plasma wakefield acceleration,"G. Xia, O. Mete; University of Manchester, Cockcroft Institute; A. Aimidula, C. Welsch",1401.4823,,s3://new-pwa-1/kb-data/output/An_ep_collider_based_on_proton-driven_plasma_wakefield_acceleration/structured.json,
new-pwa-1,kb-data/output/Analysis_of_the_blowout_plasma_wakefields_produced_by_drive_beams_with_elliptical_symmetry,Analysis of the blowout plasma wakefields produced by drive beams with elliptical symmetry,"P. Manwani, ∗ Y. Kang, J. Mann, B. Naranjo, G. Andonian, and J. B. Rosenzweig; Department of Physics and Astronomy, UCLA, Los Angeles, California 90095, USA; (Dated: June 12, 2025)",1306.6328,"June 12, 2025",s3://new-pwa-1/kb-data/output/Analysis_of_the_blowout_plasma_wakefields_produced_by_drive_beams_with_elliptical_symmetry/structured.json,
new-pwa-1,kb-data/output/Analytical_Solution_to_Electron_Beam_Envelope_Evolution_in_a_Plasma_Wakefield,Analytical Solution to Electron Beam Envelope Evolution in a Plasma Wakefield,"Jiayang Yan 1,a) , Audrey Farrell 2 , L´ ıgia Diana Amorim 3 and Navid Vafaei-Najafabadi 1; Stony Brook University 2 University of California, Los Angeles 3 Lawrence Berkeley National Laboratory a) jiayang.yan@stonybrook.edu; It is important to note that while this envelope oscillation calculation is intended here for applications in the case of a PWFA, the results are general and can apply to the case of a trailing electron beam in a laser driven wakefield accelerator (LWFA) as well.",1705.10564,,s3://new-pwa-1/kb-data/output/Analytical_Solution_to_Electron_Beam_Envelope_Evolution_in_a_Plasma_Wakefield/structured.json,
new-pwa-1,kb-data/output/Analytical_model_for_the_uncorrelated_emittance_evolution_of_externally_injected_beams_in_plasma-based_accelerators,Analytical model for the uncorrelated emittance evolution of externally injected beams in plasma-based accelerators,"Alexander Aschikhin a , Timon Johannes Mehrling a,b , Alberto Martinez de la Ossa b , Jens Osterhoff a; Deutsches Elektronen-Synchrotron DESY, 22607 Hamburg, Germany b Institut f¨ ur Experimentalphysik, Universit¨ at Hamburg, 22761 Hamburg, Germany; Keywords: PACS: 29.20.Ej, 52.40.Mj, 41.75.Ht, 29.27.Bd, 52.65.Rr",,"November 11, 2021",s3://new-pwa-1/kb-data/output/Analytical_model_for_the_uncorrelated_emittance_evolution_of_externally_injected_beams_in_plasma-based_accelerators/structured.json,
new-pwa-1,kb-data/output/Application_of_a_PWFA_to_an_X-ray_FEL,Abstract,"There is a growing demand for X-ray Free-electron lasers (FELs) in various science fields, in particular for those with short pulses, larger photon fluxes and shorter wavelengths. The level of X-ray power and the pulse energy depend on the amount of electron bunch energy. Increasing the latter will increase the power of the radiating X-rays.; Free Electron Lasers (FELs) provide very intense and tightly focused X-ray beams. These X-rays can be used to map the atomic structure of materials, including bio-molecules and nanometer scale structures. The laser power and the radiation wavelength are determined by the energy and brightness of the electron bunches. In this paper, we present an FEL scheme which includes a plasma wakefield accelerator (PWFA) after the linear accelerator (linac).; PWFAs can provide accelerating gradients up to 100 GV/m, orders of magnitudes higher than gradients that can be produced by conventional radio frequency linacs. By adding a PWFA after the linac, we may be able to double the electron energy in a much shorter distance than that of the linac and potentially generate a pulse with higher energy and a shorter wavelength.",,"October 29, 2021",s3://new-pwa-1/kb-data/output/Application_of_a_PWFA_to_an_X-ray_FEL/structured.json,
new-pwa-1,kb-data/output/Assessment_of_Transverse_Instabilities_in_Proton_Driven_Hollow_Plasma_Wakefield_Acceleration,ASSESSMENT OF TRANSVERSE INSTABILITIES IN PROTON DRIVEN HOLLOWPLASMA WAKEFIELD ACCELERATION GLYPH<3>,"Y. Li y 1,2 , G. Xia 1,2 , Y. Zhao 1 1 University of Manchester, Manchester, UK 2; Cockcroft Institute, Daresbury, UK; paper, we examine the transverse instabilities induced by the imperfectly aligned driver and demonstrate how the driver and the witness bunch evolve. We also propose solutions to mitigate the instabilities.",,,s3://new-pwa-1/kb-data/output/Assessment_of_Transverse_Instabilities_in_Proton_Driven_Hollow_Plasma_Wakefield_Acceleration/structured.json,
new-pwa-1,kb-data/output/Attosecond-Angstrom_free-electron-laser_towards_the_cold_beam_limit,Attosecond-Angstrom free-electron-laser towards the cold beam limit,"A.  F.  Habib 1,2* ,  G.G.  Manahan 1,2 ,  P.  Scherkl 1,2,3 ,  T.  Heinemann 1,2 ,  A.  Sutherland 1,2 ,  R. Altuiri 1,4 , B. M. Alotaibi 1,4 , M. Litos 5 , J. Cary 5,6 , T. Raubenheimer 7 , E. Hemsing 7 , M. Hogan 7 , J.B. Rosenzweig 8 , P. H. Williams 2,9 , B. W. J. McNeil 1,2 and B. Hidding 1,2 *; 1 Scottish  Universities  Physics  Alliance,  Department  of  Physics,  University  of  Strathclyde, Glasgow, UK; 2 The Cockcroft Institute, Daresbury, UK",1403.1109,,s3://new-pwa-1/kb-data/output/Attosecond-Angstrom_free-electron-laser_towards_the_cold_beam_limit/structured.json,
new-pwa-1,kb-data/output/Axionic_suppression_of_plasma_wakefield_acceleration,Axionic suppression of plasma wakefield acceleration,"January 17, 2021; In tandem, plasma wakefield acceleration has also gained attention in astrophysical contexts [8,16,17]. For example, it has been argued that longitudinal space charge waves excited by Alfv´ en shocks caused by the collision of a pair of neutron stars may have the necessary properties for reliably accelerating protons to ZeV energies [8]. Thus, plasma wakefield acceleration may provide an effective solution to the problem of the origin of ultra-high energy cosmic rays.; In fact, neutron stars have long been suspects in the search for the culprits behind ultra-high energy cosmic rays [18]. In particular, the fast rotation of a pulsar combined with its strong magnetic field yields a particle",,"January 17, 2021",s3://new-pwa-1/kb-data/output/Axionic_suppression_of_plasma_wakefield_acceleration/structured.json,
new-pwa-1,kb-data/output/Beam-Driven_Systems_Plasma_Wakefield_Acceleration,"Beam-Driven Systems, Plasma Wakefield Acceleration","Proceedings of the 2019 CERN-Accelerator-School course on High Gradient Wakefield Accelerators, Sesimbra, (Portugal); Beam-Driven Systems, Plasma Wakefield Acceleration; Max Planck Institute for Physics, Munich, Germany",1801.08717,,s3://new-pwa-1/kb-data/output/Beam-Driven_Systems_Plasma_Wakefield_Acceleration/structured.json,
new-pwa-1,kb-data/output/Beam-driven_Plasma-based_Particle_Accelerators,"Beam-driven, Plasma-based Particle Accelerators","Beam-driven, Plasma-based Particle Accelerators; Max Planck Institute for Physics, München, Germany; We briefly give some of the characteristics of the beam-driven, plasma-based particle accelerator known as the plasma wakefield accelerator (PWFA). We also mention some of the major results that have been obtained since the birth of the concept. We focus on high-energy particle beams where possible.",,,s3://new-pwa-1/kb-data/output/Beam-driven_Plasma-based_Particle_Accelerators/structured.json,
new-pwa-1,kb-data/output/Beam-driven_plasma-wakefield_acceleration,Beam-driven plasma-wakefield acceleration,"Department of Physics, University of Oslo, Oslo, Norway; Laboratoire d'Optique Appliqu´ ee, ENSTA, CNRS, ´ Ecole Polytechnique, Institut Polytechnique de Paris, 91762 Palaiseau, France SLAC National Accelerator Laboratory, Menlo Park, CA, USA; John Adams Institute for Accelerator Science, Department of Physics, University of Oxford, Oxford, UK",1308.1145,,s3://new-pwa-1/kb-data/output/Beam-driven_plasma-wakefield_acceleration/structured.json,
new-pwa-1,kb-data/output/Beam_Breakup_Mitigation_by_Ion_Mobility_in_Plasma_Acceleration,Beam Breakup Mitigation by Ion Mobility in Plasma Acceleration,"A. Burov, S.; Fermilab, PO Box 500, Batavia, IL; Nagaitsev and V. Lebedev 60510-5011 (Dated: November 27, 2024)",1807.04887,"November 27, 2024",s3://new-pwa-1/kb-data/output/Beam_Breakup_Mitigation_by_Ion_Mobility_in_Plasma_Acceleration/structured.json,
new-pwa-1,kb-data/output/Beatwave_Excitation_of_Plasma_Waves_Based_on_Relativistic_Bi-Stability,Beatwave Excitation of Plasma Waves Based on Relativistic Bi-Stability,"Department of Physics and Institute for Fusion Studies, The University of Texas at Austin, Austin, TX 78712; PACS numbers: 52.35.Mw, 52.38.Kd, 41.75.Jv; Relativistic bi-stability was originally described [6] for a magnetized electron subjected to cyclotron heating. Applications of RB to electron cyclotron heating of fusion plasmas [8, 9] have been later suggested. Although the nonlinear nature of electron plasma waves has been noted before [10, 11, 12, 13], the RB of plasma waves has not been explored, either as a basic phenomenon or in the context of plasma-based accelerators.",,,s3://new-pwa-1/kb-data/output/Beatwave_Excitation_of_Plasma_Waves_Based_on_Relativistic_Bi-Stability/structured.json,
new-pwa-1,kb-data/output/Brilliant_circularly_polarized_γ-ray_sources_via_single-shot_laser_plasma_interaction,Brilliant circularly polarized GLYPH<13> -ray sources via single-shot laser plasma interaction,"Yu Wang, 1, GLYPH<3> Mamutjan Ababekri, 1, GLYPH<3> Feng Wan, 1, y Qian Zhao, 1 Chong; Lv, 2 Xue-Guang Ren, 1 Zhong-Feng Xu, 1 Yong-Tao Zhao, 1 and Jian-Xing Li 1; 1 Ministry of Education Key Laboratory for Nonequilibrium Synthesis and Modulation of Condensed Matter, Shaanxi Province Key Laboratory of Quantum Information and Quantum Optoelectronic Devices,",1309.7046,"November 23, 2021",s3://new-pwa-1/kb-data/output/Brilliant_circularly_polarized_γ-ray_sources_via_single-shot_laser_plasma_interaction/structured.json,
new-pwa-1,kb-data/output/Case_Studies_on_Plasma_Wakefield_Accelerator_Design,Case Studies on Plasma Wakefield Accelerator Design,"J. Osterhoff 1 , Z. Najmudin 2 and J. Faure 3; 1  Deutsches Elektronen-Synchrotron DESY, Hamburg, Germany; 2 John Adams Institute for Accelerator Science, Imperial College London, UK",,,s3://new-pwa-1/kb-data/output/Case_Studies_on_Plasma_Wakefield_Accelerator_Design/structured.json,
new-pwa-1,kb-data/output/Channeling_Acceleration_in_Crystals_and_Nanostructures_and_Studies_of_Solid_Plasmas_New_Opportunities,Channeling Acceleration in Crystals and Nanostructures and Studies of Solid Plasmas: New Opportunities,"Max F. Gilljohann, 1 Yuliia Mankovska, 1 Pablo San Miguel Claveria, 1 Alexei Sytov, 2 , 3 Laura Bandiera, 2 Robert Ariniello, 4 , 5 Xavier Davoine, 6 , 7 Henrik Ekerfelt, 5 Frederico Fiuza, 5 Laurent Gremillet, 6 , 7 Alexander Knetsch, 1 Bertrand Martinez, 8 Aimé Matheron, 1 Henryk Piekarz, 9 Doug Storey, 5 Peter Taborek, 10 Toshiki Tajima, 10 Vladimir Shiltsev, 9 Sébastien Corde 1; 1 LOA, ENSTA Paris, CNRS, Ecole Polytechnique, Institut Polytechnique de Paris, 91762 Palaiseau, France 2; INFN Ferrara Division, Via Saragat 1, 44122 Ferrara, Italy",1905.05747,,s3://new-pwa-1/kb-data/output/Channeling_Acceleration_in_Crystals_and_Nanostructures_and_Studies_of_Solid_Plasmas_New_Opportunities/structured.json,
new-pwa-1,kb-data/output/Characterization_of_the_equilibrium_configuration_for_modulated_beams_in_a_plasma_wakefield_accelerator,Characterization of the equilibrium configuration for modulated beams in a plasma wakefield accelerator,"Roberto Martorelli 1 and Alexander Pukhov 1 Heinrich Heine Universit¨ at, 40225 D¨ usseldorf, Germany; Although the self-modulation instability provides a configuration suitable for the excitation of a strong wakefield, the stability of the modulated structure is on the other hand not guarantee. The same transverse fields that modulate the initial bunch are responsible for its deterioration during the propagation in the plasma channel, undermining therefore the resulting accelerating field.; Together with extended efforts to characterize the evolution of the modulated structure, such a problem has encouraged the development of other experimental design as well, including a configuration involving two plasma cells 9 . In the first one the proton bunch got modulated through the self-modulation instability, while in the second the modulated structure excites the field suitable for the acceleration of the electrons.",1511.09032,,s3://new-pwa-1/kb-data/output/Characterization_of_the_equilibrium_configuration_for_modulated_beams_in_a_plasma_wakefield_accelerator/structured.json,
new-pwa-1,kb-data/output/Collider_design_issues_based_on_proton-driven_plasma_wakefield_acceleration,Abstract,"July 16, 2018; G. Xia a ; b , O. Mete a ; b , A. Aimidula b ; c , C. Welsch b ; c , S. Chattopadhyay a ; b ; c , S. Mandry d , M. Wing d ; e a School of Physics and Astronomy, University of Manchester, Manchester, United Kingdom b The Cockcroft Institute, Sci-Tech Daresbury, Daresbury, Warrington, United Kingdom c; d Department of Physics and Astronomy, University College London, London, United Kingdom",,"July 16, 2018",s3://new-pwa-1/kb-data/output/Collider_design_issues_based_on_proton-driven_plasma_wakefield_acceleration/structured.json,
new-pwa-1,kb-data/output/Collimated_Hard_X-Rays_from_Hybrid_Laser_and_Plasma_Wakefield_Accelerators,Collimated Hard X-Rays from Hybrid Laser and Plasma Wakefield Accelerators,"Hong Zhang, 1, 2 Jianmeng Wei, 1 Mengyuan Chu, 1 Jiale Zheng, 1, 2 Zhiheng Lou, 1 Ruoxuan Ma, 1; Xizhuan Chen, 1, 2 Hao Wang, 1 Gaojie Zeng, 1 Hang Guo, 1, 2 Yinlong Zheng, 1 Hai Jiang, 1 Yanjie Ge, 1, 2 Kangnan Jiang, 1 Runshu Hu, 1, 2 Jiayi Qian, 1 Jiacheng Zhu, 1 Zongxin Zhang, 1 1 1, 2 1, ∗ 1, † 1, 2, ‡ 1, 2, 3; Yi Xu, Yuxin Leng, Song Li, Ke Feng, Wentao Wang, and Ruxin Li",,"June 13, 2025",s3://new-pwa-1/kb-data/output/Collimated_Hard_X-Rays_from_Hybrid_Laser_and_Plasma_Wakefield_Accelerators/structured.json,
new-pwa-1,kb-data/output/Compact_dose_delivery_of_laser-accelerated_high-energy_electron_beams_towards_radiotherapy_applications,Compact dose delivery of laser-accelerated high-energy electron beams towards radiotherapy applications,"Bing Zhou, 1,2 Zhiyuan Guo, 2 Yang Wan, 1,3, ∗ Shuang Liu, 2 Jianfei Hua, 2 and Wei Lu 4,2, †; 1 Laboratory of Zhongyuan Light, School of Physics,; Zhengzhou University, Zhengzhou, 450001, China",,,s3://new-pwa-1/kb-data/output/Compact_dose_delivery_of_laser-accelerated_high-energy_electron_beams_towards_radiotherapy_applications/structured.json,
new-pwa-1,kb-data/output/Computational_and_Analytical_Optimization_of_Helicon_Antennas_with_a_Fast_Full_Wave_Solver_Exploiting_Azimuthal_Fourier_Decomposition,Computational and Analytical Optimization of Helicon Antennas with a Fast Full Wave Solver Exploiting Azimuthal Fourier Decomposition,"University of Wisconsin - Madison, Department of Nuclear Engineering and Engineering Physics, Madison, WI 53706, USA; Keywords: helicon, plasma waves, full-wave simulation, antennas, power coupling, optimization, half-helical",1401.4823,,s3://new-pwa-1/kb-data/output/Computational_and_Analytical_Optimization_of_Helicon_Antennas_with_a_Fast_Full_Wave_Solver_Exploiting_Azimuthal_Fourier_Decomposition/structured.json,
new-pwa-1,kb-data/output/Controlled_density-downramp_injection_in_a_beam-driven_plasma_wakefield_accelerator,Controlled density-downramp injection in a beam-driven plasma wakefield accelerator,"A. Knetsch, 1, ∗ B. Sheeran, 1, 2 L. Boulton, 1, 3, 4 P. Niknejadi, 1 K. P˜ oder, 1 L. Schaper, 1 M. Zeng, 1 S. Bohlen, 1, 2 G. Boyle, 1 T. Br¨ ummer, 1 J. Chappell, 5 R. D'Arcy, 1 S. Diederichs, 1, 2 B. Foster, 6 M. J. Garland, 1; P. Gonzalez Caminal, 1, 2 B. Hidding, 3, 4 V. Libov, 1 C. A. Lindstrøm, 1 A. Martinez de la Ossa, 1 M. Meisel, 1, 2; T. Parikh, 1 B. Schmidt, 1 S. Schr¨ oder, 1, 2 G. Tauscher, 1, 2 S. Wesch, 1 P. Winkler, 1, 2 J. Wood, 1 and J. Osterhoff 1",,"August 11, 2020",s3://new-pwa-1/kb-data/output/Controlled_density-downramp_injection_in_a_beam-driven_plasma_wakefield_accelerator/structured.json,
new-pwa-1,kb-data/output/Correlations_between_X-rays_Visible_Light_and_Drive-Beam_Energy_Loss_Observed_in_Plasma_Wakefield_Acceleration_Experiments_at_FACET-II,"Correlations between X-rays, Visible Light and Drive-Beam Energy Loss Observed in Plasma Wakefield Acceleration Experiments at FACET-II","Correlations between X-rays, Visible Light and Drive-Beam Energy Loss Observed in Plasma Wakefield Acceleration Experiments at FACET-II",2018.0173,,s3://new-pwa-1/kb-data/output/Correlations_between_X-rays_Visible_Light_and_Drive-Beam_Energy_Loss_Observed_in_Plasma_Wakefield_Acceleration_Experiments_at_FACET-II/structured.json,
new-pwa-1,kb-data/output/Demonstration_of_a_compact_plasma_accelerator_powered_by_laser-accelerated_electron_beams,Demonstration of a compact plasma accelerator powered by laser-accelerated electron beams,"T. Kurz, 1, 2, ∗ T. Heinemann, 3, 4, 5, ∗ M. F. Gilljohann, 6, 7 Y. Y. Chang, 1 J. P. Couperus Cabadağ, 1 A. Debus, 1 O. Kononenko, 8 R. Pausch, 1 S. Schöbel, 1, 2 R. W. Assmann, 3 M. Bussmann, 1 H. Ding, 6, 7 J. Götzfried, 6, 7 A. Köhler, 1 G. Raj, 8 S. Schindler, 6, 7 K. Steiniger, 1 O. Zarini, 1 S. Corde, 8 A. Döpp, 6, 7 B. Hidding, 4, 5 S. Karsch, 6, 7 U. Schramm, 1, 2 A. Martinez de la Ossa, 3 and A. Irman 1; 1 Helmholtz-Zentrum Dresden-Rossendorf, Bautzner Landstrasse 400, 01328 Dresden, Germany 2 Technische Universität Dresden, 01062 Dresden, Germany; 3 Deutsches Elektronen-Synchrotron DESY, Notkestraße 85, 22607 Hamburg, Germany",1903.04640,,s3://new-pwa-1/kb-data/output/Demonstration_of_a_compact_plasma_accelerator_powered_by_laser-accelerated_electron_beams/structured.json,
new-pwa-1,kb-data/output/Demonstration_of_a_tandem_lens_for_producing_shaped_laser-ionized_plasmas_for_plasma_wakefield_acceleration,Demonstration of a tandem lens for producing shaped laser-ionized plasmas for plasma wakefield acceleration,"R. ARINIELLO, 1,2,* V. LEE, 2 AND M. D. LITOS 2; 1 SLAC National Accelerator Laboratory, Menlo Park, California 94025, USA; 2 Center for Integrated Plasma Studies, Department of Physics, University of Colorado Boulder, Boulder, Colorado 80309, USA",1308.1145,,s3://new-pwa-1/kb-data/output/Demonstration_of_a_tandem_lens_for_producing_shaped_laser-ionized_plasmas_for_plasma_wakefield_acceleration/structured.json,
new-pwa-1,kb-data/output/Design_Studies_and_Commissioning_Plans_for_PARS_Experimental_Program,DESIGN STUDIES AND COMMISSIONING PLANS FOR PARS EXPERIMENTAL PROGRAM,"O. Mete ∗ , K. Hanahoe, G. Xia, The University of Manchester, Manchester, UK and; The Cockcroft Institute, Sci-Tech Daresbury, Warrington, UK; M. Dover, M. Wigram, J. Wright, J. Zhang,The University of Manchester, Manchester, UK",,,s3://new-pwa-1/kb-data/output/Design_Studies_and_Commissioning_Plans_for_PARS_Experimental_Program/structured.json,
new-pwa-1,kb-data/output/Design_of_high_brightness_Plasma_Wakefield_Acceleration_experiment_at_SPARC_LAB_test_facility_with_particle-in-cell_simulations,Design of high brightness Plasma Wakefield Acceleration experiment at SPARC LAB test facility with particle-in-cell simulations,"A. Marocchino a, , E. Chiadroni a , M. Ferrario a , F. Mira a , A. R. Rossi b a Laboratori Nazionali di Frascati, INFN, Via E. Fermi 40, Frascati, Italy b INFN Milano, via Celoria 16, 20133 Milan, Italy; In the present manuscript we report on PWFA numerical simulations whose final goal is to demonstrate trailing bunch modest acceleration ( GLYPH<24> 1 GV / m) with no quality loss. The study is motivated by the upcoming SPARC LAB proof of principle experimental campaign. The considered setup assumes both driver and trailing bunch externally injected. Experimentally, the bunches are contemporarily extracted from a single photoinjector by mean of a laser modulation, the COMB technique; alberto.marocchino@lnf.infn.it,alberto.marocchino@gmail.com (A. Marocchino )",,"October 11, 2018",s3://new-pwa-1/kb-data/output/Design_of_high_brightness_Plasma_Wakefield_Acceleration_experiment_at_SPARC_LAB_test_facility_with_particle-in-cell_simulations/structured.json,
new-pwa-1,kb-data/output/Design_of_the_AWAKE_Run_2c_transfer_lines_using_numerical_optimizers,Design of the AWAKE Run 2c transfer lines using numerical optimizers,"R. Ramjiawan, ∗ V. Bencini, † S. D¨ obert, J. Farmer, E. Gschwendtner, F. M. Velotti, L. Verra, and G. Zevi Della Porta CERN, Geneva, Switzerland; John Adams Institute for Accelerator Science at University of Oxford, Oxford, United Kingdom (Dated: March 4, 2022); With the nominal plasma electron density of 7 × 10 14 cm -3 , the maximum accelerating gradient was of order GV/m [7]. To probe the accelerating gradients of the wakefields, 18 . 84 MeV witness electron bunches were injected into the wakes [1]. The electron beam-",1710.11431,"March 4, 2022",s3://new-pwa-1/kb-data/output/Design_of_the_AWAKE_Run_2c_transfer_lines_using_numerical_optimizers/structured.json,
new-pwa-1,kb-data/output/Determination_of_the_Charge_per_Micro-Bunch_of_a_Self-Modulated_Proton_Bunch_using_a_Streak_Camera,Determination of the Charge per Micro-Bunch of a Self-Modulated Proton Bunch using a Streak Camera,"A.-M. Bachmann 1 , 2 , 3 , P. Muggli 2 , 1; 1 CERN, Geneva, Switzerland; 2 Max-Planck Institute for Physics, Munich, Germany",1911.12201,,s3://new-pwa-1/kb-data/output/Determination_of_the_Charge_per_Micro-Bunch_of_a_Self-Modulated_Proton_Bunch_using_a_Streak_Camera/structured.json,
new-pwa-1,kb-data/output/Direct_observation_of_plasma_waves_and_dynamics_induced_by_laser-accelerated_electron_beams,Direct observation of plasma waves and dynamics induced by laser-accelerated electron beams,"M. F. Gilljohann, 1, 2 H. Ding, 1, 2 A. D¨ opp, 1, 2, ∗ J. G¨ otzfried, 1, 2 S. Schindler, 1, 2 G. Schilling, 1; 3 4 5, 6 5, 7 8 4; S. Corde, A. Debus, T. Heinemann, B. Hidding, S. M. Hooker, A. Irman,",,,s3://new-pwa-1/kb-data/output/Direct_observation_of_plasma_waves_and_dynamics_induced_by_laser-accelerated_electron_beams/structured.json,
new-pwa-1,kb-data/output/Dissipation_of_electron-beam-driven_plasma_wakes,Dissipation of electron-beam-driven plasma wakes,"Rafal Zgadzaj, Zhengyan Li, M. C. Downer ∗ University of Texas at Austin, 1 University Station C1600, Austin, TX 78712-1081; A. Sosedkin, V. K. Khudyakov, and K. V. Lotov Budker Institute of Nuclear Physics, 630090 Novosibirsk, Russia and Novosibirsk State University, 630090 Novosibirsk, Russia; T. Silva and J. Vieira",1306.6327,"January 28, 2020",s3://new-pwa-1/kb-data/output/Dissipation_of_electron-beam-driven_plasma_wakes/structured.json,
new-pwa-1,kb-data/output/Downramp-assisted_underdense_photocathode_electron_bunch_generation_in_plasma_wakefield_accelerators,Downramp-assisted underdense photocathode electron bunch generation in plasma wakefield accelerators,"1 1 1 1 2 2 2 3 , 4; A. Knetsch , O. Karger , G. Wittig , H. Groth , Y. Xi , A. Deng , J.B. Rosenzweig , D.L. Bruhwiler , J. Smith 5 , D.A. Jaroszynski 6 , Z.-M. Sheng 6 , G.G. Manahan 6 , G. Xia 7 , S.P. Jamison 8 , B. Hidding 1 , 2 , 6; 1 Institute for Experimental Physics & CFEL,",1408.2494,,s3://new-pwa-1/kb-data/output/Downramp-assisted_underdense_photocathode_electron_bunch_generation_in_plasma_wakefield_accelerators/structured.json,
new-pwa-1,kb-data/output/Emittance_Growth_Due_to_Multiple_Coulomb_Scattering_in_a_Linear_Collider_Based_on_Plasma_Wakefield_Acceleration,Emittance Growth Due to Multiple Coulomb Scattering in a Linear Collider Based on Plasma Wakefield Acceleration,"O. Mete, K. Hanahoe, G. Xia, The University of Manchester, Manchester, UK; The Cockcroft Institute, Sci-Tech Daresbury, Warrington, UK; M. Labiche, Nuclear Physics Group, STFC Daresbury Laboratory, Sci-Tech Daresbury, Warrington, UK",,"September 8, 2021",s3://new-pwa-1/kb-data/output/Emittance_Growth_Due_to_Multiple_Coulomb_Scattering_in_a_Linear_Collider_Based_on_Plasma_Wakefield_Acceleration/structured.json,
new-pwa-1,kb-data/output/Emittance_Growth_in_a_Plasma_Wakefield_Accelerator,EMITTANCE GROWTH IN A PLASMA WAKEFIELD ACCELERATOR,"O. Mete ∗ , K. Hanahoe, G. Xia, The University of Manchester, Manchester, UK; The Cockcroft Institute, Sci-Tech Daresbury, Warrington, UK; M. Labiche, Nuclear Physics Group, STFC Daresbury Laboratory, Sci-Tech Daresbury, Warrington, UK",,,s3://new-pwa-1/kb-data/output/Emittance_Growth_in_a_Plasma_Wakefield_Accelerator/structured.json,
new-pwa-1,kb-data/output/Emittance_preservation_in_a_plasma-wakefield_accelerator,Emittance preservation in a plasmawakefield accelerator,"A. Lindstr¿m 1,2, *, J. Beinortait ė 1,3 , J. Bjšrklund Svensson 1 , L. Boulton 1,4,5 , J. Chappell 3 ,; Diederichs 1,6 , B. Foster 7 , J. M. Garland 1 , P. Gonz‡lez Caminal 1,6 , G. Loisch 1 , F. Pe-a 1,6 ,; Schršder 1 , M. ThŽvenet 1 , S. Wesch 1 , M. Wing 1,3 , J. C. Wood 1 , R. DÕArcy 1  & J. Osterhoff 1",,,s3://new-pwa-1/kb-data/output/Emittance_preservation_in_a_plasma-wakefield_accelerator/structured.json,
new-pwa-1,kb-data/output/Energy_Depletion_and_Re-Acceleration_of_Driver_Electrons_in_a_Plasma-Wakefield_Accelerator,Energy Depletion and Re-Acceleration of Driver Electrons in a Plasma-Wakefield Accelerator,"F. Pe˜ na, 1, 2, ∗ C. A. Lindstrøm, 1, 3 J. Beinortait˙ e, 1, 4 J. Bj¨ orklund Svensson, 1 L. Boulton, 1, 5, 6; S. Diederichs, 1, 2 B. Foster, 1, 7 J. M. Garland, 1 P. Gonz´ alez Caminal, 1, 2 G. Loisch, 1; S. Schr¨ oder, 1 M. Th´ evenet, 1 S. Wesch, 1 J. C. Wood, 1 J. Osterhoff, 1 and R. D'Arcy 1",2209.06690,,s3://new-pwa-1/kb-data/output/Energy_Depletion_and_Re-Acceleration_of_Driver_Electrons_in_a_Plasma-Wakefield_Accelerator/structured.json,
new-pwa-1,kb-data/output/Energy_Loss_of_a_High_Charge_Bunched_Electron_Beam_in_Plasma,Energy_Loss_of_a_High_Charge_Bunched_Electron_Beam_in_Plasma,,,,s3://new-pwa-1/kb-data/output/Energy_Loss_of_a_High_Charge_Bunched_Electron_Beam_in_Plasma/structured.json,
new-pwa-1,kb-data/output/Energy_recovery_in_filament-regime_plasma_wakefield_acceleration_of_positron_beams,Energy recovery in filament-regime plasma wakefield acceleration of positron beams,"Max Varverakis 1 , Robert Holtzapple 1 , Severin Diederichs 2 , Carl Schroeder 3 and Spencer Gessner 4; 1 Department of Physics, California Polytechnic State University, 1 Grand Ave, San Luis Obispo, 93407, CA, USA; 2 Deutsches Elektronen-Synchroton DESY, Notkestraße 85, 22607, Hamburg, Germany",2009.13672,,s3://new-pwa-1/kb-data/output/Energy_recovery_in_filament-regime_plasma_wakefield_acceleration_of_positron_beams/structured.json,
new-pwa-1,kb-data/output/Energy_spread_minimization_in_a_beam-driven_plasma_wakefield_accelerator,Energy spread minimization in a beam-driven plasma wakefield accelerator,"R. Pompili, 1, ∗ M.P. Anania, 1 M. Behtouei, 1 M. Bellaveglia, 1 A. Biagioni, 1 F.G. Bisesto, 1 M. Cesarini, 1, 2 E. Chiadroni, 1 A. Cianchi, 3 G. Costa, 1 M. Croia, 1 A. Del Dotto, 1 D. Di Giovenale, 1 M. Diomede, 1 F. Dipace, 1 M. Ferrario, 1 A. Giribono, 1 V. Lollo, 1 L. Magnisi, 1 M. Marongiu, 1 A. Mostacci, 2 G. Di Pirro, 1 S. Romeo, 1 A.R. Rossi, 4 J. Scifo, 1 V. Shpakov, 1 C. Vaccarezza, 1 F. Villa, 1 and A. Zigler 1, 5; Laboratori Nazionali di Frascati, Via Enrico Fermi 54, 00044 Frascati, Italy; Sapienza University, Piazzale Aldo Moro 5, 00185 Rome, Italy",,"June 3, 2020",s3://new-pwa-1/kb-data/output/Energy_spread_minimization_in_a_beam-driven_plasma_wakefield_accelerator/structured.json,
new-pwa-1,kb-data/output/Enhanced_electron_yield_from_a_laser-plasma_accelerator_using_high-Z_gas_jet_targets,Enhanced electron yield from a laser-plasma accelerator using high-Z gas jet targets,"Mohammad Mirzaie 1 , Nasr A. M. Hafz 1,* , Song Li 1 , Thomas Sokollik 1 , Fei He 2 , Ya Cheng 2 ,; Zhengming Sheng and Jie Zhang 1,*; 1 Key Laboratory for Laser Plasmas (Ministry of Education) and Department of Physics and Astronomy, Shanghai Jiao Tong University, Shanghai 200240, China",,,s3://new-pwa-1/kb-data/output/Enhanced_electron_yield_from_a_laser-plasma_accelerator_using_high-Z_gas_jet_targets/structured.json,
new-pwa-1,kb-data/output/EuPRAXIASPARC_LAB_Status_Update,EuPRAXIA@SPARC LAB Status Update,"c Universit` a degli studi di Roma 'Sapienza', P.le Aldo Moro 2, 00185 Rome, Italy d ENEA Frascati, Via E. Fermi 45, 00044 Frascati, Italy e University of Rome Tor Vergata, and INFN Sezione di Roma Tor Vergata, Via della Ricerca Scientifica 1, 00133 Roma, Italy; f CNR Istituto Struttura della Materia and Elettra Sincrotrone Trieste, Basovizza Area Science Park, 34149 Trieste, Italy g Elettra Sincrotrone Trieste, Basovizza Area Science Park, 34149 Trieste, Italy; h International Centre for Material Science Superstripes, RICMASS, Via dei Sabelli 119A,",,,s3://new-pwa-1/kb-data/output/EuPRAXIASPARC_LAB_Status_Update/structured.json,
new-pwa-1,kb-data/output/Evidence_for_high-energy_and_low-emittance_electron_beams_using_ionization_injection_of_charge_in_a_plasma_wakefield_accelerator,Evidence for high-energy and low-emittance electron beams using ionization injection of charge in a plasma wakefield accelerator,"N Vafaei-Najafabadi , W An , C E Clayton , C Joshi , K A Marsh , W B  Mori , E C Welch , W Lu 2 , E Adli 3,4 , J Allen 3 , C I Clarke 3 , S Corde 3,5 , J Frederico 3 , S J Gessner 3 , S Z Green 3 , M J Hogan 3 , M D Litos 3 , and V Yakimenko 3; 1 University of California Los Angeles, Los Angeles, CA 90095, USA; 2 Department of Engineering Physics, Tsinghua University, Beijing 100084, China",,,s3://new-pwa-1/kb-data/output/Evidence_for_high-energy_and_low-emittance_electron_beams_using_ionization_injection_of_charge_in_a_plasma_wakefield_accelerator/structured.json,
new-pwa-1,kb-data/output/Evolution_of_a_plasma_column_measured_through_modulation_of_a_high-energy_proton_beam,Evolution of a plasma column measured through modulation of a high-energy proton beam,"S. Gessner, 1 E. Adli, 2 A. Ahuja, 1 O. Apsimon, 3, 4 R. Apsimon, 5, 4 A.-M. Bachmann, 1, 6, 7; Batsch, 1, 6, 7 C. Bracco, 1 F. Braunm¨ uller, 6 S. Burger, 1 G. Burt, 5, 4 B. Buttensch¨ on, 8 A. Caldwell, 6 J. Chappell, 9 E. Chevallay, 1 M. Chung, 10 D. Cooke, 9 H. Damerau, 1; Demeter, 11 L.H. Deubner, 12 A. Dexter, 5, 4 S. Doebert, 1 J. Farmer, 13 V.N. Fedosseev, 1 R. Fiorito, 14, 4 R.A. Fonseca, 15 F. Friebel, 1 L. Garolfi, 1 B. Goddard, 1 I. Gorgisyan, 1",1308.1145,"June 18, 2020",s3://new-pwa-1/kb-data/output/Evolution_of_a_plasma_column_measured_through_modulation_of_a_high-energy_proton_beam/structured.json,
new-pwa-1,kb-data/output/Evolution_of_equilibrium_particle_beams_under_external_wakefields,Evolution of equilibrium particle beams under external wakefields,"Novosibirsk State University, Novosibirsk, 630090, Russia; Novosibirsk State University, Novosibirsk, 630090, Russia; Keywords : charged particle beam, plasma, equilibrium, plasma wakefield acceleration, numerical simulations.",,,s3://new-pwa-1/kb-data/output/Evolution_of_equilibrium_particle_beams_under_external_wakefields/structured.json,
new-pwa-1,kb-data/output/Evolution_of_longitudinal_plasma-density_profiles_in_discharge_capillaries_for_plasma_wakefield_accelerators,Evolution of longitudinal plasma-density profiles in discharge capillaries for plasma wakefield accelerators,"J.M. Garland, 1, a) G. Tauscher, 1 S. Bohlen, 1 G.J. Boyle, 1 R. D'Arcy, 1 L. Goldberg, 1 K. Põder, 1 L. Schaper, 1 B.; Schmidt, 1 and J. Osterhoff 1; Deutsches Elektronen-Synchrotron DESY, Notkestraße 85, 22607, Hamburg, Germany",,,s3://new-pwa-1/kb-data/output/Evolution_of_longitudinal_plasma-density_profiles_in_discharge_capillaries_for_plasma_wakefield_accelerators/structured.json,
new-pwa-1,kb-data/output/Experimental_Observation_of_Motion_of_Ions_in_a_Resonantly_Driven_Plasma_Wakefield_Accelerator,Experimental Observation of Motion of Ions in a Resonantly Driven Plasma Wakefield Accelerator,"M. Turner, 1 E. Walter, 2, 3 C. Amoedo, 1 N. Torrado, 1, 4 N. Lopes, 4 A. Sublet, 1 M. Bergamaschi, 5 J. Pucek, 5 J. Mezger, 5 N. van Gils, 1 L. Verra, 1, ∗ G. Zevi Della 1, 5 5 1, 5 6 1 5; Porta, J. Farmer, A. Clairembaud, F. Pannell, E. Gschwendtner, and P. Muggli; 1 CERN, 1211 Geneva 23, Switzerland",,"February 28, 2025",s3://new-pwa-1/kb-data/output/Experimental_Observation_of_Motion_of_Ions_in_a_Resonantly_Driven_Plasma_Wakefield_Accelerator/structured.json,
new-pwa-1,kb-data/output/Exploration_of_Helicon_Plasmas_for_Wakefield_Accelerators_at_the_Madison_AWAKE_Prototype,Exploration of Helicon Plasmas for Wakefield Accelerators at the Madison AWAKE Prototype,"Marcel Granetzny, 1 Barret Elward, 1 Michael Zepp, 1 Maxwell Loughan, 1 and Oliver Schmitz 1; Department of Nuclear Engineering and Engineering Physics, University of Wisconsin - Madison, Madison, Wisconsin, 53706, USA; Keywords: helicon, wakefield acceleration, high-density, multi-antenna",2502.02733,,s3://new-pwa-1/kb-data/output/Exploration_of_Helicon_Plasmas_for_Wakefield_Accelerators_at_the_Madison_AWAKE_Prototype/structured.json,
new-pwa-1,kb-data/output/FEL_performance_and_tolerance_studies_of_the_EuPRAXIASPARC_LAB_beamline_AQUA,Abstract,"Keywords: free-electron laser, magnet undulators, beam dynamics; In order to assess the AQUA FEL performance as a function of the electron beam parameters at undulator entrance, the saturation length is analyzed with the semi-analytical 1 formulae [6, 7, 8, 9]. Given the essential role of emittance - assumed equal in transverse; Federico Nguyen a,b, ∗ , Luca Giannessi b,c , Michele Opromolla b , Alberto Petralia a,b",,"August 8, 2025",s3://new-pwa-1/kb-data/output/FEL_performance_and_tolerance_studies_of_the_EuPRAXIASPARC_LAB_beamline_AQUA/structured.json,
new-pwa-2,kb-data/output/FLASHForward_Plasma-wakefield_accelerator_science_for_high-average-power_applications,rsta.royalsocietypublishing.org,"plasma wakefield acceleration, electrons, high average power; D'Arcy 1 , A. Aschikhin 1 , 2 , S. Bohlen 1 , 2 ,; Boyle 1 , T. Brümmer 1 , J. Chappell 3 ,",,,s3://new-pwa-2/kb-data/output/FLASHForward_Plasma-wakefield_accelerator_science_for_high-average-power_applications/structured.json,
new-pwa-2,kb-data/output/Few-femtosecond_Electron_Beam_with_THz-frequency_Wakefield-driven_Compression,Few-femtosecond Electron Beam with THz-frequency Wakefield-driven Compression,"Lingrong Zhao 1 , 2 , Tao Jiang 1 , 2 , Chao Lu 1 , 2 , Rui Wang 1 , 2 , Zhe Wang 1 , 2 , Pengfei Zhu 1 , 2 , Yanchao Shi 3 ,; Wei Song 3 , Xiaoxin Zhu 3 , Chunguang Jing 4 , Sergey Antipov 4 , Dao Xiang 1 , 2 , 5 ∗ and Jie Zhang 1 , 2 †; 1 Key Laboratory for Laser Plasmas (Ministry of Education),",,"November 11, 2021",s3://new-pwa-2/kb-data/output/Few-femtosecond_Electron_Beam_with_THz-frequency_Wakefield-driven_Compression/structured.json,
new-pwa-2,kb-data/output/First_emittance_measurement_of_the_beam-driven_plasma_wakefield_accelerated_electron_beam,First emittance measurement of the beam-driven plasma wakefield accelerated electron beam,"V. Shpakov, 1, ∗ M.P. Anania, 1 M. Behtouei, 1 M. Bellaveglia, 1 A. Biagioni, 1 M. Cesarini, 1, 2 E. Chiadroni, 1 A. Cianchi, 3 G. Costa, 1 M. Croia, 1 A. Del Dotto, 1 M. Diomede, 1 F. Dipace, 1 M.; Ferrario, 1 M. Galletti, 1 A. Giribono, 1 A. Liedl, 1 V. Lollo, 1 L. Magnisi, 1 A. Mostacci, 2 G. Di Pirro, 1; L. Piersanti, 1 R. Pompili, 1 S. Romeo, 1 A.R. Rossi, 4 J. Scifo, 1 C. Vaccarezza, 1 F. Villa, 1 and A. Zigler 1, 5",,"April 12, 2021",s3://new-pwa-2/kb-data/output/First_emittance_measurement_of_the_beam-driven_plasma_wakefield_accelerated_electron_beam/structured.json,
new-pwa-2,kb-data/output/First_fully_kinetic_three-dimensional_simulation_of_the_AWAKE_baseline_scenario,First fully kinetic three-dimensional simulation of the AWAKE baseline scenario,"Ludwig-Maximilians-Universit¨ at, 80539 Munich, Germany; Budker Institute of Nuclear Physics, Novosibirsk, 630090, Russia Novosibirsk State University, Novosibirsk, 630090, Russia; Ludwig-Maximilians-Universit¨ at, 80539 Munich, Germany",,,s3://new-pwa-2/kb-data/output/First_fully_kinetic_three-dimensional_simulation_of_the_AWAKE_baseline_scenario/structured.json,
new-pwa-2,kb-data/output/Flat_beam_plasma_wakefield_accelerator,Flat beam plasma wakefield accelerator,"Department of Physics and Astronomy University of California, Los Angeles; Los Angeles, USA pkmanwani@ucla.edu; Department of Physics and Astronomy University of California, Los Angeles Los Angeles, USA havynancelin@g.ucla.edu",2018.0173,,s3://new-pwa-2/kb-data/output/Flat_beam_plasma_wakefield_accelerator/structured.json,
new-pwa-2,kb-data/output/Flat_bubble_regime_and_laminar_plasma_flow_in_a_plasma_wake_field_accelerator,Flat bubble regime and laminar plasma flow in a plasma wake field accelerator.,"School of Physics and Engineering, ITMO University, 197101 St. Petersburg, Russia; (Dated: April 20, 2022); One of the main difficulties that is common to all wakefield accelerators be it a plasma based or a structure based (dielectric loaded or corrugated structures [24-26]) machines is the beam beak-up instability that directly affects the efficiency of the accelerator [27-29]. Many mechanisms and approaches including ion motion [21] BNS damping [20, 22] and other methods of resonance illumination has been investigated.",1901.10370,"April 20, 2022",s3://new-pwa-2/kb-data/output/Flat_bubble_regime_and_laminar_plasma_flow_in_a_plasma_wake_field_accelerator/structured.json,
new-pwa-2,kb-data/output/Future_Opportunities_with_Lepton-Hadron_Collisions,Future Opportunities with Lepton-Hadron Collisions ∗,"Contact persons: Allen Caldwell, 1 Silvia Dalla Torre, 2 Rolf Ent, 3 Aharon Levy, 4 Paul Newman, 5 Fred Olness 6 and Juan Rojo 7 , 8; 1 Max Planck Institute for Physics, Munich, Germany 2 INFN - Sezione di Rrieste, I-34149, Trieste, Italy; 3 Thomas Jefferson National Accelerator Facility, Newport News, VA 23606, USA",1812.08110,"March 25, 2025",s3://new-pwa-2/kb-data/output/Future_Opportunities_with_Lepton-Hadron_Collisions/structured.json,
new-pwa-2,kb-data/output/Future_colliders_based_on_a_modulated_proton_bunch_driven_plasma_wakefield_acceleration,FUTURE COLLIDERS BASED ON A MODULATED PROTON BUNCH DRIVEN PLASMA WAKEFIELD ACCELERATION,"Guoxing Xia 1,2 , Allen Caldwell 3 , Patric Muggli 3; 1. School of Physics and Astronomy, the University of Manchester, Manchester, U.K. 2. The Cockcroft Institute, Daresbury, U.K. 3. Max Planck Institute for Physics, Munich, Germany; And  then,  do  we  have  other  options  to  compress  the bunch? Yes, ask plasma for help.",,,s3://new-pwa-2/kb-data/output/Future_colliders_based_on_a_modulated_proton_bunch_driven_plasma_wakefield_acceleration/structured.json,
new-pwa-2,kb-data/output/Generation_of_10-m-lengthscale_plasma_columns_by_resonant_and_off-resonant_laser_pulses,Generation of 10-m-lengthscale plasma columns by resonant and off-resonant laser pulses,"a, ∗ b,1 , M. ´ a b,c b c; G. Demeter , J. T. Moody A. Kedves , F. Batsch , M. Bergamaschi , V. Fedosseev , E. Granados c , P. Muggli b , H. Panuganti c , G. Zevi Della Porta b,c; Wigner Research Centre for Physics, Budapest, Hungary b Max Planck Institute for Physics, Munich, Germany c CERN, Geneva, Switzerland",,"August 16, 2023",s3://new-pwa-2/kb-data/output/Generation_of_10-m-lengthscale_plasma_columns_by_resonant_and_off-resonant_laser_pulses/structured.json,
new-pwa-2,kb-data/output/Generation_of_High_Brightness_Electron_Beams_via_Ionization_Induced_Injection_by_Transverse_Colliding_Lasers_in_a_Beam-Driven_Plasma_Wakefield_Accelerator,Generation of High Brightness Electron Beams via Ionization Induced Injection by Transverse Colliding Lasers in a Beam-Driven Plasma Wakefield Accelerator,"F. Li, 1 J. F. Hua, 1 X. L. Xu, 1 C. J. Zhang, 1 L. X. Yan, 1 Y. C. Du, 1 W. H. Huang, 1 H. B. Chen, 1 C. X. Tang, 1 W. Lu, 1, 2, ∗ C. Joshi, 2 W. B. Mori, 2 and Y. Q. Gu 3; 1 Key Laboratory of Particle and Radiation Imaging of Ministry of Education, Tsinghua University, Beijing 100084, China; 2 University of California Los Angeles, Los Angeles, California 90095, USA",,"August 14, 2018",s3://new-pwa-2/kb-data/output/Generation_of_High_Brightness_Electron_Beams_via_Ionization_Induced_Injection_by_Transverse_Colliding_Lasers_in_a_Beam-Driven_Plasma_Wakefield_Accelerator/structured.json,
new-pwa-2,kb-data/output/Generation_of_a_wakefield_undulator_in_plasma_with_transverse_density_gradient,Generation of a wakefield undulator in plasma with transverse density gradient ∗,"SLAC National Accelerator Laboratory, Menlo Park, CA 94025, USA; An ultra-relativistic electron driver bunch is moving with v = c along the z -axis. The electron beam distribution is assumed axisymmetric,; where ξ = t -z , r = √ x 2 + y 2 , and the functions f ( r ) and g ( ξ ) are normalized by unity, 2 π ∫ ∞ 0 rdrf ( r ) = 1,",,,s3://new-pwa-2/kb-data/output/Generation_of_a_wakefield_undulator_in_plasma_with_transverse_density_gradient/structured.json,
new-pwa-2,kb-data/output/Generation_of_meter-scale_hydrogen_plasmas_and_efficient_pump-depletion-limited_wakefield_excitation_using_10_GeV_electron_bunches,"Generation of meter-scale hydrogen plasmas and efficient, pump-depletion-limited wakefield excitation using 10 GeV electron bunches","Generation of meter-scale hydrogen plasmas and efficient, pump-depletion-limited wakefield excitation using 10 GeV electron bunches; C. Zhang 1 , D. Storey 2 , P. San Miguel Claveria 3 , Z. Nie 1 , K. A. Marsh 1 , M. Hogan 2 , W. B. Mori 1 , 4 , E. Adli 5 , W. An 6 , R. Ariniello 2 , G. J. Cao 5 , C. Clarke 2 , S. Corde 3 , T. Dalichaouch 4 , C. E. Doss 7 , C. Emma 2 , H. Ekerfelt 2 , E. Gerstmayr 2 , 8 , S. Gessner 2 , C. Hansel 7 , A. Knetsch 2 , 3 , V. Lee 7 , F. Li 4 , M. Litos 7 , B. O'Shea 2 , G. White 2 , G. Yocky 2 , V. Zakharova 3 , and Chan Joshi 1; 1 Department of Electrical and Computer Engineering, University of California Los Angeles, Los Angeles, CA 90095, USA",2305.09581,,s3://new-pwa-2/kb-data/output/Generation_of_meter-scale_hydrogen_plasmas_and_efficient_pump-depletion-limited_wakefield_excitation_using_10_GeV_electron_bunches/structured.json,
new-pwa-2,kb-data/output/HALHF_a_hybrid_asymmetric_linear_Higgs_factory_using_plasma-_and_RF-based_acceleration,"HALHF: a hybrid, asymmetric, linear Higgs factory using plasma- and RF-based acceleration","HALHF: a hybrid, asymmetric, linear Higgs factory using plasma- and RF-based acceleration; Brian Foster, University of Oxford/DESY, brian.foster@physics.ox.ac.uk Richard D'Arcy, University of Oxford, richard.darcy@physics.ox.ac.uk Carl A. Lindstrøm, University of Oslo, c.a.lindstrom@fys.uio.no",2312.04975,,s3://new-pwa-2/kb-data/output/HALHF_a_hybrid_asymmetric_linear_Higgs_factory_using_plasma-_and_RF-based_acceleration/structured.json,
new-pwa-2,kb-data/output/High-order_exponential_solver_method_for_particle-in-cell_simulations,Abstract,"The other approach yielded the most accurate methods available, which are taking advantage of the analytical solution of the Maxwell-equations in spectral space (pseudospectral analytical time domain, PSATD), which usually involves fast; Fourier transform on uniform spatial grids [21, 22, 23, 24, 25, 26] or discrete Hankel-Bessel transforms in the well known FBPIC code [23]. The drawback of these methods is that their solutions are non-local, and relies on the boundary conditions that the basis provides, and parallelizing them with domain decompositions requires a di ffi cult and special implementation or a compromise on accuracy.; Szil´ ard Majorosi a, ∗ , Nasr A.M. Hafz a,b , Zsolt L´ ecz a",2001.6818,"January 28, 2026",s3://new-pwa-2/kb-data/output/High-order_exponential_solver_method_for_particle-in-cell_simulations/structured.json,
new-pwa-2,kb-data/output/High-quality_positrons_from_a_multi-proton_bunch_driven_hollow_plasma_wakefield_accelerator,High-quality positrons from a multi-proton bunch driven hollow plasma wakefield accelerator,"Y. Li 1,2 , G. Xia 1,2 , K. V. Lotov 3,4 , A. P. Sosedkin 3,4 , Y. Zhao 1; 1 University of Manchester, Manchester, UK; 2 Cockcroft Institute, Daresbury, UK",,,s3://new-pwa-2/kb-data/output/High-quality_positrons_from_a_multi-proton_bunch_driven_hollow_plasma_wakefield_accelerator/structured.json,
new-pwa-2,kb-data/output/High_average_gradient_in_a_laser-gated_multistage_plasma_wakefield_accelerator,High average gradient in a laser-gated multistage plasma wakefield accelerator,"A. Knetsch, 1, ∗ I.A. Andriyash, 1 M. Gilljohann, 1 O. Kononenko, 1 A. Matheron, 1; Y. Mankovska, P. San Miguel Claveria, V. Zakharova, E. Adli, and S. Corde; 1 LOA, ENSTA Paris, CNRS, Ecole Polytechnique, Institut Polytechnique de Paris, 91762 Palaiseau, France",2104.14460,"October 6, 2022",s3://new-pwa-2/kb-data/output/High_average_gradient_in_a_laser-gated_multistage_plasma_wakefield_accelerator/structured.json,
new-pwa-2,kb-data/output/High_brightness_symmetric_electron_bunch_generation_in_a_plasma_wakefield_accelerator_via_a_radially-polarized_plasma_photocathode,"High brightness, symmetric electron bunch generation in a plasma wakefield accelerator via a radially-polarized plasma photocathode","High brightness, symmetric electron bunch generation in a plasma wakefield accelerator via a radially-polarized plasma photocathode; J. Chappell, 1, ∗ E. Archer, 1, † R. Walczak, 1, 2 and S. M. Hooker 1; 1 John Adams Institute for Accelerator Science and Department of Physics,",2403.05871,"September 11, 2025",s3://new-pwa-2/kb-data/output/High_brightness_symmetric_electron_bunch_generation_in_a_plasma_wakefield_accelerator_via_a_radially-polarized_plasma_photocathode/structured.json,
new-pwa-2,kb-data/output/High_efficiency_uniform_positron_beam_loading_in_a_hollow_channel_plasma_wakefield_accelerator,High efficiency uniform positron beam loading in a hollow channel plasma wakefield accelerator,"Shiyu Zhou, Jianfei Hua, and Wei Lu ∗ Department of Engineering Physics, Tsinghua University, Beijing 100084, China; Qianqian Su, Warren B. Mori, and Chan Joshi University of California Los Angeles, Los Angeles, California 90095, USA",,,s3://new-pwa-2/kb-data/output/High_efficiency_uniform_positron_beam_loading_in_a_hollow_channel_plasma_wakefield_accelerator/structured.json,
new-pwa-2,kb-data/output/High_efficiency_uniform_wakefield_acceleration_of_a_positron_beam_using_stable_asymmetric_mode_in_a_hollow_channel_plasma,High efficiency uniform wakefield acceleration of a positron beam using stable asymmetric mode in a hollow channel plasma,"Shiyu Zhou, Jianfei Hua, and Wei Lu ∗; Department of Engineering Physics, Tsinghua University, Beijing 100084, China; Beijing Normal University, Beijing 100875, China",1610.03289,"June 10, 2021",s3://new-pwa-2/kb-data/output/High_efficiency_uniform_wakefield_acceleration_of_a_positron_beam_using_stable_asymmetric_mode_in_a_hollow_channel_plasma/structured.json,
new-pwa-2,kb-data/output/High_quality_electron_beam_generation_in_a_proton-driven_hollow_plasma_wakefield_accelerator,High  quality  electron  beam  generation  in  a  proton-driven  hollow plasma wakefield accelerator,"Y. Li 1,2,a) , G. Xia 1,2 , K. V. Lotov 3,4 , A. P. Sosedkin 3,4 , K. Hanahoe 1,2 , O. Mete-Apsimon 1,2; 1 School of Physics and Astronomy, University of Manchester, Manchester M13 9PL, UK. 2 Cockcroft Institute, Warrington WA4 4AD, UK.; 3 Budker Institute of Nuclear Physics, Novosibirsk 630090, Russia.",,,s3://new-pwa-2/kb-data/output/High_quality_electron_beam_generation_in_a_proton-driven_hollow_plasma_wakefield_accelerator/structured.json,
new-pwa-2,kb-data/output/Hybrid_LWFA_vert_PWFA_Staging_as_a_Beam_Energy_and_Brightness_Transformer__Conceptual_Design_and_Simulations,Hybrid LWFA | PWFA staging as a beam energy and brightness transformer: conceptual design and simulations,"A. Martinez de la Ossa, 1, ∗ R. W. Aßmann, 1 M. Bussmann, 2 S. Corde, 3 J. P. Couperus Cabada˘ g, 2; A. Debus, 2 A. D¨ opp, 4 A. Ferran Pousa, 1 M. F. Gilljohann, 4 T. Heinemann, 1, 5 B. Hidding, 5 A.; Irman, 2 S. Karsch, 4 O. Kononenko, 3 T. Kurz, 2 J. Osterhoff, 1 R. Pausch, 2 S. Sch¨ obel, 2 and U. Schramm 2",1810.11813,,s3://new-pwa-2/kb-data/output/Hybrid_LWFA_vert_PWFA_Staging_as_a_Beam_Energy_and_Brightness_Transformer__Conceptual_Design_and_Simulations/structured.json,
new-pwa-2,kb-data/output/In_Situ_Generation_of_High-Energy_Spin-Polarized_Electrons_in_a_Beam-Driven_Plasma_Wakefield_Accelerator,In Situ Generation of High-Energy Spin-Polarized Electrons in a Beam-Driven Plasma Wakefield Accelerator,"Zan Nie, 1, ∗ Fei Li, 1, † Felipe Morales, 2 Serguei Patchkovskii, 2 Olga Smirnova, 2 Weiming An, 3 Noa; Nambu, 1 Daniel Matteo, 1 Kenneth A. Marsh, 1 Frank Tsung, 4 Warren B. Mori, 1, 4 and Chan Joshi 1, ‡; 1 Department of Electrical and Computer Engineering,",,"December 28, 2021",s3://new-pwa-2/kb-data/output/In_Situ_Generation_of_High-Energy_Spin-Polarized_Electrons_in_a_Beam-Driven_Plasma_Wakefield_Accelerator/structured.json,
new-pwa-2,kb-data/output/Indirect_Self-Modulation_Instability_Measurement_Concept_for_the_AWAKE_Proton_Beam,Indirect Self-Modulation Instability Measurement Concept for the AWAKE Proton Beam,"M. Turner a,d , A. Petrenko a , B. Biskup a,e , S. Burger a , E. Gschwendtner a , K. V. Lotov b,c , S. Mazzoni a , H. Vincke a a CERN, Geneva, Switzerland; Budker Institute of Nuclear Physics SB RAS, 630090, Novosibirsk, Russia c Novosibirsk State University, 630090, Novosibirsk, Russia d Graz University of Technology, Graz, Austria e Czech Technical University, Prague, Czech Republic; Keywords: AWAKE, Self-Modulation Instability, CERN, Proton Driven Plasma Wake Acceleration",,"June 24, 2021",s3://new-pwa-2/kb-data/output/Indirect_Self-Modulation_Instability_Measurement_Concept_for_the_AWAKE_Proton_Beam/structured.json,
new-pwa-2,kb-data/output/Influence_of_ion_motion_in_a_resonantly_driven_wakefield_accelerator,Influence of ion motion in a resonantly driven wakefield accelerator,"Max Planck Institute for Plasma Physics, 85748 Garching, Germany and Exzellenzcluster ORIGINS, 85748 Garching, Germany; Max Planck Institute for Physics, 80805 Munich, Germany; CERN, 1211 Geneva 23,",2404.14175,,s3://new-pwa-2/kb-data/output/Influence_of_ion_motion_in_a_resonantly_driven_wakefield_accelerator/structured.json,
new-pwa-2,kb-data/output/Influence_of_proton_bunch_parameters_on_a_proton-driven_plasma_wakefield_acceleration_experiment,Influence of proton bunch parameters on a proton-driven plasma wakefield acceleration experiment,"Mariana Moreira, 1, 2, ∗ Jorge Vieira, 1 and Patric Muggli 3, 2; 1 ecnico,; GoLP/Instituto de Plasmas e Fus˜ ao Nuclear, Instituto Superior T´ Universidade de Lisboa, 1049-001 Lisboa, Portugal",,,s3://new-pwa-2/kb-data/output/Influence_of_proton_bunch_parameters_on_a_proton-driven_plasma_wakefield_acceleration_experiment/structured.json,
new-pwa-2,kb-data/output/Integration_of_Machine_Learning-Based_Plasma_Acceleration_Simulations_into_Geant4_A_Case_Study_with_the_PALLAS_Experiment,Integration of Machine Learning-Based Plasma Acceleration Simulations into Geant4: A Case Study with the PALLAS Experiment,"A. Sytov a, ∗ , K. Cassou b , V. Kubytskyi b , M. Lenivenko b , A. Huber c a INFN Ferrara Division, Via Saragat 1, Ferrara, 44122, Italy; Universit´ e de Bordeaux, CNRS, LP2I Bordeaux, 33170 Gradignan, France; We present the development and integration of a Machine Learning (ML)based surrogate model, trained on Particle-In-Cell (PIC) simulations of laserdriven plasma wakefield acceleration source of electrons, into Geant4 simulation toolkit. Our model enables the generation and tracking of plasmaaccelerated beams within complete experimental setups, unifying plasma acceleration and Monte Carlo-based simulations, which significantly reduces their complexity and computational cost.",2408.15845,"March 18, 2025",s3://new-pwa-2/kb-data/output/Integration_of_Machine_Learning-Based_Plasma_Acceleration_Simulations_into_Geant4_A_Case_Study_with_the_PALLAS_Experiment/structured.json,
new-pwa-2,kb-data/output/Intrinsic_Stabilization_of_the_Drive_Beam_in_Plasma_Wakefield_Accelerators,Intrinsic Stabilization of the Drive Beam in Plasma Wakefield Accelerators,"A. Martinez de la Ossa, 1, ∗ T.J. Mehrling, 2, 3, † and J. Osterhoff 2; 1 Institut f¨ ur Experimentalphysik, Universit¨ at Hamburg, 22761 Hamburg, Germany; 2 Deutsches Elektronen-Synchrotron DESY, 22607 Hamburg, Germany 3 Lawrence Berkeley National Laboratory, Berkeley, California 94720, USA (Dated: November 23, 2021)",,"November 23, 2021",s3://new-pwa-2/kb-data/output/Intrinsic_Stabilization_of_the_Drive_Beam_in_Plasma_Wakefield_Accelerators/structured.json,
new-pwa-2,kb-data/output/Ion_dynamics_driven_by_a_strongly_nonlinear_plasma_wake,Ion dynamics driven by a strongly nonlinear plasma wake,"V K Khudiakov 1 , 2 , K V Lotov 1 , 2 , M C Downer 3; 1 Budker Institute of Nuclear Physics, Novosibirsk, Russia; 2 Novosibirsk State University, Novosibirsk, Russia",,,s3://new-pwa-2/kb-data/output/Ion_dynamics_driven_by_a_strongly_nonlinear_plasma_wake/structured.json,
new-pwa-2,kb-data/output/Ion_motion_in_the_wake_driven_by_long_particle_bunches_in_plasmas,Ion motion in the wake driven by long particle bunches in plasmas,"J. Vieira 1 , R.A. Fonseca 1 , 2 , W.B. Mori 3 , L.O. Silva 1; 1 GoLP/Instituto de Plasmas e Fus˜ ao Nuclear, Instituto Superior Tcnico,; Universidade de Lisboa, Portugal",,,s3://new-pwa-2/kb-data/output/Ion_motion_in_the_wake_driven_by_long_particle_bunches_in_plasmas/structured.json,
new-pwa-2,kb-data/output/LCODE_Quasistatic_code_for_simulating_long-term_evolution_of_three-dimensional_plasma_wakefields,LCODE: Quasistatic code for simulating long-term evolution of three-dimensional plasma wakefields,"I.Yu. Kargapolov, N.V. Okhotnikov, I.A. Shalimova, A.P. Sosedkin, and K.V. Lotov; Novosibirsk State University, Novosibirsk 630090, Russia; (Dated: January 23, 2024)",2311.12523,"January 23, 2024",s3://new-pwa-2/kb-data/output/LCODE_Quasistatic_code_for_simulating_long-term_evolution_of_three-dimensional_plasma_wakefields/structured.json,
new-pwa-2,kb-data/output/LCODE_a_parallel_quasistatic_code_for_computationally_heavy_problems_of_plasma_wakefield_acceleration,LCODE: a parallel quasistatic code for computationally heavy problems of plasma wakefield acceleration,"A. P. Sosedkin a,b , K. V. Lotov a,b a Budker Institute of Nuclear Physics SB RAS, 630090, Novosibirsk, Russia b Novosibirsk State University, 630090, Novosibirsk, Russia; Keywords: Plasma wakefield acceleration, Parallel computations, Message-Passing Interface; Studying PWFA relies heavily on numerical simulations, and calculating the evolution of a macroscopic amount of particles with a reasonable amount of computational resources is a great feat of its own. This raises the need for specialized programs geared towards performance of PWFA simulations.",,"November 16, 2015",s3://new-pwa-2/kb-data/output/LCODE_a_parallel_quasistatic_code_for_computationally_heavy_problems_of_plasma_wakefield_acceleration/structured.json,
new-pwa-2,kb-data/output/Laser-Pulse_and_Electron-Bunch_Plasma_Wakefield_Accelerator,Laser-Pulse and Electron-Bunch Plasma Wakefield Accelerator,"Tianhong Wang 1 , Vladimir Khudik 1 , 2 , and Gennady Shvets 1; School of Applied and Engineering Physics, Cornell University, Ithaca, New York 14850, USA. 2; Department of Physics and Institute for Fusion Studies,",,"November 6, 2020",s3://new-pwa-2/kb-data/output/Laser-Pulse_and_Electron-Bunch_Plasma_Wakefield_Accelerator/structured.json,
new-pwa-2,kb-data/output/Parametric_mapping_of_the_efficiencyunicodex2013instability_relation_in_plasma-wakefield_accelerators,Parametric mapping of the efficiency-instability relation in plasma-wakefield accelerators,"O. G. Finnerud, ∗ C. A. Lindstrøm, and E. Adli; Department of Physics, University of Oslo, 0316 Oslo, Norway; where F t is the transverse deflection force and F r is the",2010.01046,,s3://new-pwa-2/kb-data/output/Parametric_mapping_of_the_efficiencyunicodex2013instability_relation_in_plasma-wakefield_accelerators/structured.json,
new-pwa-2,kb-data/output/Particle-In-Cell_Modeling_of_Plasma-Based_Accelerators_in_Two_and_Three_Dimensions,UNIVERSITY OF CALIFORNIA Los Angeles,,,,s3://new-pwa-2/kb-data/output/Particle-In-Cell_Modeling_of_Plasma-Based_Accelerators_in_Two_and_Three_Dimensions/structured.json,
new-pwa-2,kb-data/output/Particle_physics_applications_of_the_AWAKE_acceleration_scheme,Particle physics applications of the AWAKE acceleration scheme,"A. Caldwell 1 , J. Chappell 2 , P. Crivelli 3 , E. Depero 3 , J. Gall 4 , S. Gninenko 5 , E. Gschwendtner 4 ,; A. Hartin 2 , F. Keeble 2 , J. Osborne 4 , A. Pardons 4 , A. Petrenko 4 , A. Scaachi 2 , and M. Wing * 2; 1 Max Planck Institute for Physics, Munich, Germany",1810.12254,,s3://new-pwa-2/kb-data/output/Particle_physics_applications_of_the_AWAKE_acceleration_scheme/structured.json,
new-pwa-2,kb-data/output/Particle_physics_experiments_based_on_the_AWAKE_acceleration_scheme,Research,"Particle physics, high-energy physics, plasma physics; proton-driven plasma wakefield acceleration, dark photons, strong-field QED, electron-proton scattering; 1 Department of Physics and Astronomy, UCL, Gower Street, London WC1E 6BT, UK",1809.01191,,s3://new-pwa-2/kb-data/output/Particle_physics_experiments_based_on_the_AWAKE_acceleration_scheme/structured.json,
new-pwa-2,kb-data/output/Path_to_AWAKE_Evolution_of_the_concept,Path to AWAKE: Evolution of the concept,"Caldwell r , E. Adli ag , L. Amorim j , R. Apsimon e,n , T. Argyropoulos d , R. Assmann g , A.-M. Bachmann r , F. Batsch r , J. Bauche d , V.K. Berglyd Olsen ag , M. Bernardini d , R. Bingham y , B. Biskup d,f , T. Bohl d , C. Bracco d , P.N. Burrows l,ah , G. Burt e,n ,; Buttensch¨ on s , A. Butterworth d , M. Cascella ad , S. Chattopadhyay t,h , E. Chevallay d , S. Cipiccia d,ai , H. Damerau d , L. Deacon ad , P. Dirksen ab , S. Doebert d , U. Dorda g , E. Elsen g , J. Farmer i , S. Fartoukh d , V. Fedosseev d , E. Feldbaumer d , R. Fiorito e,ae ,; Fonseca j , F. Friebel d , G. Geschonke d , B. Goddard d , A.A. Gorn c,u , O. Grulke s , E. Gschwendtner d , J. Hansen d , C. Hessler d , S. Hillenbrand d , W. Hofle d , J. Holloway ah , C. Huang o , M. H¨ uther r,aa , D. Jaroszynski ai , L. Jensen d , S. Jolly ad , A. Joulaei r , M. Kasim l,ah , F. Keeble ad , R. Kersevan d , N. Kumar q , Y. Li e,af , S. Liu ab , N. Lopes k,j , K.V. Lotov c,u , W. Lu ac , J. Machacek r ,",,"March 10, 2021",s3://new-pwa-2/kb-data/output/Path_to_AWAKE_Evolution_of_the_concept/structured.json,
new-pwa-2,kb-data/output/Phase_velocity_and_particle_injection_in_a_self-modulated_proton-driven_plasma_wakefield_accelerator,Phase velocity and particle injection in a self-modulated proton-driven plasma wakefield accelerator,"A. Pukhov 1 , N. Kumar 1 , T. Tückmantel 1 , A. Upadhyay 1 , K.; Lotov 2 , P. Muggli 3 , V. Khudik 4 , C. Siemon 4 , and G. Shvets 4; 1 Institut für Theoretische Physik I, Universität Düsseldorf, 40225 Germany",,,s3://new-pwa-2/kb-data/output/Phase_velocity_and_particle_injection_in_a_self-modulated_proton-driven_plasma_wakefield_accelerator/structured.json,
new-pwa-2,kb-data/output/Photon_Phase-Space_Dynamics_in_a_Plasma_Wakefield_Accelerator,Photon Phase-Space Dynamics in a Plasma Wakefield Accelerator,"Neil Beri, 1, ∗ John Palastro, 2 Qian Qian, 1 Kyle Miller, 2 Brandon K. Russell, 3 and Alexander G. R. Thomas 1, †; 1 G´ erard Mourou Center for Ultrafast Optical Sciences,; University of Michigan, Ann Arbor, Michigan 48109, USA",2506.06531,"December 10, 2025",s3://new-pwa-2/kb-data/output/Photon_Phase-Space_Dynamics_in_a_Plasma_Wakefield_Accelerator/structured.json,
new-pwa-2,kb-data/output/Physics_of_beam_self-modulation_in_plasma_wakefield_accelerators,Physics of beam self-modulation in plasma wakefield accelerators,"Novosibirsk State University, 630090, Novosibirsk, Russia and; Budker Institute of Nuclear Physics SB RAS, 630090, Novosibirsk, Russia (Dated: March 18, 2015); The self-modulation instability is a key effect that makes possible the usage of nowadays proton beams as drivers for plasma wakefield acceleration. Development of the instability in uniform plasmas and in plasmas with a small density up-step is numerically studied with the focus at nonlinear stages of beam evolution. The step parameters providing the strongest established wakefield are found, and the mechanism of stable bunch train formation is identified.",,"March 18, 2015",s3://new-pwa-2/kb-data/output/Physics_of_beam_self-modulation_in_plasma_wakefield_accelerators/structured.json,
new-pwa-2,kb-data/output/Plasma_Accelerator_For_Decaying_Particles,Plasma Accelerator For Decaying Particles,"Chiara Badiali, 1 Rafael Almeida, 1 Bernardo Malaca, 1, 2 Ricardo Fonseca, 1, 3 Thales Silva, 1 and Jorge Vieira 1; 1 GoLP/Instituto de Plasmas e Fus˜ ao Nuclear, Instituto Superior T´ ecnico, Universidade de Lisboa, 1049-001 Lisbon, Portugal; 2 Centro Nacional de Computa¸ c˜ ao Avan¸ cada / Deucalion Supercomputer, Portugal",2024.07895,"July 4, 2025",s3://new-pwa-2/kb-data/output/Plasma_Accelerator_For_Decaying_Particles/structured.json,
new-pwa-2,kb-data/output/Plasma_Wakefield_Acceleration_for_Ultrahigh_Energy_Cosmic_Rays,PLASMA WAKEFIELD ACCELERATION FOR ULTRA HIGH ENERGY COSMIC RAYS ∗,"Stanford Linear Accelerator Center Stanford University, Stanford, CA 94309; Toshiki Tajima Advanced Photon Research Center Japan Atomic Energy Research Institute, Kyoto, 619-0215 Japan; Department of Physics, University of Alabama, Huntsville, AL 35899",,,s3://new-pwa-2/kb-data/output/Plasma_Wakefield_Acceleration_for_Ultrahigh_Energy_Cosmic_Rays/structured.json,
new-pwa-2,kb-data/output/Plasma_Wakefield_Acceleration_with_a_Modulated_Proton_Bunch,Plasma Wakefield Acceleration with a Modulated Proton Bunch,"Max-Planck-Institut f¨ ur Physik, 80805, M¨ unchen, Germany; Budker Institute of Nuclear Physics, 630090, Novosibirsk, Russia Novosibirsk State University, 630090, Novosibirsk, Russia; (Dated: August 23, 2018)",,"August 23, 2018",s3://new-pwa-2/kb-data/output/Plasma_Wakefield_Acceleration_with_a_Modulated_Proton_Bunch/structured.json,
new-pwa-2,kb-data/output/Plasma_Wakefield_Accelerator_Research_2019_-_2040_A_community-driven_UK_roadmap_compiled_by_the_Plasma_Wakefield_Accelerator_Steering_Committee_PWASC,Plasma Wakefield Accelerator Research 2019-2040,"Bernhard Hidding, Simon Hooker, Steven Jamison, Bruno Muratori, Christopher Murphy, Zulfikar Najmudin, Rajeev Pattathil, Gianluca Sarri, Matthew Streeter, Carsten Welsch, Matthew Wing, & Guoxing Xia",0910.2420,,s3://new-pwa-2/kb-data/output/Plasma_Wakefield_Accelerator_Research_2019_-_2040_A_community-driven_UK_roadmap_compiled_by_the_Plasma_Wakefield_Accelerator_Steering_Committee_PWASC/structured.json,
new-pwa-2,kb-data/output/Plasma_Wakefield_Accelerators_with_Ion_Motion_and_the_E-314_Experiment_at_FACET-II,Plasma Wakefield Accelerators with Ion Motion and the E-314 Experiment at FACET-II,"Claire Hansel 1,a) , Monika Yadav 1,2,3 , Pratik Manwani 1 , Weiming An 1 , Warren Mori 1 and James Rosenzweig 1; 1 Department of Physics and Astronomy, University of California Los Angeles, California 90095, USA; 2 Cockcroft Institute, Warrington WA4 4AD, UK",,,s3://new-pwa-2/kb-data/output/Plasma_Wakefield_Accelerators_with_Ion_Motion_and_the_E-314_Experiment_at_FACET-II/structured.json,
new-pwa-2,kb-data/output/Plasma_Wakefield_Linear_Colliders_-_Opportunities_and_Challenges,Plasma Wakefield Linear Colliders Opportunities and Challenges,"Department of Physics, University of Oslo, N-0316 Oslo, Norway; May 7, 2019",1308.1145,"May 7, 2019",s3://new-pwa-2/kb-data/output/Plasma_Wakefield_Linear_Colliders_-_Opportunities_and_Challenges/structured.json,
new-pwa-2,kb-data/output/Plasma_electron_trapping_in_quasistatic_simulations_of_plasma_wakefield_acceleration,Plasma electron trapping in quasistatic simulations of plasma wakefield acceleration,"P.V. Tuev a,b , A.P. Sosedkin a,b , K.V. Lotov a,b a Budker Institute of Nuclear Physics SB RAS, 630090 Novosibirsk, Russia b Novosibirsk State University, 630090 Novosibirsk, Russia; Keywords: plasma wakefield acceleration, plasma electrons trapping, numerical simulations, quasistatic approximation.; Laser wakefield acceleration is more suitable for the latter goal. Modern laser systems are able to produce laser pulses capable of driving non-linear plasma waves. Such scheme allows to forego external injection and accelerate trapped plasma electrons [8, 9].",,"November 19, 2021",s3://new-pwa-2/kb-data/output/Plasma_electron_trapping_in_quasistatic_simulations_of_plasma_wakefield_acceleration/structured.json,
new-pwa-2,kb-data/output/Plasma_lens-based_beam_extraction_and_removal_system_for_Plasma_Wakefield_Acceleration_experiments,Plasma lens-based beam extraction and removal system for Plasma Wakefield Acceleration experiments,"R. Pompili, 1, ∗ E. Chiadroni, 1 A. Cianchi, 2 A. Del Dotto, 1 L. Faillace, 3 M. Ferrario, 1 P. Iovine, 4 and M.R. Masullo 4; 1 Laboratori Nazionali di Frascati, Via Enrico Fermi 40, 00044 Frascati, Italy; 2 INFN and Tor Vergata University, Via Ricerca Scientifica 1, 00133 Rome, Italy",,"November 10, 2021",s3://new-pwa-2/kb-data/output/Plasma_lens-based_beam_extraction_and_removal_system_for_Plasma_Wakefield_Acceleration_experiments/structured.json,
new-pwa-2,kb-data/output/Plasma_wakefield_acceleration_studies_using_the_quasi-static_code_WAKE,Plasma wakefield acceleration studies using the quasi-static code WAKE,"Neeraj Jain, 1, a) John Palastro, 2, a) T. M. Antonsen Jr., 3 Warren B. Mori, 4 and Weiming An 4; 1) Max Planck Institute for Solar System Research, Justus-von-Liebig-Weg 3, 37077, G¨ ottingen, Germany; 2) Icarus Research Inc., P.O. Box 30780, Bethesda, Maryland 20824-0780",,,s3://new-pwa-2/kb-data/output/Plasma_wakefield_acceleration_studies_using_the_quasi-static_code_WAKE/structured.json,
new-pwa-2,kb-data/output/Plasma_wakefield_from_accelerators_to_black_holes,Plasma wakefield: from accelerators to black holes,"1 This review article is based on the lecture delivered at the 2024 Chandrasekhar Prize ceremony in Malacca, Malaysia.; Pisin Chen 1,2* and Yung-Kun Liu 1,2; 1* Department of Physics, National Taiwan University, Taipei 10617, Taiwan, ROC.",2504.05558,,s3://new-pwa-2/kb-data/output/Plasma_wakefield_from_accelerators_to_black_holes/structured.json,
new-pwa-2,kb-data/output/Ponderomotive_Injection_in_Plasma_Wakefield_Accelerators,Ponderomotive Injection in Plasma Wakefield Accelerators,"Ming Zeng, ∗ Alberto Martinez de la Ossa, and Jens Osterhoff; Deutsches Elektronen-Synchrotron DESY, 22607 Hamburg, Germany; (Dated: August 20, 2020)",2018.0392,"August 20, 2020",s3://new-pwa-2/kb-data/output/Ponderomotive_Injection_in_Plasma_Wakefield_Accelerators/structured.json,
new-pwa-2,kb-data/output/Positron_Acceleration_in_an_Elongated_Bubble_Regime,Positron Acceleration in an Elongated Bubble Regime,"Tianhong Wang 1 , Vladimir Khudik 2 , and Gennady Shvets 1; School of Applied and Engineering Physics, Cornell University, Ithaca, New York 14850, USA. 2; Departmentx of Physics and Institute for Fusion Studies, of Texas at Austin, Austin, Texas 78712, USA.",1306.6327,"October 22, 2021",s3://new-pwa-2/kb-data/output/Positron_Acceleration_in_an_Elongated_Bubble_Regime/structured.json,
new-pwa-2,kb-data/output/Positron_beam_loading_and_acceleration_in_the_blowout_regime_of_plasma_wakefield_accelerator,Positron beam loading and acceleration in the blowout regime of plasma wakefield accelerator,"Shiyu Zhou, 1 Weiming An, 2, 3 Siqin Ding, 1 Jianfei Hua, 1 Warren B. Mori, 4 Chan Joshi, 4 and Wei Lu 1, ∗; 1 Department of Engineering Physics, Tsinghua University, Beijing 100084, China; Institute for Frontiers in Astronomy and Astrophysics,",,"November 16, 2022",s3://new-pwa-2/kb-data/output/Positron_beam_loading_and_acceleration_in_the_blowout_regime_of_plasma_wakefield_accelerator/structured.json,
new-pwa-2,kb-data/output/Precision_alignment_and_tolerance_of_a_plasma_wakefield_accelerator_in_a_laser-ionized_plasma_source,Precision alignment and tolerance of a plasma wakefield accelerator in a laser-ionized plasma source,"Valentina Lee 1 , Robert Ariniello 2 , Douglas Storey 2 , S´ ebastien Corde 2 , 3 , Claudio Emma 2 , Spencer Gessner 2 , Mark; Hogan , Alexander Knetsch , Nathan Majernik , Brendan O'Shea , Ivan Rajkovic , and Michael Litos; 1 Center for Integrated Plasma Studies, Department of Physics,",2209.06690,"August 26, 2025",s3://new-pwa-2/kb-data/output/Precision_alignment_and_tolerance_of_a_plasma_wakefield_accelerator_in_a_laser-ionized_plasma_source/structured.json,
new-pwa-2,kb-data/output/Preliminary_Investigation_of_a_Higgs_Factory_based_on_Proton-Driven_Plasma_Wakefield_Acceleration,Preliminary Investigation of a Higgs Factory based on Proton-Driven Plasma Wakefield Acceleration,"J. Farmer, 1, ∗ A. Caldwell, 1, † and A. Pukhov 2, ‡; 1 Max-Planck-Institut f¨ ur Physik, M¨ unchen, Germany; Heinrich-Heine-Universit¨ at D¨ usseldorf, D¨ usseldorf, Germany",1903.01629,,s3://new-pwa-2/kb-data/output/Preliminary_Investigation_of_a_Higgs_Factory_based_on_Proton-Driven_Plasma_Wakefield_Acceleration/structured.json,
new-pwa-2,kb-data/output/Preliminary_Study_for_an_RF_photocathode_based_electron_injector_for_awake_project,Preliminary Study for an RF photocathode based electron injector for awake project,"O. Mete, G. Xia, The University of Manchester, Manchester, UK and Cockcroft Institute Sci-Tech Daresbury, Warrington, UK, Graeme Burt, The University of Lancaster, Lancaster, UK and Cockcroft Institute Sci-Tech Daresbury, Warrington UK S. Chattopadhyay, The University of Liverpool, UK, The University of Manchester, Manchester, UK, The University of Lancaster, Lancaster, UK and Cockcroft Institute Sci-Tech Daresbury, Warrington UK; Travelling Wave Cavities, 80 cm; March 22, 2022",,"March 22, 2022",s3://new-pwa-2/kb-data/output/Preliminary_Study_for_an_RF_photocathode_based_electron_injector_for_awake_project/structured.json,
new-pwa-2,kb-data/output/Proton-Driven_Plasma_Wakefield_Acceleration_for_Future_HEP_Colliders,Proton-Driven Plasma Wakefield Acceleration for Future HEP Colliders,"Allen Caldwell, Max Planck Institute for Physics caldwell@mpp.mpg.de; John Farmer, Max Planck Institute for Physics j.farmer@cern.ch; Nelson Lopes, GoLP/Instituto de Plasmas e Fusao Nuclear Instituto Superior Tecnico, Universidade de Lisboa nelson.lopes@tecnico.ulisboa.pt",2503.19880,,s3://new-pwa-2/kb-data/output/Proton-Driven_Plasma_Wakefield_Acceleration_for_Future_HEP_Colliders/structured.json,
new-pwa-2,kb-data/output/Proton-driven_plasma_wakefield_acceleration_a_path_to_the_future_of_high-energy_particle_physics,Proton-driven plasma wakefield acceleration: a path to the future of high-energy particle physics,"Assmann 7 , R. Bingham 19 , 21 , T. Bohl 3 , C. Bracco 3 ,; Buttensch¨ on 16 , A. Butterworth 3 , A. Caldwell 16 ,; Chattopadhyay 5 , 11 , 12 , 15 , S. Cipiccia 3 , 21 , E. Feldbaumer 3 ,",1306.5981,,s3://new-pwa-2/kb-data/output/Proton-driven_plasma_wakefield_acceleration_a_path_to_the_future_of_high-energy_particle_physics/structured.json,
new-pwa-2,kb-data/output/Proton_Driven_Plasma_Wakefield_Acceleration,Proton Driven Plasma Wakefield Acceleration,"Date: July 29, 2008; A. Caldwell 1 , K. Lotov 2 , A. Pukhov 3 , F. Simon 1 , 4; Max-Planck-Institut f¨ ur Physik, 80805 M¨ unchen, Germany 2 Budker Institute of Nuclear Physics, 630090 Novosibirsk, Russia, Novosibirsk State University, 630090 Novosibirsk, Russia 3 Institut f¨ ur Theoretische Physik I,",4704.2007,"July 29, 2008",s3://new-pwa-2/kb-data/output/Proton_Driven_Plasma_Wakefield_Acceleration/structured.json,
new-pwa-2,kb-data/output/Proton_Driven_Plasma_Wakefield_Acceleration_in_AWAKE,Research,"Plasma Wakefield Acceleration, Proton Driven, Electron Acceleration; AWAKE, Plasma Wakefield; Acceleration, Seeded Self Modulation",,,s3://new-pwa-2/kb-data/output/Proton_Driven_Plasma_Wakefield_Acceleration_in_AWAKE/structured.json,
new-pwa-2,kb-data/output/RF_injector_design_studies_for_the_trailing_witness_bunch_for_a_plasma-based_user_facility,RF injector design studies for the trailing witness bunch for a plasma-based user facility,"A. Giribono a,1 , A. Bacci c , E. Chiadroni a , A. Cianchi b , M. Croia a , M. Ferrario a , A. Marocchino a , V. Petrillo c , R. Pompili a , S. Romeo a , M. Rossetti Conti c , A.R. Rossi c , C. Vaccarezza a a INFN-LNF, Via Enrico Fermi 40, 00044 Frascati Rome, Italy; b INFN-Tor Vergata University, Via Ricerca Scientifica 1, 00133 Rome, Italy c INFN-MI, Via Celoria 16, 20133 Milan, Italy; Keywords: Beam Dynamics, High brightness Beams, Linear Accelerators",,"November 15, 2021",s3://new-pwa-2/kb-data/output/RF_injector_design_studies_for_the_trailing_witness_bunch_for_a_plasma-based_user_facility/structured.json,
new-pwa-2,kb-data/output/Radial_Density_Profile_and_Stability_of_Capillary_Discharge_Plasma_Waveguides_of_Lengths_up_to_40_Centimeters,Radial Density Profile and Stability of Capillary Discharge Plasma Waveguides of Lengths up to 40 Centimeters,"M. Turner 1 , A. J. Gonsalves 1 , S. S. Bulvanov 1 , C. Benedetti 1 , N. A. Bobrova 2 ,; V. A. Gasilov 2 , P. V. Sasorov 2,3 , G. Korn 3 , K. Nakamura 1 , J. van Tilborg 1 , C. G. Geddes 1 , C. B. Schroeder 1 , and E. Esarey 1; 1 Lawrence Berkeley National Laboratory, Berkeley, CA, USA",,"January 18, 2021",s3://new-pwa-2/kb-data/output/Radial_Density_Profile_and_Stability_of_Capillary_Discharge_Plasma_Waveguides_of_Lengths_up_to_40_Centimeters/structured.json,
new-pwa-2,kb-data/output/Radial_equilibrium_of_relativistic_particle_bunches_in_plasma_wakefield_accelerators,Radial equilibrium of relativistic particle bunches in plasma wakefield accelerators,"K.V.Lotov 1, 2; 1) Novosibirsk State University, 630090, Novosibirsk, Russia; 2) Budker Institute of Nuclear Physics SB RAS, 630090, Novosibirsk, Russia",,,s3://new-pwa-2/kb-data/output/Radial_equilibrium_of_relativistic_particle_bunches_in_plasma_wakefield_accelerators/structured.json,
new-pwa-2,kb-data/output/Radiation_Reaction_in_the_Plasma-Based_High-Energy_Accelerators,Radiation Reaction in the Plasma-Based High-Energy Accelerators,"M. R. Islam, 1, 2, ∗ G. Xia, 1, 2, † Y. Li, 1, 2 and B. Williamson 1, 2; 1 School of Physics and Astronomy,; University of Manchester, M13 9PL, United Kingdom.",,,s3://new-pwa-2/kb-data/output/Radiation_Reaction_in_the_Plasma-Based_High-Energy_Accelerators/structured.json,
new-pwa-2,kb-data/output/Radiation_Reaction_of_Betatron_Oscillation_in_Plasma_Wakefield_Accelerators,Radiation Reaction of Betatron Oscillation in Plasma Wakefield Accelerators,"March 26, 2021; Institute of High Engergy Physics, Chinese Academy of Sciences, 100049 Beijing, China; Extreme Light Infrastructure -Nuclear Physics, Horia Hulubei National Institute for Physics and Nuclear Engineering, 077125 Magurele, Romania",,"March 26, 2021",s3://new-pwa-2/kb-data/output/Radiation_Reaction_of_Betatron_Oscillation_in_Plasma_Wakefield_Accelerators/structured.json,
new-pwa-2,kb-data/output/Reaching_extreme_fields_in_laser-electron_beam_collisions_with_XUV_laser_light,Reaching extreme fields in laser-electron beam collisions with XUV laser light,"Brandon K. Russell, 1, 2, ∗ Christopher P. Ridgers, 3 Stepan S. Bulanov, 4; Miller, 5 Christopher Arran, 6, 7, 3 Thomas G. Blackburn, 8 Sergei V. Bulanov, 9, 10; Gabriele M. Grittani, 9 John P. Palastro, 5 Qian Qian, 1 and Alexander G. R. Thomas",2211.13187,"June 3, 2025",s3://new-pwa-2/kb-data/output/Reaching_extreme_fields_in_laser-electron_beam_collisions_with_XUV_laser_light/structured.json,
new-pwa-2,kb-data/output/Recent_studies_on_single-shot_diagnostics_for_plasma_accelerators_at_SPARC_LAB,Recent studies on single-shot diagnostics for plasma accelerators at SPARC LAB,"F.G. Bisesto a , M.P. Anania a , M. Botton b , M. Castellano a , E. Chiadroni a , A. Cianchi c,d , A. Curcio a , M. Ferrario a , M. Galletti e , Z. Henis b , R. Pompili a , E. Schleifer b , V. Shpakov a , A. Zigler a,b; Racah Institute of Physics, Hebrew University, 91904 Jerusalem, Israel; INFN Laboratori Nazionali di Frascati, Via Enrico Fermi 40, 00044 Frascati, Italy b",,"April 28, 2022",s3://new-pwa-2/kb-data/output/Recent_studies_on_single-shot_diagnostics_for_plasma_accelerators_at_SPARC_LAB/structured.json,
new-pwa-2,kb-data/output/Recovery_of_hydrogen_plasma_at_the_sub-nanosecond_timescale_in_a_plasma-wakefield_accelerator,Recovery of Hydrogen plasma at the sub-nanosecond timescale in a plasma-wakefield accelerator,"R. Pompili, 1, ∗ M.P. Anania, 1 A. Biagioni, 1 M. Carillo, 2 E. Chiadroni, 2 A. Cianchi, 3, 4, 5 G. Costa, 1 L. Crincoli, 1 A. Del Dotto, 1 M. Del Giorno, 1 F. Demurtas, 3 M. Ferrario, 1 M. Galletti, 3, 4, 5 A. Giribono, 1 J.K. Jones, 6 V. Lollo, 1 T. Pacey, 6 G. Parise, 3 G. Di Pirro, 1 S. Romeo, 1 G.J. Silvi, 2 V. Shpakov, 1 F. Villa, 1 and A. Zigler 7; 1 Laboratori Nazionali di Frascati, Via Enrico Fermi 54, 00044 Frascati, Italy; University of Rome Sapienza, Piazzale Aldo Moro 5, 00185 Rome, Italy",,"July 16, 2025",s3://new-pwa-2/kb-data/output/Recovery_of_hydrogen_plasma_at_the_sub-nanosecond_timescale_in_a_plasma-wakefield_accelerator/structured.json,
new-pwa-2,kb-data/output/Recovery_time_of_a_plasma-wakefield_accelerator,Article,"R. D'Arcy 1 ✉ , J. Chappell 2 , J. Beinortaite 1,2 , S. Diederichs 1,3 , G. Boyle 1 , B. Foster 4 , M. J. Garland 1 , P. Gonzalez Caminal 1,3 , C. A. Lindstrøm 1 , G. Loisch 1 , S. Schreiber 1 , S. Schröder 1 , R. J. Shalloo 1 , M. Thévenet 1 , S. Wesch 1 , M. Wing 1,2 & J. Osterhoff 1; The collective motion of ions was measured at the plasma-wakefield research facility FLASHForward 18 . The initial plasma, with electron density 1.75 × 10 16 cm -3 , was generated by sending a high-voltage discharge through a capillary filled with argon gas (Methods). A large-amplitude, non-linear wakefield (1.6 GV m -1 ) was then driven by an intense leading electron bunch (1.5 kA peak current), produced by a photocathode laser temporally locked to the plasma generation, and accelerated by; 1 Deutsches Elektronen-Synchrotron DESY, Hamburg, Germany.  2 University College London, London, UK. 3 Universität Hamburg, Hamburg, Germany.  4 John Adams Institute, Department of Physics, University of Oxford, Oxford, UK. ✉ e-mail: richard.darcy@desy.de",0712.1950,,s3://new-pwa-2/kb-data/output/Recovery_time_of_a_plasma-wakefield_accelerator/structured.json,
new-pwa-2,kb-data/output/Research_progress_on_advanced_positron_acceleration,Research progress on advanced positron acceleration,"Institute of High Energy Physics, Chinese Academy of Sciences, Beijing 100049, China and University of Chinese Academy of Sciences, Beijing 100049, China; School of Science, Shenzhen Campus of Sun Yat-sen University, Shenzhen 518107, China and Institute of High Energy Physics, Chinese Academy of Sciences, Beijing 100049, China",1811.10545,,s3://new-pwa-2/kb-data/output/Research_progress_on_advanced_positron_acceleration/structured.json,
new-pwa-2,kb-data/output/Resonant_Excitation_of_Surface_Plasmon_for_Wakefield_Acceleration_by_Beating_GW_Lasers_on_Smooth_Cylindrical_Surface,Resonant Excitation of Surface Plasmon for Wakefield Acceleration by Beating GW Lasers on Smooth Cylindrical Surface,"Bifeng Lei, 1, 2, ∗ Hao Zhang, 1, 2 Alexandre Bonatto, 3 Bin Liu, 4 Javier Resta-L´ opez, 5 Matt Zepf, 6, 7 Guoxing Xia, 8, 2 and Carsten Welsch 1, 2; Department of Physics, The University of Liverpool, Liverpool, L69 3BX, United Kingdom; Cockcroft Institute, Warrington WA4 4AD, United Kingdom",,"February 16, 2026",s3://new-pwa-2/kb-data/output/Resonant_Excitation_of_Surface_Plasmon_for_Wakefield_Acceleration_by_Beating_GW_Lasers_on_Smooth_Cylindrical_Surface/structured.json,
new-pwa-2,kb-data/output/Resonant_excitation_of_very_high_gradient_plasma_wakefield_accelerators_by_optical-period_bunch_trains,Resonant excitation of very high gradient plasma wakefield accelerators by optical-period bunch trains,"P. Manwani, ∗ N. Majernik, and J. B. Rosenzweig; Department of Physics and Astronomy, UCLA, Los Angeles, California 90095; (Dated: November 17, 2021)",,"November 17, 2021",s3://new-pwa-2/kb-data/output/Resonant_excitation_of_very_high_gradient_plasma_wakefield_accelerators_by_optical-period_bunch_trains/structured.json,
new-pwa-2,kb-data/output/Scheme_for_proton-driven_plasma-wakefield_acceleration_of_positively_charged_particles_in_a_hollow_plasma_channel,Scheme for proton-driven plasma-wakefield acceleration of positively charged particles in a hollow plasma channel,"Longqing Yi ( 易龙卿 ), 1 Baifei Shen ( 沈百飞 ), 1 * Konstantin Lotov, 2,3 Liangliang Ji ( 吉亮亮 ), 1 XiaomeiZhang ( 张晓梅 ), 1 ,Wenpeng Wang ( 王文鹏 ), 1 Xueyan Zhao ( 赵学 燕 ), 1 Yahong Yu ( 郁亚红 ), 1 Jiancai Xu ( 徐建彩 ), 1 Xiaofeng Wang ( 王晓峰 ), 1 Yin Shi ( 时 银 ), 1 Lingang Zhang ( 张林港 ), 1 Tongjun Xu ( 徐同军 ), 1 and Zhizhan Xu ( 徐至 展 ) 1; 1 State Key Laboratory of High Field Laser Physics, Shanghai Institute of Optics and Fine Mechanics, Chinese Academy of Sciences, P.O. Box 800-211, Shanghai 201800,; 2 Budker Institute of Nuclear Physics, 630090, Novosibirsk, Russia 3 Novosibirsk State University, 630090, Novosibirsk, Russia",,,s3://new-pwa-2/kb-data/output/Scheme_for_proton-driven_plasma-wakefield_acceleration_of_positively_charged_particles_in_a_hollow_plasma_channel/structured.json,
new-pwa-2,kb-data/output/Schlieren_Imaging_for_the_Determination_of_the_Radius_of_an_Excited_Rubidium_Column,Schlieren Imaging for the Determination of the Radius of an Excited Rubidium Column,"A.-M. Bachmann a,b,c , M. Martyanov b , J. Moody b , A. Pukhov d , P. Muggli b,a a CERN, Geneva, Switzerland; b Max-Planck Institute for Physics, Munich, Germany c Technical University Munich, Munich, Germany d Heinrich-Heine-Universit¨ at D¨ usseldorf, D¨ usseldorf, Germany; Keywords: AWAKE, Schlieren Imaging, Plasma Diagnostics, Plasma Wakefield Acceleration",1708.01087,"March 4, 2022",s3://new-pwa-2/kb-data/output/Schlieren_Imaging_for_the_Determination_of_the_Radius_of_an_Excited_Rubidium_Column/structured.json,
new-pwa-2,kb-data/output/Seeding_of_the_Self-Modulation_in_a_Long_Proton_Bunch_by_Charge_Cancellation_with_a_Short_Electron_Bunch,Seeding of the Self-Modulation in a Long Proton Bunch by Charge Cancellation with a Short Electron Bunch,"Mathias H¨ uther a,b , Patric Muggli a,c a Max Planck Institute for Physics, Munich, Germany; b Technical University of Munich, Garching b. M¨ unchen, Germany c CERN, Geneva, Switzerland; Furthermore, we discuss the feasibility for applications in AWAKE Run 2.",,"June 18, 2022",s3://new-pwa-2/kb-data/output/Seeding_of_the_Self-Modulation_in_a_Long_Proton_Bunch_by_Charge_Cancellation_with_a_Short_Electron_Bunch/structured.json,
new-pwa-2,kb-data/output/Self-injection_by_trapping_of_plasma_electrons_oscillating_in_rising_density_gradient_at_the_vacuum-plasma_interface,Self-injection by trapping of plasma e -oscillating in rising density gradient at the vacuum-plasma interface,"Aakash A. Sahai, 1, ∗ Thomas C. Katsouleas, 1 and Patric Muggli 2; 1 Dept of Electrical Engineering, Duke University, Durham, NC, 27708 USA 2 Max-Planck-Institut fur Physik, 80805 Munchen, Germany; FIG. 1. Phase mixing of inhomogeneous coupled oscillators with spatially increasing frequencies . Individual plasmons excited in the wake of a driver in a homogeneous plasma are coupled together and undergo in-phase or synchronous-phase oscillations. However, in an inhomogeneous rising density plasma (common at the vacuum-plasma interface of plasma sources) the individual plasmons have increasing characteristic frequency. Hence there is phase-mixing and trajectory crossing.",,,s3://new-pwa-2/kb-data/output/Self-injection_by_trapping_of_plasma_electrons_oscillating_in_rising_density_gradient_at_the_vacuum-plasma_interface/structured.json,
new-pwa-2,kb-data/output/Short-range_wakefields_generated_in_the_blowout_regime_of_plasma-wakefield_acceleration,Short-range wakefields generated in the blowout regime of plasma-wakefield acceleration,"SLAC National Accelerator Laboratory, Menlo Park, CA 94025",1602.05260,,s3://new-pwa-2/kb-data/output/Short-range_wakefields_generated_in_the_blowout_regime_of_plasma-wakefield_acceleration/structured.json,
new-pwa-2,kb-data/output/Simulating_ultrarelativistic_beam-plasma_instabilities_with_a_quasistatic_particle-in-cell_code,Simulating ultrarelativistic beam-plasma instabilities with a quasistatic particle-in-cell code,"Q. Labro a,b, ∗ , X. Davoine a,b , L. Gremillet a,b , L. Berg´ e a,b,c a CEA, DAM, DIF, F-91297 Arpajon, France; b Universit´ e Paris-Saclay, CEA, LMCE, F-91680 Bruy` eres-le-Chˆ atel, France c Centre Lasers Intenses et Applications, Universit´ e de Bordeaux-CNRS-CEA, UMR 5107, 33405 Talence, France; These phenomena can also be explored in laboratory experiments by directing an electron beam, produced either by a conventional accelerator [11] or an intense laser pulse [12], into a plasma target. Recently, it has even been proposed to harness them to produce bright gamma-ray sources [13].",,"June 24, 2025",s3://new-pwa-2/kb-data/output/Simulating_ultrarelativistic_beam-plasma_instabilities_with_a_quasistatic_particle-in-cell_code/structured.json,
new-pwa-2,kb-data/output/Simulation_design_for_forthcoming_high_quality_plasma_wakefield_acceleration_experiment_in_linear_regime_at_SPARC_LAB,Simulation design for forthcoming high quality plasma wakefield acceleration experiment in linear regime at SPARC LAB,"S. Romeo a , E. Chiadroni a , M. Croia a,c , M. Ferrario a , A. Giribono a , A. Marocchino a , F. Mira c,d , R. Pompili a , A.R. Rossi b , C. Vaccarezza a a Laboratori Nazionali di Frascati, Via Enrico Fermi 40, 00044 Frascati (Rome), Italy b INFN-Milan and Department of Physics, University of Milan, Via Celoria 16, 20133 Milan, Italy c University of Rome 'Sapienza', Piazzale Aldo Moro 5, 00185 Rome, Italy d SBAI Department, University of Rome 'Sapienza', Via Antonio Scarpa 14, 00161 Rome, Italy; Keywords: plasma wakefield acceleration, particle-in-cell, numerical simulation; The SPARC LAB photo-injector is composed of a 1.6 cell BNL/UCLA/SLAC type gun, operating at S-band ( 2 : 856 GHz) with a peak field of 120 MV/monthecopper metallic photocathode that generates a 5 : 6 MeV electron",1710.04858,"November 30, 2021",s3://new-pwa-2/kb-data/output/Simulation_design_for_forthcoming_high_quality_plasma_wakefield_acceleration_experiment_in_linear_regime_at_SPARC_LAB/structured.json,
new-pwa-2,kb-data/output/Simulation_study_of_betatron_radiation_in_AWAKE_Run_2_experiment,Simulation study of betatron radiation in AWAKE Run 2 experiment,"Linbo Liang, ∗ Guoxing Xia, and Hossein Saberi; Department of Physics and Astronomy, University of Manchester, Manchester M13 9PL, United Kingdom and Cockcroft Institute, Daresbury, Cheshire WA4 4AD, United Kingdom; CERN, Geneva, Switzerland and",2203.11622,"April 29, 2022",s3://new-pwa-2/kb-data/output/Simulation_study_of_betatron_radiation_in_AWAKE_Run_2_experiment/structured.json,
new-pwa-3,kb-data/output/Laser-driven_high-quality_positron_sources_as_possible_injectors_for_plasma-based_accelerators,Laser-driven high-quality positron sources as possible injectors for plasma-based accelerators,"A Alejo 1 , R. Walczak 2 , G Sarri 1; Centre for Plasma Physics, School of Mathematics and Physics, Queen's University Belfast, University Road, Belfast BT7 1NN, UK; 2 John Adams Institute for Accelerator Science and Department of Physics,",1306.6327,,s3://new-pwa-3/kb-data/output/Laser-driven_high-quality_positron_sources_as_possible_injectors_for_plasma-based_accelerators/structured.json,
new-pwa-3,kb-data/output/Lattice_Boltzmann_method_for_warm_fluid_simulations_of_plasma_wakefield_acceleration,Lattice Boltzmann method for warm fluid simulations of plasma wakefield acceleration,"Daniele Simeoni 1 , ∗; Gianmarco Parise 2 , 3; 1 Department of Physics & INFN, Tor Vergata University of Rome, Via della Ricerca Scientifica 1, 00133, Rome, Italy",1998.6057,,s3://new-pwa-3/kb-data/output/Lattice_Boltzmann_method_for_warm_fluid_simulations_of_plasma_wakefield_acceleration/structured.json,
new-pwa-3,kb-data/output/Lattice_Boltzmann_simulations_of_Plasma_Wakefield_Acceleration,Lattice Boltzmann simulations of Plasma Wakefield Acceleration,"Department of Physics, University of Rome ""Tor Vergata"", Via della Ricerca Scientifica 1, 00133, Rome (Italy) and INFN, Laboratori Nazionali di Frascati, Via Enrico Fermi 54, 00044, Frascati (Italy); Department of Physics & INFN, University of Rome ""Tor Vergata"", Via della Ricerca Scientifica 1, 00133, Rome (Italy); ENEA, C.R. Brasimone, 40032, Camugnano, Bologna (Italy)",,,s3://new-pwa-3/kb-data/output/Lattice_Boltzmann_simulations_of_Plasma_Wakefield_Acceleration/structured.json,
new-pwa-3,kb-data/output/Long-term_evolution_of_broken_wakefields_in_finite_radius_plasmas,Long-term evolution of broken wakefields in finite radius plasmas,"Budker Institute of Nuclear Physics SB RAS, 630090, Novosibirsk, Russia and Novosibirsk State University, 630090, Novosibirsk, Russia; Budker Institute of Nuclear Physics SB RAS, 630090, Novosibirsk, Russia and CERN, Geneva, Switzerland; (Dated: October 8, 2018)",,"October 8, 2018",s3://new-pwa-3/kb-data/output/Long-term_evolution_of_broken_wakefields_in_finite_radius_plasmas/structured.json,
new-pwa-3,kb-data/output/Longitudinally_resolved_measurement_of_energy-transfer_efficiency_in_a_plasma-wakefield_accelerator,Longitudinally Resolved Measurement of Energy-Transfer Efficiency in a Plasma-Wakefield Accelerator,"L. Boulton, 1, 2, 3, ∗ C. A. Lindstrøm, 1 J. Beinortaite, 1, 4 J. Bj¨ orklund Svensson, 1; J. M. Garland, 1 P. Gonz´ alez Caminal, 1, 5 B. Hidding, 2, 3 G. Loisch, 1 F. Pe˜ na, 1, 5; K. P˜ oder, 1 S. Schr¨ oder, 1 S. Wesch, 1 J. C. Wood, 1 J. Osterhoff, 1 and R. D'Arcy 1",,"September 15, 2022",s3://new-pwa-3/kb-data/output/Longitudinally_resolved_measurement_of_energy-transfer_efficiency_in_a_plasma-wakefield_accelerator/structured.json,
new-pwa-3,kb-data/output/Machine_learning-based_analysis_of_experimental_electron_beams_and_gamma_energy_distributions,Machine learning-based analysis of experimental electron beams and gamma energy distributions,"M. Yadav 1 , 2 , 3 , ∗ M. Oruganti 1 , S. Zhang 1 , B. Naranjo 1 , G. Andonian 1 ,; Y. Zhuang 4 , ¨ O. Apsimon 2 , 3 , C. P. Welsch 2 , 3 , and J. B. Rosenzweig 1; Department of Physics and Astronomy, University of California Los Angeles, California 90095, USA 2 Cockcroft Institute, Warrington WA4 4AD, UK",1706.05350,"September 26, 2023",s3://new-pwa-3/kb-data/output/Machine_learning-based_analysis_of_experimental_electron_beams_and_gamma_energy_distributions/structured.json,
new-pwa-3,kb-data/output/Machine_learning-based_direct_solver_for_one-to-many_problems_on_temporal_shaping_of_relativistic_electron_beams,Machine learning-based direct solver for one-to-many problems on temporal shaping of relativistic electron beams,"Jinyu Wan 1, 2, 3 and Yi Jiao 1, 2, ∗; 1 Key Laboratory of Particle Acceleration Physics and Technology,; Institute of High Energy Physics, Chinese Academy of Sciences, Beijing 100049, China",1411.1784,"September 20, 2022",s3://new-pwa-3/kb-data/output/Machine_learning-based_direct_solver_for_one-to-many_problems_on_temporal_shaping_of_relativistic_electron_beams/structured.json,
new-pwa-3,kb-data/output/Magnetowave_Induced_Plasma_Wakefield_Acceleration_for_Ultra_High_Energy_Cosmic_Rays,Magnetowave Induced Plasma Wakefield Acceleration for Ultra High Energy Cosmic Rays,"Feng-Yin Chang, 1, 2 Pisin Chen, 1, 3, ∗ Guey-Lin Lin, 2 Kevin Reil, 1 and Richard Sydora 4; 1 Kavli Institute for Particle Astrophysics and Cosmology,; Stanford Linear Accelerator Center, Stanford University, Stanford, CA 94305, USA.",0708.1924,,s3://new-pwa-3/kb-data/output/Magnetowave_Induced_Plasma_Wakefield_Acceleration_for_Ultra_High_Energy_Cosmic_Rays/structured.json,
new-pwa-3,kb-data/output/Mapping_charge_capture_and_acceleration_in_a_plasma_wakefield_of_a_proton_bunch_using_variable_emittance_electron_beam_injection,Mapping charge capture and acceleration in a plasma wakefield of a proton bunch using variable emittance electron beam injection,"E. Granados, 1, ∗ L. Verra, 1, 2 A.-M. Bachmann, 1, 2 E. Chevallay, 1 S. Doebert, 1 V. Fedosseev, 1 F. Friebel, 1 S. Gessner, 1 E. Gschwendtner, 1 S. Y. Kim, 1, 3, 4 S. Mazzoni, 1 J. T. Moody, 1, 2 and M. Turner 1 (AWAKE Collaboration); 1 CERN, Geneva, Switzerland; 2 Max Planck Institute for Physics, 80805 Munich, Germany",1812.08550,"June 29, 2022",s3://new-pwa-3/kb-data/output/Mapping_charge_capture_and_acceleration_in_a_plasma_wakefield_of_a_proton_bunch_using_variable_emittance_electron_beam_injection/structured.json,
new-pwa-3,kb-data/output/Massively-Parallel_Lagrangian_Particle_Code_and_Applications,Abstract,"Keywords: Lagrangian particle method, Multiphase flows, Parallel algorithms, Parallel k-tree; While most of the previous works present modifications and improvements of the SPH while still preserving the main ideas of SPH and its smooth kernel, the Lagrangian; Shaohua Yuan a , Mario Zepeda Aguilar a , Nizar Naitlho a , Roman Samulyak a,b, ∗",,"June 27, 2022",s3://new-pwa-3/kb-data/output/Massively-Parallel_Lagrangian_Particle_Code_and_Applications/structured.json,
new-pwa-3,kb-data/output/Measurement_of_the_Saturation_Length_of_the_Self-Modulation_Instability,Measurement of the Saturation Length of the Self-Modulation Instability,"A. Clairembaud, 1 M. Turner, 2 M. Bergamaschi, 2 L. Ranc, 1 F. Pannell, 3; J. Mezger, 1 H. Jaworska, 2 N. van Gils, 2, 4 J. Farmer, 1 and P. Muggli 1, 2; C.C. Ahdida, 2 Y. Alekajbaf, 5 C. Amoedo, 2 O. Apsimon, 6, 7 R. Apsimon, 7, 8 T. Bachmann, 2 C. Badiali, 9",2208.12342,"February 19, 2026",s3://new-pwa-3/kb-data/output/Measurement_of_the_Saturation_Length_of_the_Self-Modulation_Instability/structured.json,
new-pwa-3,kb-data/output/Measurement_of_transverse_wakefields_induced_by_a_misaligned_positron_bunch_in_a_hollow_channel_plasma_accelerator,Measurement of transverse wakefields induced by a misaligned positron bunch in a hollow channel plasma accelerator,"C. A. Lindstrøm, 1, ∗ E. Adli, 1 J. M. Allen, 2 W. An, 3 C. Beekman, 4 C. I. Clarke, 2 C. E. Clayton, 3; S. Corde, 4 A. Doche, 4 J. Frederico, 2 S. J. Gessner, 2, † S. Z. Green, 2 M. J. Hogan, 2 C. Joshi, 3 M. Litos, 5; W. Lu, 6 K. A. Marsh, 3 W. B. Mori, 7 B. D. O'Shea, 2 N. Vafaei-Najafabadi, 3, ‡ and V. Yakimenko 2",,,s3://new-pwa-3/kb-data/output/Measurement_of_transverse_wakefields_induced_by_a_misaligned_positron_bunch_in_a_hollow_channel_plasma_accelerator/structured.json,
new-pwa-3,kb-data/output/Mitigation_of_the_hose_instability_in_plasma-wakefield_accelerators,Mitigation of the hose instability in plasma-wakefield accelerators,"T.J. Mehrling, 1, 2, ∗ R.A. Fonseca, 2, 3 A. Martinez de la Ossa, 1 and J. Vieira 2, †; 1 Institut f¨ ur Experimentalphysik, Universit¨ at Hamburg, 22761 Hamburg, Germany; 2 GoLP/Instituto de Plasmas e Fus˜ ao Nuclear, Instituto Superior T´ ecnico,",1308.1145,"August 13, 2018",s3://new-pwa-3/kb-data/output/Mitigation_of_the_hose_instability_in_plasma-wakefield_accelerators/structured.json,
new-pwa-3,kb-data/output/Modeling_and_simulation_of_transverse_wakefields_in_PWFA,Modeling and simulation of transverse wakefields in PWFA,"J B B Chen 1 , 2 , D Schulte 1 and E Adli 2; 1 CERN, CH-1211 Geneva 23, Switzerland; 2 University of Oslo, Oslo, Norway",,,s3://new-pwa-3/kb-data/output/Modeling_and_simulation_of_transverse_wakefields_in_PWFA/structured.json,
new-pwa-3,kb-data/output/Modeling_betatron_radiation_using_particle-in-cell_codes_for_plasma_wakefield_accelerator_diagnostics,Modeling betatron radiation using particle-in-cell codes for plasma wakefield accelerator diagnostics,"M. Yadav 1 , 2 , 3 , ∗ C. Hansel 4 , B. Naranjo 1 , G. Andonian 1 , P.; Manwani 1 , ¨ O. Apsimon 5 , C.P. Welsch 2 , 3 , and J. B. Rosenzweig 1; 1 Department of Physics and Astronomy, University of California Los Angeles, California 90095, USA",2107.00483,"March 9, 2023",s3://new-pwa-3/kb-data/output/Modeling_betatron_radiation_using_particle-in-cell_codes_for_plasma_wakefield_accelerator_diagnostics/structured.json,
new-pwa-3,kb-data/output/Modeling_of_three-dimensional_betatron_oscillation_and_radiation_reaction_in_plasma_accelerators,Modeling of three-dimensional betatron oscillation and radiation reaction in plasma accelerators,"Institute of High Energy Physics, Chinese Academy of Sciences, Beijing 100049, China and University of Chinese Academy of Sciences, Beijing 100049, China; (Dated: November 2, 2022); Electrons emit synchrotron radiation when performing BO [8-10], which affects the electrons in return. Such effect is called the radiation reaction (RR) and its classical expression is the Lorentz-Abraham-Dirac (LAD) equation or the Landau-Lifshitz equation [11, 12]. Because",,"November 2, 2022",s3://new-pwa-3/kb-data/output/Modeling_of_three-dimensional_betatron_oscillation_and_radiation_reaction_in_plasma_accelerators/structured.json,
new-pwa-3,kb-data/output/Modelling_Chromatic_Emittance_Growth_in_Staged_Plasma_Wakefield_Acceleration_to_1_TeV_using_Nonlinear_Transfer_Matrices,Modelling Chromatic Emittance Growth in Staged Plasma Wakefield Acceleration to 1 TeV using Nonlinear Transfer Matrices,"G´ erard Mourou Center for Ultrafast Optical Sciences and Department of Nuclear Engineering and Radiological Sciences, University of Michigan, Ann Arbor, MI 48109, USA; Helmholtz Institut Jena, Fr¨ obelstieg 3, 07743 Jena, Germany and; GSI Helmholtzzentrum f¨ ur Schwerionenforschung GmbH, Planckstrasse 1, 64291 Darmstadt, Germany",2018.0181,"March 2, 2022",s3://new-pwa-3/kb-data/output/Modelling_Chromatic_Emittance_Growth_in_Staged_Plasma_Wakefield_Acceleration_to_1_TeV_using_Nonlinear_Transfer_Matrices/structured.json,
new-pwa-3,kb-data/output/Multi-proton_bunch_driven_hollow_plasma_wakefield_acceleration_in_the_nonlinear_regime,Multi-proton bunch driven hollow plasma wakefield acceleration in the nonlinear regime,"Yangmei  Li 1,2,a) ,  Guoxing  Xia 1,2 ,  Konstantin  V.  Lotov 3,4 ,  Alexander  P.  Sosedkin 3,4 ,  Kieran Hanahoe 1,2 , Oznur Mete-Apsimon 1,2; School of Physics and Astronomy, University of Manchester, Manchester M13 9PL, UK. 2 Cockcroft Institute, Warrington WA4 4AD, UK.; 3 Budker Institute of Nuclear Physics, Novosibirsk 630090, Russia.",1610.08734,,s3://new-pwa-3/kb-data/output/Multi-proton_bunch_driven_hollow_plasma_wakefield_acceleration_in_the_nonlinear_regime/structured.json,
new-pwa-3,kb-data/output/Muon_Acceleration_in_Cosmic-ray_Sources,Muon Acceleration in Cosmic-ray Sources,"Spencer R. Klein, ∗ Rune Mikkelsen, † and Julia K. Becker Tjus ‡; Other authors have proposed single-pass linear accelerators [5-11], often in a relativistic jet, such as those emerging from GRBs or AGNs. Here, the maximum CR energy and the finite source length imposes a lower limit on the accelerating gradient. Further, the short time scales associated with possible transient sources, such as GRBs and magnetars, argue for very compact accelerators and thus requires large gradients.; The needed accelerating gradients may be provided by a couple of mechanisms. Plasma wakefield acceleration (PWA) allows for gradients up to ≈ 10 16 eV/cm. PWA may be present at a variety of accelerating sites, including GRBs and AGNs. Magnetars, newborn neutron stars with enormous (petagauss) magnetic fields, also allow single-pass acceleration with very high gradients [8].",1201.5197,,s3://new-pwa-3/kb-data/output/Muon_Acceleration_in_Cosmic-ray_Sources/structured.json,
new-pwa-3,kb-data/output/Neural-network-based_longitudinal_electric_field_prediction_in_nonlinear_plasma_wakefield_accelerators,Neural-network-based longitudinal electric field prediction in nonlinear plasma wakefield accelerators,"Xiaoning Wang, 1, 2 Ming Zeng, 1, 3, 4, ∗ Dazhang Li, 1, 4 Weiming An, 5, 6, † and Wei Lu 1, 4; 1 Institute of High Energy Physics, Chinese Academy of Sciences, Beijing 100049, China; 2 Spallation Neutron Source Science Center, Dongguan 523803, China",1609.04747,,s3://new-pwa-3/kb-data/output/Neural-network-based_longitudinal_electric_field_prediction_in_nonlinear_plasma_wakefield_accelerators/structured.json,
new-pwa-3,kb-data/output/New_Challenges_in_Plasma_Accelerators_Final_Focusing_for_Wakefield_Colliders,New Challenges in Plasma Accelerators: Final Focusing for Wakefield Colliders,"University of California, Santa Barbara, CA 93106 and SLAC National Accelerator Laboratory, Menlo Park, CA 94025; SLAC National Accelerator Laboratory, Menlo Park, CA 94025; Lewis Kennedy and Rogelio Tomás CERN, Geneva, CH",2506.12361,"January 31, 2026",s3://new-pwa-3/kb-data/output/New_Challenges_in_Plasma_Accelerators_Final_Focusing_for_Wakefield_Colliders/structured.json,
new-pwa-3,kb-data/output/Nonlinear_equilibria_and_emittance_growth_in_plasma_wakefield_accelerators_with_ion_motion,Nonlinear equilibria and emittance growth in plasma wakefield accelerators with ion motion,"C. Hansel, ∗ W. An, W. Mori, and J. B. Rosenzweig; Department of Physics and Astronomy, University of California, Los Angeles, California 90095 (Dated: March 30, 2020); The challenge of controlling such emittance growth has been known for over a decade, but recently a robust solution has been found through an analysis based on particle-in-cell (PIC) simulations [1]. This work demonstrates that that by matching the initial beam phase space to the eventual focusing arising from the collapsed",2003.08966,"March 30, 2020",s3://new-pwa-3/kb-data/output/Nonlinear_equilibria_and_emittance_growth_in_plasma_wakefield_accelerators_with_ion_motion/structured.json,
new-pwa-3,kb-data/output/Numerical_Studies_of_Electron_Acceleration_Behind_Self-Modulating_Proton_Beam_in_Plasma_with_a_Density_Gradient,Numerical Studies of Electron Acceleration Behind Self-Modulating Proton Beam in Plasma with a Density Gradient,"A. Petrenko a , K. Lotov b,c , A. Sosedkin b,c a CERN, CH-1211 Geneva 23, Switzerland b Budker Institute of Nuclear Physics SB RAS, 630090 Novosibirsk, Russia c Novosibirsk State University, 630090 Novosibirsk, Russia; Keywords: AWAKE experiment, Self-Modulation Instability, CERN, Proton-Driven Plasma Wakefield Acceleration; March 30, 2022",,"March 30, 2022",s3://new-pwa-3/kb-data/output/Numerical_Studies_of_Electron_Acceleration_Behind_Self-Modulating_Proton_Beam_in_Plasma_with_a_Density_Gradient/structured.json,
new-pwa-3,kb-data/output/Numerical_investigations_of_heavy_ion_driven_plasma_wakefield_acceleration,Numerical investigations of heavy ion driven plasma wakefield acceleration,"Jiangdong Li a,b , Jiancheng Yang a,b, ∗ , Guoxing Xia c,d , Jie Liu a,b , Wenlong Zhan a , Ruihu Zhu a,b a Institute of Modern Physics, Chinese Academy of Sciences, Lanzhou, 730000, China; b University of Chinese Academy of Sciences, Beijing, 100049, China c University of Manchester, Manchester, M13 9PL, United Kingdom; d Cockcroft Institute, Cheshire, WA4 4AD, United Kingdom",2408.00740,"June 18, 2025",s3://new-pwa-3/kb-data/output/Numerical_investigations_of_heavy_ion_driven_plasma_wakefield_acceleration/structured.json,
new-pwa-3,kb-data/output/On_Efficiency_versus_Instability_in_plasma_accelerators,On 'Efficiency versus Instability in plasma accelerators',"Department of Electrical Engineering and Department of Physics,; Northern Illinois University, DeKalb, IL 60115, USA; (Dated: October 5, 2020)",1711.03201,"October 5, 2020",s3://new-pwa-3/kb-data/output/On_Efficiency_versus_Instability_in_plasma_accelerators/structured.json,
new-pwa-3,kb-data/output/Online_Multi-Objective_Particle_Accelerator_Optimization_of_the_AWAKE_Electron_Beam_Line_for_Simultaneous_Emittance_and_Orbit_Control,Online Multi-Objective Particle Accelerator Optimization of the AWAKE Electron Beam Line for Simultaneous Emittance and Orbit Control,"Alexander Scheinker, 1, a) Simon Hirlaender, 2 Francesco Maria Velotti, 2 Spencer Gessner, 2 Giovanni Zevi Della Porta, 2 Verena Kain, 2 and Rebecca Ramjiawan 2 1) Los Alamos National Laboratory, Los Alamos, New Mexico 87544, USA 2); CERN, Espl. des Particules 1, Geneva, Switzerland; Such trade offs and control difficulties are present in all accelerators and require new advanced algorithms to quickly, accurately, automatically control and optimize charged particle beams. Machine learning (ML) methods have been used",,,s3://new-pwa-3/kb-data/output/Online_Multi-Objective_Particle_Accelerator_Optimization_of_the_AWAKE_Electron_Beam_Line_for_Simultaneous_Emittance_and_Orbit_Control/structured.json,
new-pwa-3,kb-data/output/Operator_Formalism_for_Laser-Plasma_Wakefield_Acceleration,Operator Formalism for Laser-Plasma Wakefield Acceleration,"Mostafa Behtouei, Carlos Salgado Lopez, Giancarlo Gatti CLPU, Centro de L´ aseres Pulsados, Salamanca, Spain; In this formalism, the effects of linear imperfections, such as waveguide geometry deviations or small density fluctuations in the plasma, are represented by a dedicated linear operator that couples different modes and induces phase shifts. Nonlinear interactions due to the plasma response are represented by a nonlinear operator that maps the laser intensity to a self-consistent modifi-",2305.15442,,s3://new-pwa-3/kb-data/output/Operator_Formalism_for_Laser-Plasma_Wakefield_Acceleration/structured.json,
new-pwa-3,kb-data/output/Optimization_of_transformer_ratio_and_beam_loading_in_a_plasma_wakefield_accelerator_with_a_structure-exploiting_algorithm,Optimization of transformer ratio and beam loading in a plasma wakefield accelerator with a structure-exploiting algorithm,"Q. Su, 1, a) J. Larson , 2, b) T. N. Dalichaouch, 3 F. Li, 1 W. An, 4 L. Hildebrand, 3 Y. Zhao, 3 V. Decyk, 3 P. Alves, 3 S. M. Wild , 2, 5 and W. B. Mori 3, 1; 1) Department of Electrical and Computer Engineering, University of California, Los Angeles, Los Angeles, CA 90095, USA; 2) Mathematics and Computer Science Division, Argonne National Laboratory, Lemont, IL 60439, USA",,,s3://new-pwa-3/kb-data/output/Optimization_of_transformer_ratio_and_beam_loading_in_a_plasma_wakefield_accelerator_with_a_structure-exploiting_algorithm/structured.json,
new-pwa-3,kb-data/output/Optimized_laser-assisted_electron_injection_into_a_quasi-linear_plasma_wakefield,Optimized laser-assisted electron injection into a quasi-linear plasma wakefield,"V. Khudiakov 1 and A. Pukhov 1; 1 Institut f¨ ur Theoretische Physik I, Heinrich-Heine-Universit¨ at D¨ usseldorf, 40225 D¨ usseldorf, Germany; (Dated: September 8, 2021)",,"September 8, 2021",s3://new-pwa-3/kb-data/output/Optimized_laser-assisted_electron_injection_into_a_quasi-linear_plasma_wakefield/structured.json,
new-pwa-3,kb-data/output/Optmized_stability_of_a_modulated_driver_in_a_plasma_wakefield_accelerator,Optimized stability of a modulated driver in a plasma wakefield accelerator,"Heinrich Heine Universit¨ at, 40225 D¨ usseldorf, Germany; Plasma wakefield acceleration, both laser driven 1-4 and particle driven 5,6 , has proven to be a possible alternative to conventional accelerators for a wide range of applications, due to the intense electric fields that the plasma can sustain.; Among the possible configurations feasible for beam driven plasma wakefield, a renewed interest is devoted to the use of modulated drivers in view of the forthcoming AWAKE experiment at CERN 7 . The goal of the project is to prove the possibility to employ the 400 GeV proton bunches produced at the Super Proton Synchrotron(SPS) as drivers for the plasma wakefield.",1510.01071,,s3://new-pwa-3/kb-data/output/Optmized_stability_of_a_modulated_driver_in_a_plasma_wakefield_accelerator/structured.json,
new-pwa-3,kb-data/output/Oscillation_damper_for_misaligned_witness_in_plasma_wakefield_accelerator,Oscillation damper for misaligned witness in plasma wakefield accelerator,"Konstantin V. Lotov, Ivan Yu. Kargapolov, Petr V. Tuev; 1) Novosibirsk State University, Novosibirsk 630090, Russia; 2) Budker Institute of Nuclear Physics, Novosibirsk 630090, Russia",2401.11924,,s3://new-pwa-3/kb-data/output/Oscillation_damper_for_misaligned_witness_in_plasma_wakefield_accelerator/structured.json,
new-pwa-3,kb-data/output/Parameter_sensitivity_of_plasma_wakefields_driven_by_self-modulating_proton_beams,Parameter sensitivity of plasma wakefields driven by self-modulating proton beams,"K.V.Lotov, V.A.Minakov, A.P.Sosedkin; Novosibirsk State University, 630090, Novosibirsk, Russia and Budker Institute of Nuclear Physics SB RAS, 630090, Novosibirsk, Russia; (Dated: May 26, 2022)",,"May 26, 2022",s3://new-pwa-3/kb-data/output/Parameter_sensitivity_of_plasma_wakefields_driven_by_self-modulating_proton_beams/structured.json,
new-pwa-3,kb-data/output/The_Gamma-Gamma_Interaction__A_Critical_Test_of_the_Standard_Model,THE GAMMA-GAMMA INTERACTION : A CRITICAL TEST OF THE STANDARD MODEL,"November 18, 2018 7:55 WSPC/INSTRUCTION FILE; Department of Physics, University of Auckland, 38 Princess Street Auckland, 1142, New Zealand p.yock@auckland.ac.nz; PACS numbers: 11.10.Jj, 12.38.Qk, 13.66.Lm",0810.5357,"November 18, 2018",s3://new-pwa-3/kb-data/output/The_Gamma-Gamma_Interaction__A_Critical_Test_of_the_Standard_Model/structured.json,
new-pwa-3,kb-data/output/The_Optimal_Beam-loading_in_Two-bunch_Nonlinear_Plasma_Wakefield_Accelerators,The Optimal Beam-loading,"Xiaoning Wang 1,2 , Jie Gao 1,2 , Qianqian Su 3 , Jia Wang 1,2 , Dazhang Li 1,2 ,; Ming Zeng 1,2 , Wei Lu 4 , Warren B. Mori 3 , Chan Joshi 3 , and Weiming An 5 ∗; 1 Institute of High Energy Physics, Chinese Academy of Sciences, Beijing 100049, China",,,s3://new-pwa-3/kb-data/output/The_Optimal_Beam-loading_in_Two-bunch_Nonlinear_Plasma_Wakefield_Accelerators/structured.json,
new-pwa-3,kb-data/output/The_ion_motion_in_self-modulated_plasma_wakefield_accelerators,The ion motion in self-modulated plasma wakefield accelerators,"November 14, 2018; J. Vieira 1 , ∗ R. A. Fonseca 1 , 2 , W.B. Mori 3 , and L. O. Silva 1 †; 1 GoLP/Instituto de Plasmas e Fus˜ ao Nuclear-Laborat´ orio Associado,",,"November 14, 2018",s3://new-pwa-3/kb-data/output/The_ion_motion_in_self-modulated_plasma_wakefield_accelerators/structured.json,
new-pwa-3,kb-data/output/Thermal_fluid_closures_and_pressure_anisotropies_in_numerical_simulations_of_plasma_wakefield_acceleration,THERMAL FLUID CLOSURES AND PRESSURE ANISOTROPIES IN NUMERICAL SIMULATIONS OF PLASMA WAKEFIELD ACCELERATION,"Daniele Simeoni 1 , ∗; Gianmarco Parise 3 , 4; 1 Department of Physics & INFN, Tor Vergata University of Rome, Via della Ricerca Scientifica 1, 00133, Rome, Italy 2 INFN, Section of Milan, via Celoria 16, 20133, Milan, Italy",2103.10843,,s3://new-pwa-3/kb-data/output/Thermal_fluid_closures_and_pressure_anisotropies_in_numerical_simulations_of_plasma_wakefield_acceleration/structured.json,
new-pwa-3,kb-data/output/Tolerances_to_driver-witness_misalignment_in_a_quasilinear_plasma_wakefield_accelerator,Tolerances to driver-witness misalignment in a quasilinear plasma wakefield accelerator,"Institut f¨ ur Theoretische Physik I, Heinrich Heine Universit¨ at D¨ usseldorf, 40225 Germany; Max-Planck-Institut f¨ ur Physik, 85748 Germany; Budker Institute of Nuclear Physics, 630090 Novosibirsk, Russia and Novosibirsk State University, 630090 Novosibirsk, Russia",2503.21669,,s3://new-pwa-3/kb-data/output/Tolerances_to_driver-witness_misalignment_in_a_quasilinear_plasma_wakefield_accelerator/structured.json,
new-pwa-3,kb-data/output/Towards_the_demonstration_of_photon-photon_collision_with_compact_lasers,Towards the demonstration of photon-photon collision with compact lasers,"L. Q. Han, 1 J. Cai, 2 Y. R. Shou, 3 X. D. Liu, 1 J. Q. Yu, 1, ∗ and X. Q. Yan 2, 4, 5, †; 1 Hunan Provincial Key Laboratory of High-Energy Scale Physics and Applications,; School of Physics and Electronics, Hunan University, Changsha, 410082, China",,,s3://new-pwa-3/kb-data/output/Towards_the_demonstration_of_photon-photon_collision_with_compact_lasers/structured.json,
new-pwa-3,kb-data/output/Transformer_ratio_growth_due_to_ion_motion_in_plasma_wakefield_accelerators,Transformer ratio growth due to ion motion in plasma wakefield accelerators,"Novosibirsk State University, Novosibirsk, 630090, Russia; V.A. Minakov and K.V. Lotov (Dated: November 22, 2023); First, let us show that convective motion of plasma electrons as a whole can result in increase of the wave",,"November 22, 2023",s3://new-pwa-3/kb-data/output/Transformer_ratio_growth_due_to_ion_motion_in_plasma_wakefield_accelerators/structured.json,
new-pwa-3,kb-data/output/Transverse_self-modulation_of_ultra-relativistic_lepton_beams_in_the_plasma_wakefield_accelerator,Transverse self-modulation of ultra-relativistic lepton beams in the plasma wakefield accelerator,"J. Vieira 1 , Y. Fang 2 , W.B. Mori 3 , L. O. Silva 1 and P. Muggli 2 , 4; Superior T´ ecnico (IST), Technical University of Lisbon, Lisboa, Portugal; 2 University of Southern California, Los Angeles, CA 90089, USA",,,s3://new-pwa-3/kb-data/output/Transverse_self-modulation_of_ultra-relativistic_lepton_beams_in_the_plasma_wakefield_accelerator/structured.json,
new-pwa-3,kb-data/output/Tunable_Electron_Multibunch_Production_in_Plasma_Wakefield_Accelerators,Tunable Electron Multibunch Production in Plasma Wakefield Accelerators,"B. Hidding 1 , 2 , 3 , O. Karger 2 , G. Wittig 2 , C. Aniculaesei 2 , D. Jaroszynski 1 , B.W.J. McNeil 1 ,; L.T. Campbell 2 , M.R. Islam 1 , B. Ersfeld 1 , Z.-M. Sheng 1 , Y. Xi, 3 , A. Deng 3 , J.B. 3 3 , 4 4 5 6 , 7 8; Rosenzweig , G. Andonian , A. Murokh , M.J. Hogan , D.L. Bruhwiler , E. Cormier",,"October 29, 2018",s3://new-pwa-3/kb-data/output/Tunable_Electron_Multibunch_Production_in_Plasma_Wakefield_Accelerators/structured.json,
new-pwa-3,kb-data/output/Tunable_and_precise_two-bunch_generation_at_FLASHForward,Tunable and precise two-bunch generation at FLASHForward,"S Schr¨ oder 1 , 2 , K Ludwig 1 , A Aschikhin 1 , 2 , R D'Arcy 1 , M Dinter 1 , P Gonzalez 1 , 2 , S Karstensen 1 , A Knetsch 1 , V Libov 1 , 2 , C A Lindstrøm 1 , F Marutzky 1 , P Niknejadi 1 , A Rahali 1 , L Schaper 1 , A Schleiermacher 1 , B Schmidt 1 , S Thiele 1 , A de Zubiaurre Wagner 1 , S Wesch 1 and J Osterhoff 1; 1 Deutsches-Elektronen Synchrotron (DESY), Notkestraße 85, 22607 Hamburg, Germany; 2 University of Hamburg, Luruper Chaussee 149, 22761 Hamburg, Germany",1308.1145,,s3://new-pwa-3/kb-data/output/Tunable_and_precise_two-bunch_generation_at_FLASHForward/structured.json,
new-pwa-3,kb-data/output/Tuning_the_electron_energy_by_controlling_the_density_perturbation_position_in_laser_plasma_accelerators,Tuning the electron energy by controlling the density perturbation position in laser plasma accelerators,"P. Brijesh, 1 C. Thaury, 1 K. Ta Phuoc, 1 S. Corde, 1 G. Lambert, 1 V. Malka, 1 S.P.D. Mangles, 2 M. Bloom, 2 and S. Kneip 2; 1) Laboratoire d'Optique Appliqu´ ee, ENSTA ParisTech - CNRS UMR7639 - Ecole Polytechnique, 91761 Palaiseau, France; 2) Blackett Laboratory, Imperial College, London SW7 2AZ, United Kingdom",,,s3://new-pwa-3/kb-data/output/Tuning_the_electron_energy_by_controlling_the_density_perturbation_position_in_laser_plasma_accelerators/structured.json,
new-pwa-3,kb-data/output/Two-Dimensional_Nonlinear_Regime_in_the_Plasma_Wakefield_Accelerator,TWO-DIMENSIONAL NONLINEAR REGIME IN THE PLASMA WAKEFIELD ACCELERATOR *,"A. G. Khachatryan # , S. S. Elbakian, Yerevan Physics Institute, Yerevan, Armenia; As  usual,  Eqs.  (1)  and  (2)  were  derived  taking  into account  that  the  curl  of  the  generalized  momentum  is zero, β 2 H -rot P =0, or in our case",,,s3://new-pwa-3/kb-data/output/Two-Dimensional_Nonlinear_Regime_in_the_Plasma_Wakefield_Accelerator/structured.json,
new-pwa-3,kb-data/output/Ultimate_plasma_wakefield_acceleration_with_400_GeV_proton_driver,Ultimate plasma wakefield acceleration with 400 GeV proton driver,"Budker Institute of Nuclear Physics SB RAS, Novosibirsk, Russia; Novosibirsk State University, Novosibirsk, Russia; (Dated: May 24, 2021)",,"May 24, 2021",s3://new-pwa-3/kb-data/output/Ultimate_plasma_wakefield_acceleration_with_400_GeV_proton_driver/structured.json,
new-pwa-3,kb-data/output/Ultra-High_Energy_Probes_of_Classicalization,Ultra-High Energy Probes of Classicalization,"Gia Dvali a,b,c,d 1 and Cesar Gomez a,e 2; Department f¨ ur Physik, Ludwig-Maximilians-Universit¨ at M¨ unchen; Theresienstr. 37, 80333 M¨ unchen, Germany b Max-Planck-Institut f¨ ur Physik F¨ ohringer Ring 6, 80805 M¨ unchen, Germany c CERN, Theory Department 1211 Geneva 23, Switzerland d Center for Cosmology and Particle Physics Department of Physics, New York University 4 Washington Place, New York, NY 10003, USA e Instituto de F´ ısica Te´ orica UAM-CSIC, C-XVI",1005.3497,,s3://new-pwa-3/kb-data/output/Ultra-High_Energy_Probes_of_Classicalization/structured.json,
new-pwa-3,kb-data/output/Ultra-high-gain_water-window_X-ray_laser_driven_by_plasma_photocathode_wakefield_acceleration,Ultra-high-gain water-window X-ray laser driven by plasma photocathode wakefield acceleration,"L. H. A. Berman 1 , 2 ∗ , D. Campbell 1 , 2 , E. Hartmann 3 , T. Heinemann 3 , T. Wilson 5 , B. Hidding 3 ∗ , 1 and A. F. Habib 1 , 2 ∗; 1 Department of Physics, Scottish Universities Physics Alliance, University of Strathclyde, Glasgow, UK.; 2 Cockcroft Institute, Sci-Tech Daresbury, UK.",2504.05558,"July 10, 2025",s3://new-pwa-3/kb-data/output/Ultra-high-gain_water-window_X-ray_laser_driven_by_plasma_photocathode_wakefield_acceleration/structured.json,
new-pwa-3,kb-data/output/Ultra_High_Energy_Cosmic_Ray_Puzzle_and_the_Plasma_Wakefield_Acceleration,Ultra High Energy Cosmic Ray Puzzle and the Plasma Wakefield Acceleration,"Feng-Yin Chang 1 , 2 , Pisin Chen 1 , 3 , 4 , Guey-Lin Lin 2 , 3 , Robert J. Noble 5 , Kevin Reil 1 , and Richard Sydora 6; 1 Kavli Institute for Particle Astrophysics and Cosmology, Stanford Linear Accelerator Center, Stanford University, Stanford, CA 94305, USA.; 2 Institute of Physics, National Chiao-Tung University, Hsinchu 300, Taiwan.",0708.1924,,s3://new-pwa-3/kb-data/output/Ultra_High_Energy_Cosmic_Ray_Puzzle_and_the_Plasma_Wakefield_Acceleration/structured.json,
new-pwa-3,kb-data/output/Updated_baseline_design_for_HALHF_the_hybrid_asymmetric_linear_Higgs_factory,INTRODUCTION,"A recently proposed plasma-based collider is HALHF (a hybrid, asymmetric, linear Higgs factory) [15], which builds on previous proposals-e.g., in that it uses electron beam drivers for high power-efficiency-but addresses a major unsolved problem: positron acceleration. Currently, it is not; UPDATED BASELINE DESIGN FOR HALHF: THE HYBRID, ASYMMETRIC, LINEAR HIGGS FACTORY; C. A. Lindstrøm ∗ , E. Adli, J. B. B. Chen, P. Drobniak, E. E. Hørlyk, D. Kalvik, K. N. Sjobak,",2504.05558,,s3://new-pwa-3/kb-data/output/Updated_baseline_design_for_HALHF_the_hybrid_asymmetric_linear_Higgs_factory/structured.json,
new-pwa-3,kb-data/output/Upgrade_of_the_fast_analogue_intra-pulse_phase_feedback_at_SPARC_LAB,UPGRADE OF THE FAST ANALOGUE INTRA-PULSE PHASE FEEDBACK AT SPARC_LAB,"L. Piersanti ∗ , M. Bellaveglia, A. Gallo, R. Magnanimi, S. Quaglia, M. Scampati, G. Scarselletta, B. Serenellini, S. Tocci; INFN - Laboratori Nazionali di Frascati, Via Enrico Fermi 54, 00044 Frascati (RM), Italy; SPARC_LAB facility [1] was born as an R&D activity to develop a high brightness e- photo-injector for SASE-FEL experiments. The installation of the machine at LNF began in fall 2004. The first tests on the RF gun and measurement of beam parameters started in 2006. From that moment on a relentless R&D program has been carried out performing many experiments, such as:",,,s3://new-pwa-3/kb-data/output/Upgrade_of_the_fast_analogue_intra-pulse_phase_feedback_at_SPARC_LAB/structured.json,
new-pwa-3,kb-data/output/VHEeP_A_very_high_energy_electron-proton_collider_based_on_proton-driven_plasma_wakefield_acceleration,VHEeP: A very high energy electron-proton collider based on proton-driven plasma wakefield acceleration,"Max Planck Institute for Physics, Munich, Germany; UCL, London, UK; Dallas, Texas",1506.06042,May 1 2015,s3://new-pwa-3/kb-data/output/VHEeP_A_very_high_energy_electron-proton_collider_based_on_proton-driven_plasma_wakefield_acceleration/structured.json,
new-pwa-3,kb-data/output/Wakefield-Induced_Ionization_injection_in_beam-driven_plasma_accelerators,Wakefield-Induced Ionization injection in beam-driven plasma accelerators,"A. Martinez de la Ossa, 1, 2 T. J. Mehrling, 1 L. Schaper, 1 M. J. V. Streeter, 1 and J. Osterhoff 1; 1) Deutsches Elektronen-Synchrotron DESY, D-22607 Hamburg, Germany; 2) Institut f¨ ur Experimentalphysik, Universit¨ at Hamburg, D-22761 Hamburg, Germany",,"March 24, 2022",s3://new-pwa-3/kb-data/output/Wakefield-Induced_Ionization_injection_in_beam-driven_plasma_accelerators/structured.json,
new-pwa-3,kb-data/output/Wakefield_Acceleration_in_a_Layered_Plasma_Waveguide,Wakefield Acceleration in a Layered Plasma Waveguide,"G. V. Sotnikov, 1 K. V. Galaydych, 1 and P. I. Markov 1; National Science Center Kharkiv Institute of Physics and Technology 1, Akademichna St., Kharkiv, 61108, Ukraine; To improve the transport of witness bunches, it was proposed to create a vacuum channel in the plasma [17],",2503.20214,,s3://new-pwa-3/kb-data/output/Wakefield_Acceleration_in_a_Layered_Plasma_Waveguide/structured.json,
new-pwa-3,kb-data/output/Wakefield_Generation_in_Hydrogen_and_Lithium_Plasmas_at_FACET-II_Diagnostics_and_First_Beam-Plasma_Interaction_Results,Wakefield Generation in Hydrogen and Lithium Plasmas at FACET-II: Diagnostics and First Beam-Plasma Interaction Results,"D. Storey, 1, ∗ C. Zhang, 2 P. San Miguel Claveria, 3 G. J. Cao, 4 E. Adli, 4 L. Alsberg, 1 R. Ariniello, 1 C. Clarke, S. Corde, 3 T. N. Dalichaouch, 2 C. E. Doss, 5 H. Ekerfelt, 1 C. Emma, 1 E. Gerstmayr, 1, 6 S. Gessner, 1 M. Gilljohann, 3 C. Hast, 1 A. Knetsch, 1, 3 V. Lee, 5 M. Litos, 5 R. Loney, 1 K. A. Marsh, 2 A. Matheron, 3 W. B. Mori, 2 Z. Nie, 2 B. O'Shea, 1 M. Parker, 1 G. White, 1 G. Yocky, 1 V. Zakharova, 3 M. J. Hogan, 1 and C. Joshi 2; 1 SLAC National Accelerator Laboratory, Menlo Park, CA 94025; 2 University of California Los Angeles, Los Angeles, CA 90095",1306.6328,"October 11, 2023",s3://new-pwa-3/kb-data/output/Wakefield_Generation_in_Hydrogen_and_Lithium_Plasmas_at_FACET-II_Diagnostics_and_First_Beam-Plasma_Interaction_Results/structured.json,
new-pwa-3,kb-data/output/Wavelength_scaling_and_multi-color_operation_of_a_plasma_driven_attosecond_X-ray_source_via_harmonic_generation,Wavelength scaling and multi-color operation of a plasma driven attosecond X-ray source via harmonic generation,"Rafi Hessami, 1 Jenny Morgan, 1 River Robles, 1 Kirk A. Larsen, 1, 2 Agostino Marinelli, 1 and Claudio Emma 1; (Dated: January 17, 2024); Harmonic up-conversion for FEL lasing has been demonstrated in Ref. [14] using an external laser seed. Additional harmonic seeding methods include variations of High-Gain Harmonic Generation (HGHG) (EEHG) [15, 16], and Echo-Enabled Harmonic Generation [1720]. Experiments with EEHG have shown that pulses at 5.9 nm with a FWHM between 130 and 175 fs can be generated using this technique [20]. In this paper, we show that combining a plasma-driven attosecond X-ray",,"January 17, 2024",s3://new-pwa-3/kb-data/output/Wavelength_scaling_and_multi-color_operation_of_a_plasma_driven_attosecond_X-ray_source_via_harmonic_generation/structured.json,
new-pwa-3,kb-data/output/White_Paper_AWAKE_Plasma_Wakefield_Acceleration_of_Electron_Bunches_for_Near_and_Long_Term_Particle_Physics_Applications,"White Paper: AWAKE, Plasma Wakefield Acceleration of Electron Bunches for Near and Long Term Particle Physics Applications","White Paper: AWAKE, Plasma Wakefield Acceleration of Electron Bunches for Near and Long Term Particle Physics Applications; P. Muggli 1, ∗; Max Planck Institute for Physics, Munich, Germany",2018.0185,"March 21, 2022",s3://new-pwa-3/kb-data/output/White_Paper_AWAKE_Plasma_Wakefield_Acceleration_of_Electron_Bunches_for_Near_and_Long_Term_Particle_Physics_Applications/structured.json,
new-pwa-3,kb-data/output/Witness_electron_beam_injection_using_an_active_plasma_lens_for_a_proton_beam-driven_plasma_wakefield_accelerator,Witness electron beam injection using an active plasma lens for a proton beam-driven plasma wakefield accelerator,"PHYSICAL REVIEW ACCELERATORS AND BEAMS 24, 121304 (2021); S.-Y. Kim , K. Moon, and M. Chung *; Department of Physics, Ulsan National Institute of Science and Technology, Ulsan 44919, Republic of Korea",2012.10680,,s3://new-pwa-3/kb-data/output/Witness_electron_beam_injection_using_an_active_plasma_lens_for_a_proton_beam-driven_plasma_wakefield_accelerator/structured.json,
new-pwa-3,kb-data/output/Witness_emittance_growth_caused_by_driver_density_fluctuations_in_plasma_wakefield_accelerators,Witness emittance growth caused by driver density fluctuations in plasma wakefield accelerators,"V.A.Minakov, 1, 2 M.Tacu, 3 A.P.Sosedkin, 1, 2 and K.V.Lotov 1, 2; 1) Budker Institute of Nuclear Physics SB RAS, 630090, Novosibirsk, Russia; 2) Novosibirsk State University, 630090, Novosibirsk, Russia",,,s3://new-pwa-3/kb-data/output/Witness_emittance_growth_caused_by_driver_density_fluctuations_in_plasma_wakefield_accelerators/structured.json,
new-pwa-3,kb-data/output/mathrmemathrme-_Beam-beam_Parameter_Study_for_a_TeV-scale_PWFA_Linear_Collider,e + e -BEAM-BEAM PARAMETER STUDY FOR A TeV-SCALE PWFA LINEAR COLLIDER,"J. B. B. Chen 1 , D. Schulte, CERN, Geneva, Switzerland; E. Adli, University of Oslo, Oslo, Norway; 1 also at University of Oslo, Oslo, Norway particles will therefore collide with a less than nominal energy, and form a luminosity spectrum.",1901.06150,,s3://new-pwa-3/kb-data/output/mathrmemathrme-_Beam-beam_Parameter_Study_for_a_TeV-scale_PWFA_Linear_Collider/structured.json,
new-swa-1,kb-data/output/100s_TeVm-Level_Particle_Accelerators_Driven_by_High-density_Electron_Beams_in_Micro_Structured_Carbon_Nanotube_Forest_Channel,100s TeV/m-Level Particle Accelerators Driven by High-density Electron Beams in Micro Structured Carbon Nanotube Forest Channel,"Bifeng Lei, 1, 2, ∗ Hao Zhang, 1, 2 Cristian Bont ¸oiu, 1, 2 Alexandre Bonatto, 3; Javier Resta-L´ opez, 4 Guoxing Xia, 5, 2 Bin Qiao, 6 and Carsten Welsch 1, 2; 1 Department of Physics, The University of Liverpool, Liverpool, L69 3BX, United Kingdom",,"July 30, 2025",s3://new-swa-1/kb-data/output/100s_TeVm-Level_Particle_Accelerators_Driven_by_High-density_Electron_Beams_in_Micro_Structured_Carbon_Nanotube_Forest_Channel/structured.json,
new-swa-1,kb-data/output/2-D_fluid_simulation_of_a_rigid_relativistic_electron_beam_driven_wakefield_in_a_cold_plasma,2-D fluid simulation of a rigid relativistic electron beam driven wakefield in a cold plasma,"Ratan Kumar Bera, Amita Das and Sudip Sengupta; Institute for Plasma Research, HBNI Bhat , Gandhinagar - 382428, India; (Dated: May 25, 2022)",1221.2132,"May 25, 2022",s3://new-swa-1/kb-data/output/2-D_fluid_simulation_of_a_rigid_relativistic_electron_beam_driven_wakefield_in_a_cold_plasma/structured.json,
new-swa-1,kb-data/output/3D_PIC_simulation_and_theoretical_modeling_of_RF_Laser_pulse_in_magnetized_plasma_for_the_generation_of_multidimensional_relativistic_Wakefields,3D PIC simulation and theoretical modeling of RF-laser pulse in magnetized plasma for the generation of multidimensional relativistic Wakefields,"A. A. Molavi Choobini 1 and M. Shahmansouri 1*; 1 Department of Atomic and Molecular Physics, Faculty of Physics, Alzahra University, Tehran, Iran.; PACS: 52.38.Kd, 41.60.Cr, 52.65.Rr.",,,s3://new-swa-1/kb-data/output/3D_PIC_simulation_and_theoretical_modeling_of_RF_Laser_pulse_in_magnetized_plasma_for_the_generation_of_multidimensional_relativistic_Wakefields/structured.json,
new-swa-1,kb-data/output/A_fast_tracking_code_for_evaluating_collective_effects_in_linear_accelerators,A fast tracking code for evaluating collective effects in linear accelerators,"F. Bosco, 1, 2, 3, ∗ O. Camacho, 3 M. Carillo, 1, 2 E. Chiadroni, 4, 1 L. Faillace, 4, 1; A. Fukasawa, 3 A. Giribono, 4 L. Giuliano, 1, 2 N. Majernik, 3 A. Mostacci, 1, 2 L. Palumbo, 1, 2 J.B. Rosenzweig, 3, 1 B. Spataro, 4 C. Vaccarezza, 4 and M. Migliorati 1, 2; 1 Sapienza University, Dept. of Basic and Applied Sciences for Engineering, via A. Scarpa 14, 00161 Roma, Italy 2",1811.09925,,s3://new-swa-1/kb-data/output/A_fast_tracking_code_for_evaluating_collective_effects_in_linear_accelerators/structured.json,
new-swa-1,kb-data/output/Advanced_RF_Structures_for_Wakefield_Acceleration_and_High-Gradient_Research,Advanced RF Structures for Wakefield Acceleration and High-Gradient Research,"Snowmass Accelerator Frontier White Paper Topical Group 7: Accelerator Technology R&D (Dated: March 23, 2022)",1202.5940,"March 23, 2022",s3://new-swa-1/kb-data/output/Advanced_RF_Structures_for_Wakefield_Acceleration_and_High-Gradient_Research/structured.json,
new-swa-1,kb-data/output/An_Investigation_of_Optimised_Frequency_Distributions_for_Damping_Wakefields_in_X-Band_Linacs_for_the_NLC,AN INVESTIGATION OF OPTIMISED FREQUENCY DISTRIBUTIONS FOR DAMPING WAKEFIELDS IN X-BAND LINACS FOR THE NLC,"R.M. Jones , SLAC; N.M. Kroll , UCSD & SLAC; R.H. Miller , T.O. Raubenheimer 1 and G.V. Stupakov 1 ; SLAC; In all of our previous accelerating structures [2], the cell dimensions have been designed such that they follow an Erf  function  profile  and  the  uncoupled  cells  have  a Gaussian Kdn/df, kick-factor weighed density function, 0.01 W ' H s L",,,s3://new-swa-1/kb-data/output/An_Investigation_of_Optimised_Frequency_Distributions_for_Damping_Wakefields_in_X-Band_Linacs_for_the_NLC/structured.json,
new-swa-1,kb-data/output/An_alternate_design_for_CLIC_main_linac_wakefield_suppression,AN ALTERNATE DESIGN FOR CLIC MAIN LINAC WAKEFIELD SUPPRESSION,"V. F. Khan and R.M. Jones; Cockcroft Institute, Daresbury, WA4 4AD, UK; University of Manchester, Manchester, M13 9PL, UK.; Beam dynamics constraints [4],[5]: Beam dynamics constraints are determined by considering emittance growth due to short and long range transverse wakefields:; N - bunch population is decided by the structure parameters  <a>/ λ , ∆ a/<a>,  this  is  because  the short  range wake is inversely proportional to the fourth  power  of  the  average  iris  radius  [6].  Here <a> is an average of the iris radii of the end cells, ∆ a is half the difference of the iris radii of the end cells and λ is the accelerating wavelength.",,,s3://new-swa-1/kb-data/output/An_alternate_design_for_CLIC_main_linac_wakefield_suppression/structured.json,
new-swa-1,kb-data/output/Analytic_Formula_for_Weak_Multi-Bunch_Beam_Break-Up_in_a_Linac,Analytical Formula for Weak Multi-Bunch Beam Break-Up in a Linac ∗,"Stanford Linear Accelerator Center, Stanford University, Stanford, CA 94309",,,s3://new-swa-1/kb-data/output/Analytic_Formula_for_Weak_Multi-Bunch_Beam_Break-Up_in_a_Linac/structured.json,
new-swa-1,kb-data/output/Analytical_Formulae_for_the_Loss_Factors_and_Wakefields_of_a_Rectangular_Accelerating_Structure,Analytical Formulae for the Loss Factors and Wakefields of a Rectangular Accelerating Structure,"J. Gao, Z.C. Liu Institute of High Energy Physics (IHEP), Beijing 100049, China",,,s3://new-swa-1/kb-data/output/Analytical_Formulae_for_the_Loss_Factors_and_Wakefields_of_a_Rectangular_Accelerating_Structure/structured.json,
new-swa-1,kb-data/output/Analytical_and_Numerical_Studies_of_Dark_Current_in_Radiofrequency_Structures_for_Short-Pulse_High-Gradient_Acceleration,Analytical and Numerical Studies of Dark Current in Radiofrequency Structures for Short-Pulse High-Gradient Acceleration,"Gaurab Rijal, Michael Shapiro, and Xueying Lu ∗; Northern Illinois University, DeKalb, Illinois 60115, USA; ∗ xylu@niu.edu; also at Argonne National Laboratory, Lemont, Illinois 60439, USA",2203.08374,,s3://new-swa-1/kb-data/output/Analytical_and_Numerical_Studies_of_Dark_Current_in_Radiofrequency_Structures_for_Short-Pulse_High-Gradient_Acceleration/structured.json,
new-swa-1,kb-data/output/Analytical_energy_spectra_and_wake_effects_for_relativistic_dielectric_laser_accelerators,Analytical energy spectra and wake effects for relativistic dielectric laser accelerators,"ur Teilchenbeschleunigung und Elektromagnetische Felder (TEMF), at Darmstadt, Schlossgartenstrasse 8, D-64289 Darmstadt, Germany",1911.03337,,s3://new-swa-1/kb-data/output/Analytical_energy_spectra_and_wake_effects_for_relativistic_dielectric_laser_accelerators/structured.json,
new-swa-1,kb-data/output/Analytical_treatment_of_the_wakefields_driven_by_transversely_shaped_beams_in_a_planar_slow-wave_structure,Analytical treatment of the wakefields driven by transversely shaped beams in a planar slow-wave structure,"The University of Chicago, PSD Enrico Fermi Institute, 5640 S Ellis Ave, Chicago, IL 60637, USA; Department of Physics and Astronomy, University of California, Los Angeles, California 90095-1547, USA and RadiaBeam Technologies, Santa Monica, California 90404, USA; Department of Physics and Astronomy, University of California, Los Angeles, California 90095-1547, USA",,"November 21, 2018",s3://new-swa-1/kb-data/output/Analytical_treatment_of_the_wakefields_driven_by_transversely_shaped_beams_in_a_planar_slow-wave_structure/structured.json,
new-swa-1,kb-data/output/Astrophysical_Evidence_of_Wakefield_Acceleration_in_Galactic_and_Extragalactic_Jets_via_Gamma_Rays_and_UHECRs,Astrophysical Evidence of Wakefield Acceleration in Galactic and Extragalactic Jets via Gamma Rays and UHECRs,"Draft version September 28, 2020; Gregory B. Huxtable, 1 Noor Eltawil, 1 Wei-Xiang Feng, 2 Wenhao Wang, 1 Gabriel Player, 1 Toshiki Tajima, 1 and Toshikazu Ebisuzaki 3; 1 UC Irvine, Physics and Astronomy 2 UC Riverside, Physics and Astronomy 3 Computational Astrophysics Laboratory, RIKEN",2966.2010,"September 28, 2020",s3://new-swa-1/kb-data/output/Astrophysical_Evidence_of_Wakefield_Acceleration_in_Galactic_and_Extragalactic_Jets_via_Gamma_Rays_and_UHECRs/structured.json,
new-swa-1,kb-data/output/Bubble_regime_of_plasma_wakefield_in_2D_and_3D_geometries,Bubble regime of plasma wakefield in 2D and 3D geometries,"A. A. Golovanov 1 and I. Yu. Kostyukov 1; Institute of Applied Physics RAS, 603950 Nizhny Novgorod, Russia",1704.02913,,s3://new-swa-1/kb-data/output/Bubble_regime_of_plasma_wakefield_in_2D_and_3D_geometries/structured.json,
new-swa-1,kb-data/output/Bunch-excited_wakefield_in_dielectric_waveguide_with_hollow_plasma_channel,Bunch-excited wakefield in dielectric waveguide with hollow plasma channel,"K.V. Galaydych ∗ , P.I. Markov, G.V. Sotnikov; National Science Center Kharkiv Institute of Physics and Technology 1, Akademichna St., Kharkiv, 61108, Ukraine",1901.10370,,s3://new-swa-1/kb-data/output/Bunch-excited_wakefield_in_dielectric_waveguide_with_hollow_plasma_channel/structured.json,
new-swa-1,kb-data/output/Coherent_control_of_plasma_dynamics,Coherent control of plasma dynamics,"Z.-H. He 1 , B. Hou 1 , V. Lebailly 2 , J. A. Nees 1 , K. Krushelnick 1 , A. G. R. Thomas 1; 1 Center for Ultrafast Optical Science, University of Michigan, Ann Arbor, MI 48109-2099 USA; 2 Polytech Paris-Sud - Universit´ e Paris-Sud, 91405 Orsay, France",1402.3052,,s3://new-swa-1/kb-data/output/Coherent_control_of_plasma_dynamics/structured.json,
new-swa-1,kb-data/output/Comparisons_Of_Equivalent_Circuit_Predictions_With_Measurements_For_Short_Stacks_Of_Rdds1_Discs_And_Their_Potential_Application_To_Improved_Wakefield_Prediction,"COMPARISONS OF EQUIVALENT CIRCUIT PREDICTIONS WITH MEASUREMENTS FOR SHORT STACKS OF RDDS1 DISCS, AND THEIR POTENTIAL APPLICATION TO IMPROVED WAKEFIELD PREDICTION","COMPARISONS OF EQUIVALENT CIRCUIT PREDICTIONS WITH MEASUREMENTS FOR SHORT STACKS OF RDDS1 DISCS, AND THEIR POTENTIAL APPLICATION TO IMPROVED WAKEFIELD PREDICTION; R.M. Jones 1 , SLAC; T. Higo, Y. Higashi, N. Toge, KEK; N.M. Kroll 2 , SLAC & UCSD; R.J. Loewen 1 , R.H. Miller 1 , and J.W. Wang 1 ; SLAC; The single disc measurements provide frequencies  for  the  zero  and p modes  of  the  lowest monopole band, the p mode of the first dipole band, and the zero mode of the second dipole band.  The primary",,,s3://new-swa-1/kb-data/output/Comparisons_Of_Equivalent_Circuit_Predictions_With_Measurements_For_Short_Stacks_Of_Rdds1_Discs_And_Their_Potential_Application_To_Improved_Wakefield_Prediction/structured.json,
new-swa-1,kb-data/output/Continuous_and_Coordinated_Efforts_of_Structure_Wakefield_Acceleration_SWFA_Development_for_an_Energy_Frontier_Machine,Continuous and Coordinated Efforts of Structure Wakefield Acceleration (SWFA) Development for an Energy Frontier Machine,"Chunguang Jing, i,ii John Power, i Jiahang Shao, i Gwanghui Ha, i Philippe Piot, i,iii , Xueying Lu, i,iii Alexander Zholents, i Alexei Kanareykin, ii Sergey Kuzikov, ii James B. Rosenzweig iv , Gerard Andonian  iv , Evgenya Ivanovna Simakov, v Janardan Upadhyay, v , Chuanxiang Tang, vi Richard J Temkin vii , Emilio Alessandro Nanni viii , John Lewellen, viii; i Argonne National Laboratory, Lemont, IL.; ii Euclid Techlabs, LLC, Bolingbrook, IL",1308.1145,,s3://new-swa-1/kb-data/output/Continuous_and_Coordinated_Efforts_of_Structure_Wakefield_Acceleration_SWFA_Development_for_an_Energy_Frontier_Machine/structured.json,
new-swa-1,kb-data/output/Control_of_autoresonant_plasma_beat-wave_wakefield_excitation,Control of autoresonant plasma beat-wave wakefield excitation,"M. Luo 1 , C. Riconda 2 , I. Pusztai 1 , A. Grassi 2 , J. S. Wurtele 3 , T. F¨ ul¨ op 1; 1 Department of Physics, Chalmers University of Technology, G¨ oteborg, SE-41296, Sweden; 2 LULI, Sorbonne Universit´ e, CNRS, ´ Ecole Polytechnique, CEA, 75252 Paris, France and",2020.0111,,s3://new-swa-1/kb-data/output/Control_of_autoresonant_plasma_beat-wave_wakefield_excitation/structured.json,
new-swa-1,kb-data/output/Controllable_high-quality_electron_beam_generation_by_phase_slippage_effect_in_layered_targets,Controllable high-quality electron beam generation by phase slippage effect in layered targets,"Q. Yu 1 , Y. J. Gu 1,2 , X. F. Li 1 , S. Huang 1 , F. Zhang 1 , Q. Kong 1 *, Y. Y. Ma 3 , and S.; 1 Applied Ion Beam Physics Laboratory, Key Laboratory of the Ministry of Education, Institute of Modern Physics, Fudan University, Shanghai 200433, People's Republic of China 2 Institute of Physics of the ASCR, ELI-Beamlines project, Na Slovance 2, 18221 Prague, Czech Republic; 3College of Science, National University of Defense Technology, Changsha 410073, China 4 Department of Advanced Interdisciplinary Sciences, Utsunomiya University, Yohtoh 7-1-2, Utsunomiya 321-8585, Japan",,,s3://new-swa-1/kb-data/output/Controllable_high-quality_electron_beam_generation_by_phase_slippage_effect_in_layered_targets/structured.json,
new-swa-1,kb-data/output/Crab_cavities_for_linear_colliders,CRAB CAVITIES FOR LINEAR COLLIDERS,"G. Burt, P. Ambattu, R. Carter, A. Dexter, I. Tahir, Cockcroft Institute, Lancaster University, Lancaster, UK, LA1 4YR; C. Beard, M. Dykes, P. Goudket, A. Kalinin, L. Ma, P. McIntosh, ASTeC, Daresbury Laboratory, Warrington, Cheshire, WA4 4AD, UK; D. Shulte, CERN, Geneva, Switzerland",,,s3://new-swa-1/kb-data/output/Crab_cavities_for_linear_colliders/structured.json,
new-swa-1,kb-data/output/Crunch-in_regime_-_Non-linearly_driven_hollow-channel_plasma,Crunch-in regime - Non-linearly driven hollow-channel plasma,"Aakash A. Sahai ∗ ,; John Adams Institute for Accelerator Science, Physics Department, Blackett Laboratory, Imperial College London, SW7 2AZ, UK; May 23, 2022",1504.03735,"May 23, 2022",s3://new-swa-1/kb-data/output/Crunch-in_regime_-_Non-linearly_driven_hollow-channel_plasma/structured.json,
new-swa-1,kb-data/output/Design_fabrication_and_measurement_of_the_first_rounded_damped_detuned_accelerator_structure_RDDS1,"DESIGN, FABRICATION AND MEASUREMENT OF THE FIRST ROUNDED DAMPED DETUNED ACCELERATOR STRUCTURE (RDDS1)*","DESIGN, FABRICATION AND MEASUREMENT OF THE FIRST ROUNDED DAMPED DETUNED ACCELERATOR STRUCTURE (RDDS1)*; J.W. Wang, C. Adolphsen, G.B. Bowden, D.L. Burke, J. Cornuelle, V.A. Dolgashev, R.H. Miller, C.K. Ng, C. Pearson, T.O. Raubenhemer, R. Reed, M. Ross,; W.B. Fowkes, R.K. Jobe, R.M. Jones, K. Ko, N. Kroll, Z.Li, R.J. Loewen, D. McCormick, R.D. Ruth, T. Smith, G. Stupakov, SLAC, Stanford, CA, USA",,,s3://new-swa-1/kb-data/output/Design_fabrication_and_measurement_of_the_first_rounded_damped_detuned_accelerator_structure_RDDS1/structured.json,
new-swa-1,kb-data/output/Detecting_Hollow_Electron_Beams_via_Smith-Purcell_Radiation_from_a_Metasurface,Detecting Hollow Electron Beams via Smith-Purcell Radiation from a Metasurface,"Daria Yu. Sergeeva a , Dmitry V. Karlovets b , and Alexey A. Tishchenko a,c,*; a National Research Nuclear University 'MEPhI', Kashirskoe sh. 31, Moscow, 115409, Russia b School of Physics and Engineering, ITMO University, 197101 St. Petersburg, Russia c Belgorod National Research University, Pobedy St. 85, Belgorod, 30801, Russia; Introduction.  Hollow electron beams are beams that  are  hollow  inside,  so  they  have  a  rectangular cross-sectional  profile.  They  are  significantly  more stable [1, 2] than conventional solid electron beams in respect with the space charge effect due to the Coulomb repulsion between electrons.",2405.01034,,s3://new-swa-1/kb-data/output/Detecting_Hollow_Electron_Beams_via_Smith-Purcell_Radiation_from_a_Metasurface/structured.json,
new-swa-1,kb-data/output/Development_and_high-power_testing_of_an_X-band_dielectric-loaded_power_extractor,Development and high-power testing of an X-band dielectric-loaded power extractor,"Jiahang Shao, 1, ∗ Chunguang Jing, 1, 2 Eric Wisniewski, 1 Gwanghui Ha,; Manoel Conde, Wanming Liu, John Power, and Lianmin Zheng; 1 1 1 1 1, †",,"November 9, 2021",s3://new-swa-1/kb-data/output/Development_and_high-power_testing_of_an_X-band_dielectric-loaded_power_extractor/structured.json,
new-swa-1,kb-data/output/Dipole_Wakefield_Suppression_In_High_Phase_Advance_Detuned_Linear_Accelerators_For_The_JLCNLC_Designed_To_Minimise_Electrical_Breakdown_And_Cumulative_BBU,DIPOLE WAKEFIELD SUPPRESSION IN HIGH PHASE ADVANCE DETUNED LINEAR ACCELERATORS FOR THE JLC/NLC DESIGNED TO MINIMISE ELECTRICAL BREAKDOWN AND CUMULATIVE BBU*,"R.M. Jones*, SLAC; N.M. Kroll, UCSD & SLAC; T. Higo, KEK, Z. Li, R.H. Miller,; T.O. Raubenheimer, and J.W. Wang, Stanford Linear Accelerator Center, Stanford, CA  94309; Paper presented at the 2001 Particle Accelerator Conference Chicago, USA June 18 th -June 22 nd , 2001",,,s3://new-swa-1/kb-data/output/Dipole_Wakefield_Suppression_In_High_Phase_Advance_Detuned_Linear_Accelerators_For_The_JLCNLC_Designed_To_Minimise_Electrical_Breakdown_And_Cumulative_BBU/structured.json,
new-swa-1,kb-data/output/Dust_charging_in_dynamic_ion_wakes,Abstract,"Dust charging in dynamic ion wakes Lorin Swint Matthews, Dustin L. Sanford, Evdokiya Kostadinova, Khandaker Sharmin Ashrafi, Evelyn Guay, Truell W. Hyde; Center for Astrophysics, Space Physics, and Engineering Research, Baylor University One Bear Place 97316, Waco, Texas 76798-7316",,,s3://new-swa-1/kb-data/output/Dust_charging_in_dynamic_ion_wakes/structured.json,
new-swa-1,kb-data/output/Effects_of_realistic_laser_intensity_and_phase_distribution_on_high-charge_laser_wakefield_acceleration,Effects of realistic laser intensity and phase distribution on high-charge laser wakefield acceleration,"Yuhui Xia, 1 Zhenan Wang, 1 Ziyao Tang, 1 Jianghao Hu, 1 Qianyi Ma, 1 Yuekai Chen, 1 Letian; Liu, 1 Zhiyan Yang, 1 Hui Zhang, 1 Chenxu Wang, 1 Haoyang Lan, 1, 2 Di Wu, 1, 2 Xiuhong Yang, 1, 2 Yixing Geng, 1, 2 Yanying Zhao, 1, 2, ∗ Xueqin Yan, 1, 2, 3 and Xinlu Xu 1, 2, †; 1 State Key Laboratory of Nuclear Physics and Technology, and Key Laboratory of HEDP of the Ministry of Education,",2402.15187,"February 26, 2026",s3://new-swa-1/kb-data/output/Effects_of_realistic_laser_intensity_and_phase_distribution_on_high-charge_laser_wakefield_acceleration/structured.json,
new-swa-1,kb-data/output/Electron_Acceleration_in_Carbon_Nanotubes,Numerical study of electron acceleration in structured CNT targets via self-injection in a wakefield bubble driven by an 800 nm laser,"Cristian Bont ¸oiu 1,* , Alexandre Bonatto 2,* , ¨ Oznur Apsimon 3,4 , Laura Bandiera 5 , Gianluca Cavoto 6,7 , Illya Drebot 8 , Giancarlo Gatti 9 , Jorge Giner-Navarro 10 , Bifeng Lei 1,4 , Pablo Mart´ ın-Luna 11 , Ilaria Rago 6,7 , Juan Rodr´ ıguez P´ erez 10 , Bruno Silveira Nunes 12 , Alexei Sytov 5 , Constantinos Valagiannopoulos 13 , Carsten P. Welsch 1,4 , Guoxing Xia 3,4 , Jiaqi Zhang 3,4 , and Javier Resta-L´ opez 10,14,*; 1 Department of Physics, University of Liverpool, Oxford Street, Liverpool L69 7ZE, UK; 2 Graduate Program in Information Technology and Healthcare Management, and the Beam Physics Group, Federal",2018.0392,,s3://new-swa-1/kb-data/output/Electron_Acceleration_in_Carbon_Nanotubes/structured.json,
new-swa-1,kb-data/output/Emittance_preservation_of_an_electron_beam_in_a_loaded_quasi-linear_plasma_wakefield,Emittance preservation of an electron beam in a loaded quasi-linear plasma wakefield,"Veronica K. Berglyd Olsen ∗ and Erik University of Oslo, Oslo, Norway; Max Planck Institute for Physics, Munich, Germany and; CERN, Geneva, Switzerland",,"March 25, 2022",s3://new-swa-1/kb-data/output/Emittance_preservation_of_an_electron_beam_in_a_loaded_quasi-linear_plasma_wakefield/structured.json,
new-swa-1,kb-data/output/Empirical_scaling_laws_for_self-focused_laser_pulses_in_nitrogen_plasmas,Empirical scaling laws for self-focused laser pulses in nitrogen plasmas,"L. Martelli 1 , 2 , I. A. Andriyash 1 , J. Wheeler 1 , H. Kraft 2; X. Q. Dinh and C. Thaury; 1 Laboratoire d'Optique Appliqu´ ee, ENSTA Paris, CNRS, ´",2410.05086,,s3://new-swa-1/kb-data/output/Empirical_scaling_laws_for_self-focused_laser_pulses_in_nitrogen_plasmas/structured.json,
new-swa-1,kb-data/output/Evolution_of_ultra-relativistic_hollow-electron-beam_wakefield_drivers_during_their_propagation_in_plasmas,Evolution of ultra-relativistic hollow-electron-beam wakefield drivers during their propagation in plasmas,"Zentrum f¨ ur Astronomie und Astrophysik, Technische Universit¨ at Berlin, Hardenbergstr. 36, D-10623, Berlin, Germany a); a) Max Planck Institute for Solar System Research, Justus-von-Liebig-Weg 3, 37077, G¨ ottingen, Germany",,,s3://new-swa-1/kb-data/output/Evolution_of_ultra-relativistic_hollow-electron-beam_wakefield_drivers_during_their_propagation_in_plasmas/structured.json,
new-swa-1,kb-data/output/Experimental_characterization_of_electron_beam_driven_wakefield_modes_in_a_dielectric_woodpile_Cartesian_symmetric_structure,Abstract,,,"August 2, 2017",s3://new-swa-1/kb-data/output/Experimental_characterization_of_electron_beam_driven_wakefield_modes_in_a_dielectric_woodpile_Cartesian_symmetric_structure/structured.json,
new-swa-1,kb-data/output/Experimental_demonstration_of_longitudinal_beam_phase_space_linearizer_in_a_free-electron_laser_facility_by_corrugated_structures,Experimental demonstration of longitudinal beam phase space linearizer in a free-electron laser facility by corrugated structures,"Haixiao Deng, 1 Meng Zhang, 1 Chao Feng, 1 Tong Zhang, 1 Xingtao Wang, 1 Taihe Lan, 1 Lie Feng, 1 Wenyan Zhang, 1 Xiaoqing Liu, 1 Haifeng Yao, 1 Lei Shen, 1 Bin Li, 1 Junqiang Zhang, 1 Xuan Li, 1 Wencheng Fang, 1 Dan Wang, 2 Marie-emmanuelle Couprie, 3 Guoqiang Lin, 1 Bo Liu, 1 Qiang Gu, 1 Dong Wang, 1 and Zhentang Zhao 1; 1 Shanghai Institute of Applied Physics, Chinese Academy of Sciences, Shanghai, 201800, P . R. China 2 Department of Engineering Physics, Tsinghua University, Beijing 100084, P. R. China 3 Synchrotron SOLEIL, L' Orme des Merisiers, Saint-Aubin, BP 48, 91 192 Gif-sur-Yvette, France",,,s3://new-swa-1/kb-data/output/Experimental_demonstration_of_longitudinal_beam_phase_space_linearizer_in_a_free-electron_laser_facility_by_corrugated_structures/structured.json,
new-swa-1,kb-data/output/Experimental_demonstration_of_wakefield_effects_in_a_THz_planar_diamond_accelerating_structure,Experimental demonstration of wakefield effects in a THz planar diamond accelerating structure,"S. Antipov 1,2 , C. Jing 1,2 , A. Kanareykin 1 , J.E. Butler 1 , V. Yakimenko 3 , M. Fedurin 3 , K. Kusche 3 , W. Gai 2; 1 Euclid	Techlabs	LLC 2 Argonne	Wakefield	Accelerator	Facility,	Argonne	National	Laboratory 3 Accelerator	Test	Facility,	Brookhaven	National	Laboratory",,,s3://new-swa-1/kb-data/output/Experimental_demonstration_of_wakefield_effects_in_a_THz_planar_diamond_accelerating_structure/structured.json,
new-swa-1,kb-data/output/Exploring_ultra-high-intensity_wakefields_in_carbon_nanotube_arrays_an_effective_plasma-density_approach,Exploring ultra-high-intensity wakefields in carbon nanotube arrays: an effective plasma-density approach,"Graduate Program in Information Technology and Healthcare Management, and the Beam Physics Group, Federal University of Health Sciences of Porto Alegre, Porto Alegre, RS, 90050-170, Brazil; G. Xia and O. Apsimon; Department of Physics and Astronomy, The University of Manchester, Manchester, M13 9PL, United Kingdom and The Cockcroft Institute, Sci-Tech Daresbury, Warrington, WA4 4AD, United Kingdom",2203.11623,"March 10, 2023",s3://new-swa-1/kb-data/output/Exploring_ultra-high-intensity_wakefields_in_carbon_nanotube_arrays_an_effective_plasma-density_approach/structured.json,
new-swa-1,kb-data/output/FLASHForward_Plasma-wakefield_accelerator_science_for_high-average-power_applications,rsta.royalsocietypublishing.org,"plasma wakefield acceleration, electrons, high average power; D'Arcy 1 , A. Aschikhin 1 , 2 , S. Bohlen 1 , 2 ,; Boyle 1 , T. Brümmer 1 , J. Chappell 3 ,",,,s3://new-swa-1/kb-data/output/FLASHForward_Plasma-wakefield_accelerator_science_for_high-average-power_applications/structured.json,
new-swa-1,kb-data/output/Femtosecond_probing_of_light-speed_plasma_wakefields_by_using_a_relativistic_electron_bunch,Femtosecond probing of light-speed plasma wakefields by using a relativistic electron bunch,"C.J. Zhang 1 , 2 , 7 , J.F. Hua 1 , Y. Wan 1 , B. Guo 1 , Y.P. Wu 1 , C.-H. Pai 1 , F. Li 1 , H.-H. Chu 3 , Y.Q. Gu 2 , X.L. Xu 4 , W.B. Mori 4 , C. Joshi 4 , J. Wang 3 , 5 , 6 , ∗ , W. Lu 1 , 7 , ∗; 1 Department of Engineering Physics, Tsinghua University, Beijing 100084, China; 2 Laser Fusion Research Center, China Academy of Engineering Physics, Mianyang, Sichuan 621900, China",,,s3://new-swa-1/kb-data/output/Femtosecond_probing_of_light-speed_plasma_wakefields_by_using_a_relativistic_electron_bunch/structured.json,
new-swa-1,kb-data/output/Finite-emittance_Wigner_crystals_in_the_bubble_regime,Finite-emittance Wigner crystals in the bubble regime,"Lars Reichwein, ∗ Johannes Thomas, and Alexander Pukhov; Institut für Theoretische Physik I, Heinrich-Heine-Universität Düsseldorf, D-40225 Düsseldorf, Germany; (Dated: February 18, 2020)",,"February 18, 2020",s3://new-swa-1/kb-data/output/Finite-emittance_Wigner_crystals_in_the_bubble_regime/structured.json,
new-swa-1,kb-data/output/Formation_of_Temporally_Shaped_Electron_Bunches_for_Beam-Driven_Collinear_Wakefield_Accelerators,Formation of Temporally Shaped Electron Bunches for Beam-Driven Collinear Wakefield Accelerators,"Wei Hou Tan, 1, ∗ Philippe Piot, 1, 2 and Alexander Zholents 2; Northern Illinois Center for Accelerator & Detector Development and Department of Physics, Northern Illinois University, DeKalb, IL 60115, USA; 2 Argonne National Laboratory, Lemont, IL 60439, USA",,"November 21, 2021",s3://new-swa-1/kb-data/output/Formation_of_Temporally_Shaped_Electron_Bunches_for_Beam-Driven_Collinear_Wakefield_Accelerators/structured.json,
new-swa-1,kb-data/output/Galilean_Electromagnetic_Particle-in-Cell_Code,Galilean Electromagnetic Particle-in-Cell Code,"Alexander Pukhov, Nina Elkina a Institute for Theoretical Physics I, University of Düsseldorf, Düsseldorf, 40225, Germany; Particle-in-Cell, Galilean transformation, LWFA, PWFA; September 24, 2025",2401.11924,"September 24, 2025",s3://new-swa-1/kb-data/output/Galilean_Electromagnetic_Particle-in-Cell_Code/structured.json,
new-swa-1,kb-data/output/Generalized_threshold_of_longitudinal_multi-bunch_instability_in_synchrotrons,Generalized threshold of longitudinal multi-bunch instability in synchrotrons,"CERN, CH 1211 Geneva 23, Switzerland (Dated: September 14, 2023); The interaction of charged particles with the accelerator environment (impedance) can result in the development of undamped or exponentially growing bunch oscillations. In the absence of synchrotron radiation damping, an accelerator design relies either on beam stabilization only by the natural frequency spread of individual particles, called Landau damping [1], or on active damping systems in addition.; It is common in beam stability analysis to separate single- and multi-bunch collective effects since they are driven by short- and long-range wakefields, respectively [2-8]. For the longitudinal beam motion considered below, many impedance sources, related to the wake functions via the Fourier transform, can be modeled by the resonances",1207.5826,"September 14, 2023",s3://new-swa-1/kb-data/output/Generalized_threshold_of_longitudinal_multi-bunch_instability_in_synchrotrons/structured.json,
new-swa-1,kb-data/output/High-Gradient_Millimeter_Wave_Accelerating_Structure,"High-Gradient, Millimeter Wave Accelerating Structure","DPF2015-337 August 31, 2015; High-Gradient, Millimeter Wave Accelerating Structure; S.V. Kuzikov 1,2 , A.A. Vikharev 1,3 , N.Yu. Peskov 1",,"August 31, 2015",s3://new-swa-1/kb-data/output/High-Gradient_Millimeter_Wave_Accelerating_Structure/structured.json,
new-swa-1,kb-data/output/High-energy_betatron_source_driven_by_a_4-PW_laser_with_applications_to_non-destructive_imaging,High-energy betatron source driven by a 4-PW laser with applications to non-destructive imaging,"Calin Ioan Hojbota 1* , Mohammad Mirzaie 1 , Do Yeon Kim 1 , Tae Gyu Pak 1,2 , Mohammad Rezaei-Pandari 1,3 , Vishwa Bandhu Pathak 1,4 , Jong Ho Jeon 1 , Jin Woo Yoon 1,5 , Jae Hae Sung 1,5 , Seong Ku Lee 1,5 , Chul Min Kim 1,5 , Ki Yong Kim 1,2,6 and Chang Hee Nam 1,2; 1 Center for Relativistic Laser Science, Institute for Basic Science, Gwangju, 61005, Republic of Korea.; 2 Dept. of Physics and Photon Science, Gwangju Institute of Science and Technology, Gwangju, 61005, Republic of Korea.",2207.11492,,s3://new-swa-1/kb-data/output/High-energy_betatron_source_driven_by_a_4-PW_laser_with_applications_to_non-destructive_imaging/structured.json,
new-swa-1,kb-data/output/Higher_Dipole_Bands_in_the_NLC_Accelerating_Structure,HIGHER DIPOLE BANDS IN THE NLC ACCELERATING STRUCTURE ∗,"C. Adolphsen, K.L.F. Bane, V.A. Dolgashev, K. Ko, Z. Li, R. Miller, SLAC, Stanford, CA 94309, USA; We show that scattering matrix calculations for dipole modes between 23-43 GHz for the 206 cell detuned structure (DS) are consistent with finite element calculations and results of the uncoupled model. In particular, the rms sum wake for these bands is comparable to that of the first dipole band. We also show that for RDDS1 uncoupled wakefield calculations for higher bands are consistent with measurements. In particular, a clear 26 GHz signal in the short range wake is found in both results.; In this report we use an S-matrix computer program[10][11] to obtain modes of the 3rd to the 8th passbands-ranging from 23-43 GHz-of a full 206cell NLC DS accelerating structure. We then compare our results with those of a finite element calculation and those of the uncoupled model. Next we repeat the uncoupled calculation for the latest version of the NLC structure, the",,,s3://new-swa-1/kb-data/output/Higher_Dipole_Bands_in_the_NLC_Accelerating_Structure/structured.json,
new-swa-1,kb-data/output/Higher_Order_Modes_for_Beam_Diagnostics_in_Third_Harmonic_39_GHz_Accelerating_Module,HIGHER ORDER MODES FOR BEAM DIAGNOSTICS IN THIRD HARMONIC 3.9 GHZ ACCELERATING MODULES *,"N. Baboi # , N. Eddy § , T. Flisgen°, H.-W. Glock°, R. M. Jones †‡ , I. R. R. Shinton †‡ , and P. Zhang †#‡ # Deutsches Elektronen-Synchrotron (DESY), Hamburg, Germany; § Fermi National Accelerator Laboratory (Fermilab), Batavia, Illinois, U.S.A. ° Universität Rostock, Rostock, Germany School of Physics and Astronomy, The University of Manchester, Manchester, U.K.; † ‡ The Cockcroft Institute of Accelerator Science and Technology, Daresbury, U.K.",,,s3://new-swa-1/kb-data/output/Higher_Order_Modes_for_Beam_Diagnostics_in_Third_Harmonic_39_GHz_Accelerating_Module/structured.json,
new-swa-1,kb-data/output/Instabilities_in_Linear_Accelerators,Instabilities in Linear Accelerators,"CERN Accelerator School Proceedings Advanced Accelerator Physics Spa, Belgium, 2024; M. Ferrario, M. Migliorati and L. Palumbo INFN-LNF and Universita' di Roma 'La Sapienza'; In this lecture, we first examine the fundamental properties of wakefields [6-14] and then illustrate key concepts through simple examples in cylindrical geometry, including the resonant modes of an RF cavity and a perfectly conducting pipe. In this last case, while space charge forces have  been  treated  separately  [15],  these  forces  can  also  be  considered  a  specific  instance  of wakefields, as demonstrated with an example in Appendix 2 [16].",,,s3://new-swa-1/kb-data/output/Instabilities_in_Linear_Accelerators/structured.json,
new-swa-1,kb-data/output/Investigation_of_an_alternate_means_of_wakefield_suppression_in_the_main_linacs_of_CLIC,I 1 VESTIGATIO 1 OF A 1 ALTER 1 ATE MEA 1 S OF WAKEFIELD SUPPRESSIO 1 I 1 THE MAI 1 LI 1 ACS OF CLIC *,"V. F. Khan, R.M. Jones; The Cockcroft Institute, Daresbury, WA4 4AD, UK; The University of Manchester, Manchester M13 9PL, UK.; mm to 2.35 mm. Tapering the irises within the structure ensures  that  a  range  of  modes  are  excited  which  do  not add  coherently.  We  enforce  an  erf  distribution  of  the dependence of the iris radius with cell number. The mode density dn/df, characteristic kick factor weighted density function  Kdn/df,  together  with  an  indication  of  mode location,  for  a  structure  effectively  consisting  of  four times the number of cells, is illustrated in Fig. 1.; Figure  1:  Kick  factor  weighted  density  function  Kdn/df (red  curve),  density  function  (blue-dashed)  and  mode separation (black lines).",,,s3://new-swa-1/kb-data/output/Investigation_of_an_alternate_means_of_wakefield_suppression_in_the_main_linacs_of_CLIC/structured.json,
new-swa-1,kb-data/output/Investigations_into_X-band_dielectric_disk_accelerating_structures_for_future_linear_accelerators,Investigations into X-band dielectric disk accelerating structures for future linear accelerators,"Yelong Wei  1,* and Alexej Grudiev 1; 1 CERN, Geneva CH-1211, Switzerland; The DLA structures were initially proposed in the 1940s [21-24], and experimentally demonstrated in the  1950s  [25-27].  Since  that  time,  disk-loaded metallic  structures  have  prevailed  for  accelerator research  and  development  because  of  their  high quality  factor  and  high  field  holding  capability. Thanks  to  remarkable  progress  in  new  ceramic",,,s3://new-swa-1/kb-data/output/Investigations_into_X-band_dielectric_disk_accelerating_structures_for_future_linear_accelerators/structured.json,
new-swa-1,kb-data/output/Leaky_surface_plasmon-based_wakefield_acceleration_in_nanostructured_carbon_nanotubes,Leaky surface plasmon-based wakefield acceleration in nanostructured carbon nanotubes,"Bifeng Lei, 1, 2, ∗ Hao Zhang, 1, 2 Cristian Bont ¸oiu, 1, 2 Alexandre Bonatto, 3 Pablo; Mart´ ın-Luna, 4 Bin Liu, 5 Javier Resta-L´ opez, 6 Guoxing Xia, 7, 2 and Carsten Welsch 1, 2; Department of Physics and Astronomy, The University of Manchester, Manchester M13 9PL, United Kingdom",,"March 31, 2025",s3://new-swa-1/kb-data/output/Leaky_surface_plasmon-based_wakefield_acceleration_in_nanostructured_carbon_nanotubes/structured.json,
new-swa-1,kb-data/output/Local_and_Fundamental_Mode_Coupler_Damping_of_the_Transverse_Wakefield_in_RDDS1_Linacs,LOCAL AND FUNDAMENTAL MODE COUPLER DAMPING OF THE TRANSVERSE WAKEFIELD IN THE RDDS1 LINACS,"R.M. Jones 1 ; SLAC, N.M. Kroll 2 ; UCSD & SLAC, R.H. Miller 1 , C.-K. Ng 1 and J.W. Wang 1 ; SLAC",,,s3://new-swa-1/kb-data/output/Local_and_Fundamental_Mode_Coupler_Damping_of_the_Transverse_Wakefield_in_RDDS1_Linacs/structured.json,
new-swa-1,kb-data/output/Longitudinal_current_profile_reconstruction_from_wakefield_response_in_plasmas_and_structures,Longitudinal current profile reconstruction from wakefield response in plasmas and structures,"R. Roussel, ∗ G. Andonian, and J. B. Rosenzweig; Department of Physics and Astronomy, University of California, Los Angeles, California 90095-1547, USA; Department of Electrical Engineering and Department of Physics,",,"May 11, 2020",s3://new-swa-1/kb-data/output/Longitudinal_current_profile_reconstruction_from_wakefield_response_in_plasmas_and_structures/structured.json,
new-swa-1,kb-data/output/Manifold_Damping_Of_Wakefields_In_High_Phase_Advance_Linacs_For_The_NLC,MANIFOLD DAMPING OF WAKEFIELDS IN HIGH PHASE ADVANCE LINACS FOR THE NLC,"R.M. Jones † , Z. Li † , R.H. Miller † , T.O. Raubenheimer † , R.D. Ruth † , G.V. Stupakov † , J.W. Wang † , N.M. Kroll §; †Stanford Linear Accelerator Center, 2575 Sand Hill Road, Menlo Park, CA, 94025 § University of California, San Diego La Jolla, CA 92093-0319; Paper presented at the 2002 8 th European Particle Accelerator Conference (EPAC 2002) Paris, France, June 3 rd -June 7 th , 2002",,,s3://new-swa-1/kb-data/output/Manifold_Damping_Of_Wakefields_In_High_Phase_Advance_Linacs_For_The_NLC/structured.json,
new-swa-1,kb-data/output/Manifold_Damping_of_Transverse_Wakefields_in_High_Phase_Advance_Traveling_Wave_Structures_and_Local_Damping_of_Dipole_Wakefields_in_Standing_Wave_Accelerators,MANIFOLD DAMPING OF TRANSVERSE WAKEFIELDS IN HIGH PHASE ADVANCE  TRAVELING  WAVE  STRUCTURES  AND  LOCAL  DAMPING OF DIPOLE WAKEFIELDS IN STANDING WAVE ACCELERATORS*,"R.M. Jones * , SLAC; N.M. Kroll † , UCSD & SLAC; T. Higo, R.H. Miller*, and R.D Ruth*, Stanford Linear Accelerator Center, Stanford, CA  94309; Paper presented at the 2001 Particle Accelerator Conference Chicago, USA June18 -June22, 2001",,,s3://new-swa-1/kb-data/output/Manifold_Damping_of_Transverse_Wakefields_in_High_Phase_Advance_Traveling_Wave_Structures_and_Local_Damping_of_Dipole_Wakefields_in_Standing_Wave_Accelerators/structured.json,
new-swa-1,kb-data/output/Measurements_of_Terahertz_Generation_in_a_Metallic_Corrugated_Beam_Pipe,"Measurements of Terahertz Generation in a Metallic, Corrugated Beam Pipe ∗","Measurements of Terahertz Generation in a Metallic, Corrugated Beam Pipe ∗; K.L.F. Bane, SLAC, Menlo Park, CA, USA S. Antipov, ANL, Argonne, IL, USA M. Fedurin, K. Kusche, C. Swinson, BNL, Upton, NY, USA D. Xiang, Jiao Tong University, Shanghai, China; Presented at the 7th International Particle Accelerator Conference, IPAC2016 Busan, Korea , 8-13 May 2016",,,s3://new-swa-1/kb-data/output/Measurements_of_Terahertz_Generation_in_a_Metallic_Corrugated_Beam_Pipe/structured.json,
new-swa-1,kb-data/output/Measurements_of_Terahertz_Radiation_Generated_using_a_Metallic_Corrugated_Pipe,"Measurements of Terahertz Radiation Generated using a Metallic, Corrugated Pipe a","Measurements of Terahertz Radiation Generated using a Metallic, Corrugated Pipe a; Karl Bane b , Gennady Stupakov; SLAC National Accelerator Laboratory,Menlo Park, CA 94025",,,s3://new-swa-1/kb-data/output/Measurements_of_Terahertz_Radiation_Generated_using_a_Metallic_Corrugated_Pipe/structured.json,
new-swa-1,kb-data/output/Minimization_of_Transverse_Wakefields_in_the_NLC_Accelerator_Structures,MINIMIZATION OF TRANSVERSE WAKEFIELDS IN THE NLC ACCELERATOR STRUCTURES*,"R.M. Jones, R.H. Miller, and J.W. Wang,; Stanford Linear Accelerator Center, Stanford, CA  94309; Paper presented XXI International Linear Accelerator Conference (LINAC2002), Hotel Hyundai in Gyeongju, Korea. August 19 - August 23rd, 2002",,,s3://new-swa-1/kb-data/output/Minimization_of_Transverse_Wakefields_in_the_NLC_Accelerator_Structures/structured.json,
new-swa-1,kb-data/output/Modeling_of_an_Electron_Injector_for_the_AWAKE_Project,MODELINGOFANELECTRONINJECTORFORTHEAWAKEPROJECT,"O. Mete ∗ , G. Xia, † The University of Manchester, Manchester, UK R. Apsimon, G. Burt, † Lancaster University, Lancaster, UK S. Doebert, CERN, Geneva, Switzerland,; R. Fiorito, C. Welsch, † The University of Liverpool, Liverpool, UK; of about 2 . 5% . The multipole terms [7] due to transverse RF-kicks are 9 . 4241 × 10 -7 mT, 7 . 8418 × 10 -5 mT/m and 4 . 9 × 10 -3 mT/m 2 , respectively, from dipole to sextuple terms.",,,s3://new-swa-1/kb-data/output/Modeling_of_an_Electron_Injector_for_the_AWAKE_Project/structured.json,
new-swa-1,kb-data/output/Modeling_of_bound_electron_effects_in_particle-in-cell_simulation,Modeling of bound electron effects in particle-incell simulation,"Xiangyan An 12 , Min Chen 12, * , Zheng-Ming Sheng 123 , and Jie Zhang 123; 1 Key Laboratory for Laser Plasmas (MoE), School of Physics and Astronomy, Shanghai Jiao Tong University, Shanghai 200240, China; 2 Collaborative Innovation Center of IFSA, Shanghai Jiao Tong University, Shanghai 200240, China",,,s3://new-swa-1/kb-data/output/Modeling_of_bound_electron_effects_in_particle-in-cell_simulation/structured.json,
new-swa-1,kb-data/output/Multi-Band_Dipole_And_Multipole_Wakefields_In_NLC_Traveling_Wave_Accelerators_Using_A_Wire_Measurement_Technique,MULTI-BAND DIPOLE AND MULTIPOLE WAKEFIELDS IN NLC TRAVELING WAVE ACCELERATORS USING A WIRE MEASUREMENT TECHNIQUE,"R.M. Jones † , N. Baboi † *, and N.M. Kroll §; †Stanford Linear Accelerator Center, 2575 Sand Hill Road, Menlo Park, CA, 94025 §University of California, San Diego La Jolla, CA 92093-0319; *On leave from NILPRP, P.O. Box MG-36, 76900 Bucharest, Romania",,,s3://new-swa-1/kb-data/output/Multi-Band_Dipole_And_Multipole_Wakefields_In_NLC_Traveling_Wave_Accelerators_Using_A_Wire_Measurement_Technique/structured.json,
new-swa-1,kb-data/output/Nano-scale_electron_bunching_in_laser-triggered_ionization_injection_in_plasma_accelerators,Nano-scale electron bunching in laser-triggered ionization injection in plasma accelerators,"X. L. Xu, 1, 2 C. J. Zhang, 1 F. Li, 1 Y. Wan, 1 Y. P. Wu, 1 J. F. Hua, 1 1 1, ∗ 2 2 2 2; C.-H. Pai, W. Lu, W. An, P. Yu, W. B. Mori, and C. Joshi; 1 Department of Engineering Physics, Tsinghua University, Beijing 100084, China",1411.4386,"August 28, 2021",s3://new-swa-1/kb-data/output/Nano-scale_electron_bunching_in_laser-triggered_ionization_injection_in_plasma_accelerators/structured.json,
new-swa-1,kb-data/output/Nanometer-scale_pre-bunched_electron_beams_generated_from_all-optical_plasma-based_acceleration,Nanometer-scale pre-bunched electron beams generated from all-optical plasma-based acceleration,"Zhenan Wang, 1, ∗ Zewei Xu, 1, ∗ Qianyi Ma, 1 Yuhui Xia, 1 Letian Liu, 1 Chenxu Wang, 2, 3 1, 4, 5 1, 4, † 2, 3; Thamine Dalichaouch, Xueqing Yan, Xinlu Xu, and Warren B. Mori; 1 State Key Laboratory of Nuclear Physics and Technology, and Key Laboratory of HEDP of the Ministry of Education, CAPT,",,"February 24, 2026",s3://new-swa-1/kb-data/output/Nanometer-scale_pre-bunched_electron_beams_generated_from_all-optical_plasma-based_acceleration/structured.json,
new-swa-1,kb-data/output/Neural_Network_Solver_for_Coherent_Synchrotron_Radiation_Wakefield_Calculations_in_Accelerator-based_Charged_Particle_Beams,Neural Network Solver for Coherent Synchrotron Radiation Wakefield Calculations in Accelerator-based Charged Particle Beams,"Simulations of accelerators are often conducted using 'particle tracking"" codes, which track the positions ( x , y , z ) and momenta ( p x , p y , p z ) of particles in the beam (collectively, the 6D positionmomentum phase space). As the beam travels through the accelerator, the phase space is iteratively",,,s3://new-swa-1/kb-data/output/Neural_Network_Solver_for_Coherent_Synchrotron_Radiation_Wakefield_Calculations_in_Accelerator-based_Charged_Particle_Beams/structured.json,
new-swa-1,kb-data/output/Non-linear_Ion-Wake_Excitation_by_the_Time-Asymmetric_Electron_Wakefields_of_Intense_Energy_Sources_with_applications_to_the_Crunch-in_regime,Non-linear Ion-Wake Excitation by the Time-Asymmetric Electron Wakefields of Intense Energy Sources with applications to the Crunch-in regime,"Aakash A. Sahai 1, GLYPH<3>; 1 Department of Physics, Blackett Laboratory and John Adams Institute for Accelerator Sciences, Imperial College London, London, SW7 2AZ, UK & Department of Electrical Engineering, Duke university, Durham, NC 27708, USA",1610.03289,,s3://new-swa-1/kb-data/output/Non-linear_Ion-Wake_Excitation_by_the_Time-Asymmetric_Electron_Wakefields_of_Intense_Energy_Sources_with_applications_to_the_Crunch-in_regime/structured.json,
new-swa-1,kb-data/output/Non-linear_Ion-wake_Excitation_by_Ultra-relativistic_Electron_Wakefields,Non-linear Ion-Wake Excitation by Ultra-relativistic Electron Wakefields,"Aakash A. Sahai 1, GLYPH<3> and Thomas C. Katsouleas 1; 1 Department of Electrical Engineering, Duke University, Durham, NC, 27708 USA",,,s3://new-swa-1/kb-data/output/Non-linear_Ion-wake_Excitation_by_Ultra-relativistic_Electron_Wakefields/structured.json,
new-swa-1,kb-data/output/Nonlinear_wakefields_and_electron_injection_in_cluster_plasma,Nonlinear wakefields and electron injection in cluster plasma,"M. W. Mayr 1 , ∗ B. Spiers 1 , R. Aboushelbaya 1 , R. Paddock 1 , J. D. Sadler 2 ,; C. Sillett 1 , R. H. W. Wang 1 , K. Krushelnick 3 , and P. A. Norreys 1 , 4 , 5; 1 Clarendon Laboratory, University of Oxford, Oxford OX1 3PU, UK",,"August 24, 2021",s3://new-swa-1/kb-data/output/Nonlinear_wakefields_and_electron_injection_in_cluster_plasma/structured.json,
new-swa-1,kb-data/output/Numerical_Studies_on_Locally_Damped_Structures,NUMERICAL STUDIES ON LOCALLY DAMPED STRUCTURES *,"Z. Li, N.T. Folwell and T.O. Raubenheimer, SLAC, Stanford University, Stanford, CA 94039, USA; For  the  NLC  X-band  linacs,  we  propose  a  medium damping scheme with a Q 1 of a few hundred as means of solving the rf efficiency and the pulse heating limitations. In  this  paper,  we  address  some  of  the  design  issues  for locally damped structures at X-band. We will also discuss the  design  of  compact  loads  for  the  medium  damped structures  to  minimize  the  physical  size  associated  with the local damping and thereby reduce the cost.; The  damping  properties  of  the  cell  are  determined  by the coupling iris to the damping waveguide. To determine the  damping  requirements  for  the  structure,  numerical simulations  using  LIAR[7]  were  performed  to  study  the",,,s3://new-swa-1/kb-data/output/Numerical_Studies_on_Locally_Damped_Structures/structured.json,
new-swa-1,kb-data/output/Numerical_simulations_of_electron_acceleration_driven_by_heavy_ion_beams_in_plasma_with_alternating_density_gradients,Numerical simulations of electron acceleration driven by heavy ion beams in plasma with alternating density gradients,"Jiangdong Li 1 , 2 , Jiancheng Yang 1 , 2 ‡ , Guoxing Xia 3 , 4 , Jie Liu 1 , 2 , Ruihu Zhu 1 , 2 Xiangwen Qiao 1 , 2; 1 Institute of Modern physics, Chinese Academy of Sciences, Lanzhou 730000, China; 2 University of Chinese Academy of Sciences, Beijing 100049, China",2408.00740,,s3://new-swa-1/kb-data/output/Numerical_simulations_of_electron_acceleration_driven_by_heavy_ion_beams_in_plasma_with_alternating_density_gradients/structured.json,
new-swa-1,kb-data/output/Observation_of_Enhanced_Transformer_Ratio_in_Collinear_Wakefield_Acceleration,Observation of Enhanced Transformer Ratio in Collinear Wakefield Acceleration,"C.Jing 1 , A.Kanareykin 1 , J.G.Power 2 , M.Conde 2 , Z.Yusof 2 , P.Schoessow 1 , and W.Gai 2 1. Euclid Techlabs LLC, Solon, OH-44139; 2. High Energy Physics Division, Argonne National Laboratory, Argonne, IL-60439",,,s3://new-swa-1/kb-data/output/Observation_of_Enhanced_Transformer_Ratio_in_Collinear_Wakefield_Acceleration/structured.json,
new-swa-1,kb-data/output/Observation_of_Skewed_Electromagnetic_Wakefields_in_an_Asymmetric_Structure_Driven_by_Flat_Electron_Bunches,Observation of Skewed Electromagnetic Wakefields in an Asymmetric Structure Driven by Flat Electron Bunches,"W. Lynn, 1, ∗ T. Xu, 2, † G. Andonian, 1 D. S. Doran, 3 G. Ha, 3 N. Majernik, 1; P. Piot, 2, 3 J. Power, 3 J. B. Rosenzweig, 1 C. Whiteford, 3 and E. Wisniewski 3; 1 Department of Physics and Astronomy, UCLA, Los Angeles, California 90095, USA ‡",2306.05632,"August 21, 2023",s3://new-swa-1/kb-data/output/Observation_of_Skewed_Electromagnetic_Wakefields_in_an_Asymmetric_Structure_Driven_by_Flat_Electron_Bunches/structured.json,
new-swa-1,kb-data/output/Obtaining_the_Wakefield_Due_to_Cell-to-Cell_Misalignments_in_a_Linear_Accelerator_Structure,Obtaining the Wakefield Due to Cell-to-Cell Misalignments in a Linear Accelerator Structure ∗,"Stanford Linear Accelerator Center, Stanford University, Stanford, CA 94309",,,s3://new-swa-1/kb-data/output/Obtaining_the_Wakefield_Due_to_Cell-to-Cell_Misalignments_in_a_Linear_Accelerator_Structure/structured.json,
new-swa-1,kb-data/output/On_Resonant_Multi-Bunch_Wakefield_Effects_in_Linear_Accelerators_with_Dipole_Mode_Detuning,On Resonant Multi-Bunch Wakefield Effects in Linear Accelerators with Dipole Mode Detuning ∗,"Stanford Linear Accelerator Center, Stanford University, Stanford, CA 94309",,,s3://new-swa-1/kb-data/output/On_Resonant_Multi-Bunch_Wakefield_Effects_in_Linear_Accelerators_with_Dipole_Mode_Detuning/structured.json,
new-swa-1,kb-data/output/Optimized_Wakefield_Computations_Using_A_Network_Model,OPTIMIZED WAKEFIELD COMPUTATIONS USING A NETWORK MODEL ∗,"J.-F. Ostiguy, K.-Y. Ng, FNAL, Batavia, IL 60510, USA; agreement with experimental results. However, until now, the wake computations remained too slow to make the simulation of a full linac practical. In this paper, we describe algorithmic modifications that have led to a code achieving three orders of magnitude improvement over previously reported performance.",,,s3://new-swa-1/kb-data/output/Optimized_Wakefield_Computations_Using_A_Network_Model/structured.json,
new-swa-1,kb-data/output/Origin_and_reduction_of_wakefields_in_photonic_crystal_accelerator_cavities,Origin and reduction of wakefields in photonic crystal accelerator cavities,"Carl A. Bauer, 1 Gregory R. Werner, 1 and John R. Cary 1, 2; University of Colorado at Boulder, Boulder, CO 2 Tech-X Corporation, Boulder, CO (Dated: June 11, 2022); These features suggest an alternative to traditional (super)conducting cavity design, and therefore could result in higher gradients [13-17], lower power losses, and/or lower wakefields.",,"June 11, 2022",s3://new-swa-1/kb-data/output/Origin_and_reduction_of_wakefields_in_photonic_crystal_accelerator_cavities/structured.json,
new-swa-1,kb-data/output/Particle-in-cell_simulations_of_plasma_wakefield_formation_in_microwave_waveguides,Particle-in-cell simulations of plasma wakefield formation in microwave waveguides,"School of Physics, Universidad Industrial de Santander, Bucaramanga, Colombia, 680002; The findings contribute to the theoretical groundwork necessary to evaluate the viability of this acceleration scheme and guide future experimental implementations in compact, costeffective accelerator systems.",1908.07207,,s3://new-swa-1/kb-data/output/Particle-in-cell_simulations_of_plasma_wakefield_formation_in_microwave_waveguides/structured.json,
new-swa-1,kb-data/output/Ponderomotive_Acceleration_by_Relativistic_Waves,Ponderomotive Acceleration by Relativistic Waves,"C. Lau 1,* , P. C. Yeh 1 , O. Luk 1 , J. McClenaghan 1 , T. Ebisuzaki 2 , and T. Tajima 1; 1 Dept. of Physics and Astronomy, University of California, Irvine, CA, 92697 USA 2  RIKEN, Wako, Saitama 351-0198, Japan; The alternative scenario is the acceleration by large amplitude electromagnetic waves excited near a black hole of large mass in active galactic nuclei (AGN), which can be created along the emanating jets [8,12].",,,s3://new-swa-1/kb-data/output/Ponderomotive_Acceleration_by_Relativistic_Waves/structured.json,
new-swa-1,kb-data/output/Positron_Driven_High-Field_Terahertz_Waves_in_Dielectric_Material,Positron Driven High-Field Terahertz Waves in Dielectric Material,"N. Majernik 1 , G. Andonian 1 , O. B. Williams 1 , B. D. O'Shea 2 , P. D.; Hoang 1 , C. Clarke 2 , M. J. Hogan 2 , V. Yakimenko 2 , J. B. Rosenzweig 1; 1 UCLA Department of Physics and Astronomy, Los Angeles, California 90095, USA",1306.6327,"November 9, 2021",s3://new-swa-1/kb-data/output/Positron_Driven_High-Field_Terahertz_Waves_in_Dielectric_Material/structured.json,
new-swa-1,kb-data/output/Positron_acceleration_via_laser-augmented_blowouts_in_two-column_plasma_structures,Positron acceleration via laser-augmented blowouts in two-column plasma structures,"Institut für Theoretische Physik I, Heinrich-Heine-Universität Düsseldorf, 40225 Düsseldorf, Germany; Institute of Applied Physics RAS, 603950 Nizhny Novgorod, Russia; (Dated: April 21, 2022)",,"April 21, 2022",s3://new-swa-1/kb-data/output/Positron_acceleration_via_laser-augmented_blowouts_in_two-column_plasma_structures/structured.json,
new-swa-1,kb-data/output/Programmable_Focal_Elongation_and_Shaping_of_High-Intensity_Laser_Pulses_using_Adaptive_Optics,Programmable Focal Elongation and Shaping of High-Intensity Laser Pulses using Adaptive Optics,"PETER BLUM 1 , ANNA PUCHERT 1 , EMILY ARCHER 1 , SÖREN JALAS 1 , SPENCER W. JOLLY 2 , JENS OSTERHOFF 1,† , WIM P. LEEMANS 1 , MANUEL KIRCHEN 1 , ANDREAS R. MAIER 1 , AND ROB J. SHALLOO 1, *; 1 Deutsches Elektronen-Synchrotron DESY, Notkestraße 85, 22607 Hamburg, Germany; 2 Service OPERA-Photonique, Université libre de Bruxelles (ULB), Brussels, Belgium",,"January 8, 2026",s3://new-swa-1/kb-data/output/Programmable_Focal_Elongation_and_Shaping_of_High-Intensity_Laser_Pulses_using_Adaptive_Optics/structured.json,
new-swa-1,kb-data/output/Quasi-stable_injection_channels_in_a_wakefield_accelerator,Quasi-stable injection channels in a wakefield accelerator,"Mara Wiltshire-Turkay, 1 John P. Farmer, 1 and Alexander Pukhov 1; Heinrich-Heine-Universit¨ at, 40225 D¨ usseldorf, Germany; High-energy electrons have a wide range of applications, ranging from fundamental research in particle physics to medical diagnostics and treatment. However, conventional acceleration methods require long acceleration lengths, which also acts to limit the maximum attainable energy to some tens of GeV.",,,s3://new-swa-1/kb-data/output/Quasi-stable_injection_channels_in_a_wakefield_accelerator/structured.json,
new-swa-2,kb-data/output/RF_Cell_Modeling_and_Experiments_for_Wakefield_Minimization_in_DARHT-II,Abstract,"Lawrence Livermore National Laboratory, Livermore, California 94550 USA † Lawrence Berkeley National Laboratory, Berkeley California 94720 USA ‡; The modeling, simulation, design, and experimental activities for the DARHT-II accelerator cell consisted of several stages in order to lower the wakefield impedance of the cell while maintaining the voltage breakdown hold off characteristics of the pulsed power design. For the computational simulation and RF design of the cell, the A MOS 1  code was used.; The inside of the accelerator cell consisted of an accelerating gap, a Mycalex™ insulator, a metglas core, and was oil filled. As part of the design and simulation activi-",,,s3://new-swa-2/kb-data/output/RF_Cell_Modeling_and_Experiments_for_Wakefield_Minimization_in_DARHT-II/structured.json,
new-swa-2,kb-data/output/Radiation_emission_in_laser-wakefields_driven_by_structured_laser_pulses_with_orbital_angular_momentum,Radiation emission in laser-wakefields driven by structured laser pulses with orbital angular momentum,"Joana Lu´ ıs Martins 1,* , Jorge Vieira 2 , Julien Ferri 1 , and T¨ unde F¨ ul¨ op 1; 1 Chalmers University of Technology, Department of Physics, Gothenburg, 41296, Sweden; 2 GoLP/Instituto de Plasmas e Fus˜ ao Nuclear, Instituto Superior T´ ecnico, Universidade de Lisboa, Lisboa,",1807.04147,,s3://new-swa-2/kb-data/output/Radiation_emission_in_laser-wakefields_driven_by_structured_laser_pulses_with_orbital_angular_momentum/structured.json,
new-swa-2,kb-data/output/Room_temperature_accelerator_structures_for_linear_colliders,ROOM TEMPERATURE ACCELERATOR STRUCTURES FOR LINEAR COLLIDERS*,"R.H. Miller, R.M. Jones, C. Adolphsen, G. Bowden, V. Dolgashev, N. Kroll Z. Li, R. Loewen, C. Ng, C. Pearson, T. Raubenheimer R. Ruth, S. Tantawi, J.W. Wang, SLAC, Menlo Park, CA, U; Paper presented at the 2001 Particle Accelerator Conference Chicago, USA June18 -June22, 2001",,,s3://new-swa-2/kb-data/output/Room_temperature_accelerator_structures_for_linear_colliders/structured.json,
new-swa-2,kb-data/output/Stable_Positron_Acceleration_in_Thin_Warm_Hollow_Plasma_Channels,"Stable positron acceleration in thin, warm hollow plasma channels","Stable positron acceleration in thin, warm hollow plasma channels; T. Silva, 1, ∗ L. D. Amorim, 2 M. C. Downer, 3 M. J. Hogan, 4 V. Yakimenko, 4 R. Zgadzaj, 3 and J. Vieira 1, †; 1 GoLP/Instituto de Plasmas e Fus˜ ao Nuclear, Instituto Superior T´ ecnico, Universidade de Lisboa, 1049-001 Lisbon, Portugal",1901.08436,"September 8, 2021",s3://new-swa-2/kb-data/output/Stable_Positron_Acceleration_in_Thin_Warm_Hollow_Plasma_Channels/structured.json,
new-swa-2,kb-data/output/Stable_high-transformer_ratio_beam-wakefield_acceleration_in_cusp_plasma_channels,Stable high-transformer ratio beam-wakefield acceleration in cusp plasma channels,"Alexander Pukhov, Lars Reichwein; Institute for Theoretical Physics I, Heinrich Heine University Düsseldorf, 40225 Germany; Analytical theory of wakefields fields inside the hollow gap of such shape is a complicated task and will be done in a separate publication. Here, we present simulation results using the fully electromagnetic three-dimensional (3D) particle-in-cell (PIC) code VLPL [24-26].",2309.10495,,s3://new-swa-2/kb-data/output/Stable_high-transformer_ratio_beam-wakefield_acceleration_in_cusp_plasma_channels/structured.json,
new-swa-2,kb-data/output/Status_and_Objectives_of_the_Dedicated_Accelerator_RD_Facility_SINBAD_at_DESY,Status and Objectives of the Dedicated Accelerator R&D Facility 'SINBAD' at DESY,"U. Dorda, B. Marchetti, J. Zhu, F. Mayet, W. Kuropka, T. Vinatier, G. Vashchenko, K. Galaydych, P.A. Walker, D. Marx, R. Brinkmann, R. Assmann a , N.H. Matlis, A. Fallahi, F. X. Kaertner b; a DESY, Hamburg, Germany; b CFEL, Hamburg, Germany",,"January 10, 2018",s3://new-swa-2/kb-data/output/Status_and_Objectives_of_the_Dedicated_Accelerator_RD_Facility_SINBAD_at_DESY/structured.json,
new-swa-2,kb-data/output/Study_of_ultra-high_gradient_acceleration_in_carbon_nanotube_arrays,STUDY OF ULTRA-HIGH GRADIENT ACCELERATION IN CARBON NANOTUBE ARRAYS GLYPH<3>,"J. Resta-López y , A. Alexandrova, V. Rodin, Y. Wei, C. P. Welsch,; Cockcroft Institute and The University of Liverpool, UK; Y. Li, G. Xia, Y. Zhao,",,,s3://new-swa-2/kb-data/output/Study_of_ultra-high_gradient_acceleration_in_carbon_nanotube_arrays/structured.json,
new-swa-2,kb-data/output/Terahertz-driven_linear_electron_acceleration,Terahertz-driven linear electron acceleration,"Emilio A. Nanni 1 , Wenqian R. Huang 1 , Kyung-Han Hong 1 , Koustuban Ravi 1 , Arya Fallahi 2 , 3 ,; Gustavo Moriena 4 , R. J. Dwayne Miller 3 , 4 , 5 &Franz X. K¨ artner 1 , 2 , 3 , 6; 1 Department of Electrical Engineering and Computer Science, Research Laboratory of Electronics,",1109.6852,,s3://new-swa-2/kb-data/output/Terahertz-driven_linear_electron_acceleration/structured.json,
new-swa-2,kb-data/output/The_CLIC_Main_Linac_Accelerating_Structure,Abstract,"I. Wilson, W. Wuensch, CERN, Geneva, Switzerland; A  first  pass  through  the  RF  design  of  the  TDS,  for both  fundamental  mode  performance  and transverse wakefield  suppression,  has  now  been  made.    Certain weaknesses  in  the  design,  with  regard  to  operation  at very high gradients, have become apparent and are being addressed in a complete re-optimisation of the structure.",,,s3://new-swa-2/kb-data/output/The_CLIC_Main_Linac_Accelerating_Structure/structured.json,
new-swa-2,kb-data/output/The_transverse_wakefield_calculated_by_double_circuit_model,Yang Xiong-Bin( 杨雄斌 ) 1) Hou Mi( 侯汨 ) 2),"1 University of Chinese Academy of Sciences, Beijing 100049, China 2 Institute of High Energy Physics, Chinese Academy of Sciences, Beijing 100049, China; Key words: transverse wakefield, X-band accelerators, multi-bunches, double circuit model, wakefield calculation; where m m m f k x ， ， 1/ 2 ± are parameters of the TM110 mode, and m m m f k x ˆ ˆ ˆ 1/ 2 ， ， ± are parameters of the TE110 mode. An equivalent circuit model of Eqs.2.1 and",,,s3://new-swa-2/kb-data/output/The_transverse_wakefield_calculated_by_double_circuit_model/structured.json,
new-swa-2,kb-data/output/Theory_of_wakefields_excited_by_an_off-axis_drive_bunch_in_a_plasma-dielectric_waveguide,Theory of wakefields excited by an off-axis drive bunch in a plasma-dielectric waveguide,"K.V. Galaydych, 1, ∗ G.V. Sotnikov, 1 and I.N. Onishchenko 1; 1 NSC Kharkiv Institute of Physics and Technology, 61108 Kharkiv, Ukraine; (Dated: December 21, 2021)",,"December 21, 2021",s3://new-swa-2/kb-data/output/Theory_of_wakefields_excited_by_an_off-axis_drive_bunch_in_a_plasma-dielectric_waveguide/structured.json,
new-swa-2,kb-data/output/Thermal_wakefield_structure_in_plasma_acceleration_processes_insights_from_fluid_models_and_PIC_simulations,THERMAL WAKEFIELD STRUCTURE IN PLASMA ACCELERATION PROCESSES: INSIGHTS FROM FLUID MODELS AND PIC SIMULATIONS,"Daniele Simeoni 1 , ∗; 1 Department of Physics & INFN, Tor Vergata University of Rome, Via della Ricerca Scientifica 1, 00133, Rome, Italy 2 INFN, Section of Milan, via Celoria 16, 20133, Milan, Italy; 3 INFN, Laboratori Nazionali di Frascati, Via Enrico Fermi 54, 00044, Frascati, Italy",,,s3://new-swa-2/kb-data/output/Thermal_wakefield_structure_in_plasma_acceleration_processes_insights_from_fluid_models_and_PIC_simulations/structured.json,
new-swa-2,kb-data/output/Three-Dimensional_Analysis_of_Wakefields_Generated_by_Flat_Electron_Beams_in_Planar_Dielectric-Loaded_Structures,Three-Dimensional Analysis of Wakefields Generated by Flat Electron Beams in Planar Dielectric-Loaded Structures,"D. Mihalcea, 1 P. Piot, 1, 2 and P. Stoltz 3; Northern Illinois Center for Accelerator & Detector Development and Department of Physics,; Northern Illinois University, DeKalb IL 60115, USA",,"August 8, 2018",s3://new-swa-2/kb-data/output/Three-Dimensional_Analysis_of_Wakefields_Generated_by_Flat_Electron_Beams_in_Planar_Dielectric-Loaded_Structures/structured.json,
new-swa-2,kb-data/output/Time-resolved_Measurement_of_Quadrupole_Wakefields_in_Corrugated_Structures,Time-resolved Measurement of Quadrupole Wakefields in Corrugated Structures,"Chao Lu 1 , 2 , Feichao Fu 1 , 2 , Tao Jiang 1 , 2 , Shengguang Liu 1 , 2 , Libin Shi 1 , 2 , Rui; Wang 1 , 2 , Lingrong Zhao 1 , 2 , Pengfei Zhu 1 , 2 , Zhen Zhang 3 , and Dao Xiang 1 , 2 ∗; Key Laboratory for Laser Plasmas (Ministry of Education),",,"March 1, 2022",s3://new-swa-2/kb-data/output/Time-resolved_Measurement_of_Quadrupole_Wakefields_in_Corrugated_Structures/structured.json,
new-swa-2,kb-data/output/Tracking_with_wakefields_in_dielectric_laser_acceleration_grating_structures,Tracking with wakefields in dielectric laser acceleration grating structures,"Thilo Egenolf, ∗ Uwe Niedermayer, and Oliver Boine-Frankenheim †; Institut f¨ ur Teilchenbeschleunigung und Elektromagnetische Felder (TEMF),; Technische Universit¨ at Darmstadt, Schlossgartenstrasse 8, D-64289 Darmstadt, Germany",,"November 8, 2019",s3://new-swa-2/kb-data/output/Tracking_with_wakefields_in_dielectric_laser_acceleration_grating_structures/structured.json,
new-swa-2,kb-data/output/Transition_radiation_in_photonic_topological_crystals_quasi-resonant_excitation_of_robust_edge_states_by_a_moving_charge,Transition radiation in photonic topological crystals: quasi-resonant excitation of robust edge states by a moving charge,"Yang Yu, 1 Kueifu Lai, 2, 1 Jiahang Shao, 3 John Power, 3 Manoel Conde, 3 Wanming Liu, 3 Scott Doran, 3 Chunguang Jing, 3 Eric Wisniewski, 3 and Gennady Shvets 1, ∗; School of Applied and Engineering Physics, Cornell University, Ithaca, NY 14853, USA 2 Department of Physics, University of Texas at Austin, Austin, TX 78712, USA. 3 Argonne National Laboratory, Lemont, Illinois 60439, USA (Dated: November 23, 2021); We start by developing a general formalism of guided waves' excitation by a TR mechanism as illustrated in Fig. 1, where a point electrical charge q is shown moving uniformly with velocity v , crossing the boundary at y = 0 between two different PhCs sharing the same crystal lattice, and exciting two counter-propagating edge states.",1712.08694,"November 23, 2021",s3://new-swa-2/kb-data/output/Transition_radiation_in_photonic_topological_crystals_quasi-resonant_excitation_of_robust_edge_states_by_a_moving_charge/structured.json,
new-swa-2,kb-data/output/Transverse_Beam_Envelope_Measurements_and_the_Limitations_of_the_3-Screen_Emittance_Method_for_Space-Charge_Dominated_Beams,Transverse Beam Envelope Measurements and the Limitations of the 3-Screen Emittance Method for SpaceCharge Dominated Beams.,"J. G. Power ∗ , H. Wang, M. E. Conde, W. Gai, R. Konecny, W. Liu, and Z. Yusof High Energy Physics Division, Argonne National Laboratory, Argonne, IL 60439, USA",,,s3://new-swa-2/kb-data/output/Transverse_Beam_Envelope_Measurements_and_the_Limitations_of_the_3-Screen_Emittance_Method_for_Space-Charge_Dominated_Beams/structured.json,
new-swa-2,kb-data/output/Travelling_Wakefield_Tube_THz_Source_Powered_by_Nonrelativistic_Electron_Beam,Travelling Wakefield Tube: THz Source Powered by Nonrelativistic Electron Beam,"Mitchell E. Schneider, 1, 2, 3, a) Emily Jevarjian, 2 Ben Sims, 1, 2 Alexander Altmark, 4 Bas van der Geer, 5 and Sergey V. Baryshev 1, b); 1) Department of Electrical and Computer Engineering, Michigan State University, MI 48824, USA; 2) Department of Physics and Astronomy, Michigan State University, East Lansing, MI 48824, USA",,,s3://new-swa-2/kb-data/output/Travelling_Wakefield_Tube_THz_Source_Powered_by_Nonrelativistic_Electron_Beam/structured.json,
new-swa-2,kb-data/output/VHEeP_A_very_high_energy_electron-proton_collider,VHEeP: A very high energy electron-proton collider,"A. Caldwell 1 and M. Wing 2; 1 Max Planck Institute for Physics, F¨ ohringer Ring 6, 80805 Munich, Germany 2 Department of Physics and Astronomy, UCL, Gower Street, London, WC1E 6BT, UK",1602.03089,,s3://new-swa-2/kb-data/output/VHEeP_A_very_high_energy_electron-proton_collider/structured.json,
new-swa-2,kb-data/output/Wake_fields_effects_in_dielectric_capillary,Wake fields e GLYPH<11> ects in dielectric capillary,"Wakefield structure, Dielectric capillary, Dielectric wakefield acceleration, Transverse electric field, Deceleration; Assiut University, Department of Physics, Faculty of Science, Assiut 71516, Egypt; April 27, 2022",,"April 27, 2022",s3://new-swa-2/kb-data/output/Wake_fields_effects_in_dielectric_capillary/structured.json,
new-swa-2,kb-data/output/Wake_fields_in_a_rectangular_dielectric-lined_accelerating_structure_with_transversal_isotropic_loading,WAKE FIELDS IN A RECTANGULAR DIELECTRIC-LINED ACCELERATING STRUCTURE WITH TRANSVERSAL ISOTROPIC LOADING,"I. L. Sheinman * , Yu. S. Sheinman, * ishejnman@yandex.ru; Saint-Petersburg Electro-Technical University «LETI», Saint-Petersburg, Russia distance  behind  the  driving  bunch  corresponds  to  an accelerating phase of the wake field.; Advantage in  usage  of  this  geometry  is  simplification of manufacturing techniques. Such structures (along with cylindrical structures) for generating electromagnetic radiation  and  producing  wakefield  acceleration  in  the frequency range 0.5-1.0 THz are considered [4]. In THz range,  the  planar  geometry  can  be  preferable  because  of difficulties of precise cylindrical structure manufacture.",,,s3://new-swa-2/kb-data/output/Wake_fields_in_a_rectangular_dielectric-lined_accelerating_structure_with_transversal_isotropic_loading/structured.json,
new-swa-2,kb-data/output/Wakefield_Acceleration_in_a_Jet_from_a_Neutrino_Driven_Accretion_Flow_around_a_Black_Hole,Wakefield Acceleration in a Jet from a Neutrino Driven Accretion Flow around a Black Hole,"Draft version February 22, 2022 Typeset using L A T E X modern style in AASTeX631; Yoshiaki Kato, 1 Toshikazu Ebisuzaki, 1 and Toshiki Tajima 2; 2-1 Hirosawa, Wako",1908.05993,"February 22, 2022",s3://new-swa-2/kb-data/output/Wakefield_Acceleration_in_a_Jet_from_a_Neutrino_Driven_Accretion_Flow_around_a_Black_Hole/structured.json,
new-swa-2,kb-data/output/Wakefield_Band_Partitioning_In_Linac_Structures,WAKEFIELD BAND PARTITIONING IN LINAC STRUCTURES,"R.M. Jones † , V. Dolgashev † , K.L.F. Bane † , and E. Lin ‡ Stanford Linear Accelerator Center, P.O. Box 20450, Stanford University, CA 94309; Paper presented XXI International Linear Accelerator Conference (LINAC2002),; Hotel Hyundai in Gyeongju, Korea. August 19 - August 23rd, 2002",,,s3://new-swa-2/kb-data/output/Wakefield_Band_Partitioning_In_Linac_Structures/structured.json,
new-swa-2,kb-data/output/Wakefield_assisted_bunch_compression_in_storage_rings,Wakefield assisted bunch compression in storage rings,"Sergey A. Antipov, Ilya Agapov, Igor Zagorodnov and François Lemery; Deutsches Elektronen-Synchrotron DESY, Notkestr. 85, 22607 Hamburg, Germany; Keywords: Beam dynamics, Accelerator applications",1810.11805,,s3://new-swa-2/kb-data/output/Wakefield_assisted_bunch_compression_in_storage_rings/structured.json,
new-swa-2,kb-data/output/Wakefield_damping_in_a_distributed_coupling_LINAC,Wakefield damping in a distributed coupling LINAC,"Evan Ericson, 1, 2 Alexej Grudiev, 1, ∗ Drew Bertwistle, 2, 3 and Mark J. Boland 2, 3; 1 CERN, European Organization for Nuclear Research, Geneva 1221, Switzerland; 2 Department of Physics and Engineering Physics, University of Saskatchewan, Saskatoon, Canada.",1807.10195,"January 9, 2023",s3://new-swa-2/kb-data/output/Wakefield_damping_in_a_distributed_coupling_LINAC/structured.json,
new-swa-2,kb-data/output/Wakefields_Generated_by_Electron_Beams_Passing_Through_a_Waveguide_Loaded_With_an_Active_Medium,Wakefields Generated by Electron Beams Passing Through a Waveguide Loaded With an Active Medium,"Andrey Tyukhtin 1 , Alexei Kanareykin 2 , Paul Schoessow 2; 1 Radiophysics Dep. of  St.Petersburg Univ., 1 Ul'yanovskaya, St.Petersburg, 198504, Russia 2 Euclid Techlabs LLC, 5900 Harper Rd., Solon OH 44139, USA; Keywords: active  medium,  wakefield,  Cherenkov  radiation,  waveguide,  resonant  dispersion, Gaussian beam.",,,s3://new-swa-2/kb-data/output/Wakefields_Generated_by_Electron_Beams_Passing_Through_a_Waveguide_Loaded_With_an_Active_Medium/structured.json,
new-swa-2,kb-data/output/Wakefields_in_Hollow_Channel_of_Magnetized_Plasma,Wakefields in Hollow Channel of Magnetized Plasma,"Saint Petersburg State University, 7/9 Universitetskaya nab., St. Petersburg, 199034 Russia; (Dated: November 27, 2024); In recent years, an essential progress has been achieved in particle acceleration within Plasma Wakefield Acceleration (PWFA) scheme. One of the most promising configuration of plasma - hollow plasma channel - has been investigated in a series of papers. For example, in [1] both electron and positron acceleration with gradients that are orders of magnitude larger than those achieved in conventional accelerators has been shown.",,"November 27, 2024",s3://new-swa-2/kb-data/output/Wakefields_in_Hollow_Channel_of_Magnetized_Plasma/structured.json,
new-swa-2,kb-data/output/Waveform_control_of_relativistic_electron_dynamics_in_an_underdense_plasma,Waveform control of relativistic electron dynamics in an underdense plasma,"Julius Huijts, 1, a) Lucas Rovige, 1, a) Igor A. Andriyash, 1 Aline Vernier, 1 Marie Ouill´ e, 1 Jaismeen Kaur, 1 Zhao Cheng, 1 Rodrigo Lopez-Martens, 1 and J´ erˆ ome Faure 1; LOA, CNRS, Ecole Polytechnique, ENSTA Paris, Institut Polytechnique de Paris, 181 Chemin de la Huni` ere et France des Joncherettes, 91120 Palaiseau, (Dated: 22 April 2021)",2010.15720,,s3://new-swa-2/kb-data/output/Waveform_control_of_relativistic_electron_dynamics_in_an_underdense_plasma/structured.json,
